Copyright 1986-2022 Xilinx, Inc. All Rights Reserved. Copyright 2022-2026 Advanced Micro Devices, Inc. All Rights Reserved.
---------------------------------------------------------------------------------------------------------------------------------------------------------------------------------------------------------------------------------------------------
| Tool Version : Vivado v.2026.1 (lin64) Build 6511674 Tue Jun 16 11:01:26 MDT 2026
| Date         : Thu Aug  6 20:17:24 2026
| Host         : steven-studio-System-Product-Name running 64-bit Ubuntu 24.04.3 LTS
| Command      : report_timing_summary -max_paths 10 -routable_nets -report_unconstrained -file matmul_top_rk_timing_summary_routed.rpt -pb matmul_top_rk_timing_summary_routed.pb -rpx matmul_top_rk_timing_summary_routed.rpx -warn_on_violation
| Design       : matmul_top_rk
| Device       : 7a200t-sbg484
| Speed File   : -1  PRODUCTION 1.23 2018-06-13
| Design State : Routed
---------------------------------------------------------------------------------------------------------------------------------------------------------------------------------------------------------------------------------------------------

Timing Summary Report

------------------------------------------------------------------------------------------------
| Timer Settings
| --------------
------------------------------------------------------------------------------------------------

  Enable Multi Corner Analysis               :  Yes
  Enable Pessimism Removal                   :  Yes
  Pessimism Removal Resolution               :  Nearest Common Node
  Enable Input Delay Default Clock           :  No
  Enable Preset / Clear Arcs                 :  No
  Disable Flight Delays                      :  No
  Ignore I/O Paths                           :  No
  Timing Early Launch at Borrowing Latches   :  No
  Borrow Time for Max Delay Exceptions       :  Yes
  Merge Timing Exceptions                    :  Yes
  Inter-SLR Compensation                     :  Conservative

  Corner  Analyze    Analyze    
  Name    Max Paths  Min Paths  
  ------  ---------  ---------  
  Slow    Yes        Yes        
  Fast    Yes        Yes        


------------------------------------------------------------------------------------------------
| Report Methodology
| ------------------
------------------------------------------------------------------------------------------------

Rule     Severity  Description                                 Violations  
-------  --------  ------------------------------------------  ----------  
SYNTH-6  Warning   Timing of a RAM block might be sub-optimal  32          

Note: This report is based on the most recent report_methodology run and may not be up-to-date. Run report_methodology on the current design for the latest report.



check_timing report

Table of Contents
-----------------
1. checking no_clock (0)
2. checking constant_clock (0)
3. checking pulse_width_clock (0)
4. checking unconstrained_internal_endpoints (0)
5. checking no_input_delay (2)
6. checking no_output_delay (2)
7. checking multiple_clock (0)
8. checking generated_clocks (0)
9. checking loops (0)
10. checking partial_input_delay (0)
11. checking partial_output_delay (0)
12. checking latch_loops (0)

1. checking no_clock (0)
------------------------
 There are 0 register/latch pins with no clock.


2. checking constant_clock (0)
------------------------------
 There are 0 register/latch pins with constant_clock.


3. checking pulse_width_clock (0)
---------------------------------
 There are 0 register/latch pins which need pulse_width check


4. checking unconstrained_internal_endpoints (0)
------------------------------------------------
 There are 0 pins that are not constrained for maximum delay.

 There are 0 pins that are not constrained for maximum delay due to constant clock.


5. checking no_input_delay (2)
------------------------------
 There are 2 input ports with no input delay specified. (HIGH)

 There are 0 input ports with no input delay but user has a false path constraint.


6. checking no_output_delay (2)
-------------------------------
 There are 2 ports with no output delay specified. (HIGH)

 There are 0 ports with no output delay but user has a false path constraint

 There are 0 ports with no output delay but with a timing clock defined on it or propagating through it


7. checking multiple_clock (0)
------------------------------
 There are 0 register/latch pins with multiple clocks.


8. checking generated_clocks (0)
--------------------------------
 There are 0 generated clocks that are not connected to a clock source.


9. checking loops (0)
---------------------
 There are 0 combinational loops in the design.


10. checking partial_input_delay (0)
------------------------------------
 There are 0 input ports with partial input delay specified.


11. checking partial_output_delay (0)
-------------------------------------
 There are 0 ports with partial output delay specified.


12. checking latch_loops (0)
----------------------------
 There are 0 combinational latch loops in the design through latch input



------------------------------------------------------------------------------------------------
| Design Timing Summary
| ---------------------
------------------------------------------------------------------------------------------------

    WNS(ns)      TNS(ns)  TNS Failing Endpoints  TNS Total Endpoints      WHS(ns)      THS(ns)  THS Failing Endpoints  THS Total Endpoints     WPWS(ns)     TPWS(ns)  TPWS Failing Endpoints  TPWS Total Endpoints  
    -------      -------  ---------------------  -------------------      -------      -------  ---------------------  -------------------     --------     --------  ----------------------  --------------------  
      2.007        0.000                      0                77841        0.018        0.000                      0                77841        3.000        0.000                       0                 44499  


All user specified timing constraints are met.


------------------------------------------------------------------------------------------------
| Clock Summary
| -------------
------------------------------------------------------------------------------------------------

Clock              Waveform(ns)       Period(ns)      Frequency(MHz)
-----              ------------       ----------      --------------
sys_clk_pin        {0.000 5.000}      10.000          100.000         
  clk_out20_unbuf  {0.000 12.500}     25.000          40.000          
  clkfb            {0.000 5.000}      10.000          100.000         


------------------------------------------------------------------------------------------------
| Intra Clock Table
| -----------------
------------------------------------------------------------------------------------------------

Clock                  WNS(ns)      TNS(ns)  TNS Failing Endpoints  TNS Total Endpoints      WHS(ns)      THS(ns)  THS Failing Endpoints  THS Total Endpoints     WPWS(ns)     TPWS(ns)  TPWS Failing Endpoints  TPWS Total Endpoints  
-----                  -------      -------  ---------------------  -------------------      -------      -------  ---------------------  -------------------     --------     --------  ----------------------  --------------------  
sys_clk_pin                                                                                                                                                          3.000        0.000                       0                     1  
  clk_out20_unbuf        2.007        0.000                      0                77841        0.018        0.000                      0                77841       11.520        0.000                       0                 44496  
  clkfb                                                                                                                                                              8.751        0.000                       0                     2  


------------------------------------------------------------------------------------------------
| Inter Clock Table
| -----------------
------------------------------------------------------------------------------------------------

From Clock    To Clock          WNS(ns)      TNS(ns)  TNS Failing Endpoints  TNS Total Endpoints      WHS(ns)      THS(ns)  THS Failing Endpoints  THS Total Endpoints  
----------    --------          -------      -------  ---------------------  -------------------      -------      -------  ---------------------  -------------------  


------------------------------------------------------------------------------------------------
| Other Path Groups Table
| -----------------------
------------------------------------------------------------------------------------------------

Path Group    From Clock    To Clock          WNS(ns)      TNS(ns)  TNS Failing Endpoints  TNS Total Endpoints      WHS(ns)      THS(ns)  THS Failing Endpoints  THS Total Endpoints  
----------    ----------    --------          -------      -------  ---------------------  -------------------      -------      -------  ---------------------  -------------------  


------------------------------------------------------------------------------------------------
| User Ignored Path Table
| -----------------------
------------------------------------------------------------------------------------------------

Path Group    From Clock    To Clock    
----------    ----------    --------    


------------------------------------------------------------------------------------------------
| Unconstrained Path Table
| ------------------------
------------------------------------------------------------------------------------------------

Path Group       From Clock       To Clock       
----------       ----------       --------       
(none)           clk_out20_unbuf                   
(none)                            clk_out20_unbuf  


------------------------------------------------------------------------------------------------
| Timing Details
| --------------
------------------------------------------------------------------------------------------------


---------------------------------------------------------------------------------------------------
From Clock:  sys_clk_pin
  To Clock:  sys_clk_pin

Setup :           NA  Failing Endpoints,  Worst Slack           NA  ,  Total Violation           NA
Hold  :           NA  Failing Endpoints,  Worst Slack           NA  ,  Total Violation           NA
PW    :            0  Failing Endpoints,  Worst Slack        3.000ns,  Total Violation        0.000ns
---------------------------------------------------------------------------------------------------


Pulse Width Checks
--------------------------------------------------------------------------------------
Clock Name:         sys_clk_pin
Waveform(ns):       { 0.000 5.000 }
Period(ns):         10.000
Sources:            { clk_pin100 }

Check Type        Corner  Lib Pin            Reference Pin  Required(ns)  Actual(ns)  Slack(ns)  Location         Pin
Min Period        n/a     MMCME2_ADV/CLKIN1  n/a            1.249         10.000      8.751      MMCME2_ADV_X1Y2  u_clk_gen/u_mmcm/CLKIN1
Max Period        n/a     MMCME2_ADV/CLKIN1  n/a            100.000       10.000      90.000     MMCME2_ADV_X1Y2  u_clk_gen/u_mmcm/CLKIN1
Low Pulse Width   Slow    MMCME2_ADV/CLKIN1  n/a            2.000         5.000       3.000      MMCME2_ADV_X1Y2  u_clk_gen/u_mmcm/CLKIN1
Low Pulse Width   Fast    MMCME2_ADV/CLKIN1  n/a            2.000         5.000       3.000      MMCME2_ADV_X1Y2  u_clk_gen/u_mmcm/CLKIN1
High Pulse Width  Slow    MMCME2_ADV/CLKIN1  n/a            2.000         5.000       3.000      MMCME2_ADV_X1Y2  u_clk_gen/u_mmcm/CLKIN1
High Pulse Width  Fast    MMCME2_ADV/CLKIN1  n/a            2.000         5.000       3.000      MMCME2_ADV_X1Y2  u_clk_gen/u_mmcm/CLKIN1



---------------------------------------------------------------------------------------------------
From Clock:  clk_out20_unbuf
  To Clock:  clk_out20_unbuf

Setup :            0  Failing Endpoints,  Worst Slack        2.007ns,  Total Violation        0.000ns
Hold  :            0  Failing Endpoints,  Worst Slack        0.018ns,  Total Violation        0.000ns
PW    :            0  Failing Endpoints,  Worst Slack       11.520ns,  Total Violation        0.000ns
---------------------------------------------------------------------------------------------------


Max Delay Paths
--------------------------------------------------------------------------------------
Slack (MET) :             2.007ns  (required time - arrival time)
  Source:                 u_iface1/u_matmul/grp_matmul_8x8x8_Pipeline_time_loop_fu_1296/ap_enable_reg_pp0_iter1_reg/C
                            (rising edge-triggered cell FDRE clocked by clk_out20_unbuf  {rise@0.000ns fall@12.500ns period=25.000ns})
  Destination:            u_iface1/u_matmul/grp_matmul_8x8x8_Pipeline_time_loop_fu_1296/a_in_32_fu_522_reg[22]/CE
                            (rising edge-triggered cell FDRE clocked by clk_out20_unbuf  {rise@0.000ns fall@12.500ns period=25.000ns})
  Path Group:             clk_out20_unbuf
  Path Type:              Setup (Max at Slow Process Corner)
  Requirement:            25.000ns  (clk_out20_unbuf rise@25.000ns - clk_out20_unbuf rise@0.000ns)
  Data Path Delay:        22.382ns  (logic 0.779ns (3.480%)  route 21.603ns (96.520%))
  Logic Levels:           1  (LUT2=1)
  Clock Path Skew:        -0.321ns (DCD - SCD + CPR)
    Destination Clock Delay (DCD):    5.999ns = ( 30.999 - 25.000 ) 
    Source Clock Delay      (SCD):    6.557ns
    Clock Pessimism Removal (CPR):    0.237ns
  Clock Uncertainty:      0.085ns  ((TSJ^2 + DJ^2)^1/2) / 2 + PE
    Total System Jitter     (TSJ):    0.071ns
    Discrete Jitter          (DJ):    0.154ns
    Phase Error              (PE):    0.000ns

    Location             Delay type                Incr(ns)  Path(ns)    Netlist Resource(s)
  -------------------------------------------------------------------    -------------------
                         (clock clk_out20_unbuf rise edge)
                                                      0.000     0.000 r  <hidden>
    R4                                                0.000     0.000 r  clk_pin100
                         net (fo=0)                   0.000     0.000    clk_pin100
    R4                   IBUF (Prop_ibuf_I_O)         1.475     1.475 r  clk_pin100_IBUF_inst/O
                         net (fo=1, routed)           1.233     2.708    u_clk_gen/clk_pin100_IBUF
    MMCME2_ADV_X1Y2      MMCME2_ADV (Prop_mmcme2_adv_CLKIN1_CLKOUT0)
                                                      0.088     2.796 r  u_clk_gen/u_mmcm/CLKOUT0
                         net (fo=1, routed)           1.808     4.605    u_clk_gen/clk_out20_unbuf
    BUFGCTRL_X0Y0        BUFG (Prop_bufg_I_O)         0.096     4.701 r  u_clk_gen/u_bufg/O
                         net (fo=44750, routed)       1.856     6.557    u_iface1/u_matmul/grp_matmul_8x8x8_Pipeline_time_loop_fu_1296/clk
    SLICE_X104Y94        FDRE                                         r  u_iface1/u_matmul/grp_matmul_8x8x8_Pipeline_time_loop_fu_1296/ap_enable_reg_pp0_iter1_reg/C
  -------------------------------------------------------------------    -------------------
    SLICE_X104Y94        FDRE (Prop_fdre_C_Q)         0.478     7.035 r  u_iface1/u_matmul/grp_matmul_8x8x8_Pipeline_time_loop_fu_1296/ap_enable_reg_pp0_iter1_reg/Q
                         net (fo=2, routed)           0.761     7.796    u_iface1/u_matmul/grp_matmul_8x8x8_Pipeline_time_loop_fu_1296/ap_enable_reg_pp0_iter1
    SLICE_X104Y93        LUT2 (Prop_lut2_I0_O)        0.301     8.097 r  u_iface1/u_matmul/grp_matmul_8x8x8_Pipeline_time_loop_fu_1296/b_in_51_fu_998[31]_i_2/O
                         net (fo=3584, routed)       20.842    28.939    u_iface1/u_matmul/grp_matmul_8x8x8_Pipeline_time_loop_fu_1296/a_in_10_fu_706[0]
    SLICE_X50Y187        FDRE                                         r  u_iface1/u_matmul/grp_matmul_8x8x8_Pipeline_time_loop_fu_1296/a_in_32_fu_522_reg[22]/CE
  -------------------------------------------------------------------    -------------------

                         (clock clk_out20_unbuf rise edge)
                                                     25.000    25.000 r  <hidden>
    R4                                                0.000    25.000 r  clk_pin100
                         net (fo=0)                   0.000    25.000    clk_pin100
    R4                   IBUF (Prop_ibuf_I_O)         1.405    26.405 r  clk_pin100_IBUF_inst/O
                         net (fo=1, routed)           1.162    27.567    u_clk_gen/clk_pin100_IBUF
    MMCME2_ADV_X1Y2      MMCME2_ADV (Prop_mmcme2_adv_CLKIN1_CLKOUT0)
                                                      0.083    27.650 r  u_clk_gen/u_mmcm/CLKOUT0
                         net (fo=1, routed)           1.723    29.373    u_clk_gen/clk_out20_unbuf
    BUFGCTRL_X0Y0        BUFG (Prop_bufg_I_O)         0.091    29.464 r  u_clk_gen/u_bufg/O
                         net (fo=44750, routed)       1.536    30.999    u_iface1/u_matmul/grp_matmul_8x8x8_Pipeline_time_loop_fu_1296/clk
    SLICE_X50Y187        FDRE                                         r  u_iface1/u_matmul/grp_matmul_8x8x8_Pipeline_time_loop_fu_1296/a_in_32_fu_522_reg[22]/C
                         clock pessimism              0.237    31.236    <hidden>
                         clock uncertainty           -0.085    31.152    <hidden>
    SLICE_X50Y187        FDRE (Setup_fdre_C_CE)      -0.205    30.947    u_iface1/u_matmul/grp_matmul_8x8x8_Pipeline_time_loop_fu_1296/a_in_32_fu_522_reg[22]
  -------------------------------------------------------------------
                         required time                         30.947    <hidden>
                         arrival time                         -28.939    <hidden>
  -------------------------------------------------------------------
                         slack                                  2.007    <hidden>

Slack (MET) :             2.007ns  (required time - arrival time)
  Source:                 u_iface1/u_matmul/grp_matmul_8x8x8_Pipeline_time_loop_fu_1296/ap_enable_reg_pp0_iter1_reg/C
                            (rising edge-triggered cell FDRE clocked by clk_out20_unbuf  {rise@0.000ns fall@12.500ns period=25.000ns})
  Destination:            u_iface1/u_matmul/grp_matmul_8x8x8_Pipeline_time_loop_fu_1296/a_in_32_fu_522_reg[5]/CE
                            (rising edge-triggered cell FDRE clocked by clk_out20_unbuf  {rise@0.000ns fall@12.500ns period=25.000ns})
  Path Group:             clk_out20_unbuf
  Path Type:              Setup (Max at Slow Process Corner)
  Requirement:            25.000ns  (clk_out20_unbuf rise@25.000ns - clk_out20_unbuf rise@0.000ns)
  Data Path Delay:        22.382ns  (logic 0.779ns (3.480%)  route 21.603ns (96.520%))
  Logic Levels:           1  (LUT2=1)
  Clock Path Skew:        -0.321ns (DCD - SCD + CPR)
    Destination Clock Delay (DCD):    5.999ns = ( 30.999 - 25.000 ) 
    Source Clock Delay      (SCD):    6.557ns
    Clock Pessimism Removal (CPR):    0.237ns
  Clock Uncertainty:      0.085ns  ((TSJ^2 + DJ^2)^1/2) / 2 + PE
    Total System Jitter     (TSJ):    0.071ns
    Discrete Jitter          (DJ):    0.154ns
    Phase Error              (PE):    0.000ns

    Location             Delay type                Incr(ns)  Path(ns)    Netlist Resource(s)
  -------------------------------------------------------------------    -------------------
                         (clock clk_out20_unbuf rise edge)
                                                      0.000     0.000 r  <hidden>
    R4                                                0.000     0.000 r  clk_pin100
                         net (fo=0)                   0.000     0.000    clk_pin100
    R4                   IBUF (Prop_ibuf_I_O)         1.475     1.475 r  clk_pin100_IBUF_inst/O
                         net (fo=1, routed)           1.233     2.708    u_clk_gen/clk_pin100_IBUF
    MMCME2_ADV_X1Y2      MMCME2_ADV (Prop_mmcme2_adv_CLKIN1_CLKOUT0)
                                                      0.088     2.796 r  u_clk_gen/u_mmcm/CLKOUT0
                         net (fo=1, routed)           1.808     4.605    u_clk_gen/clk_out20_unbuf
    BUFGCTRL_X0Y0        BUFG (Prop_bufg_I_O)         0.096     4.701 r  u_clk_gen/u_bufg/O
                         net (fo=44750, routed)       1.856     6.557    u_iface1/u_matmul/grp_matmul_8x8x8_Pipeline_time_loop_fu_1296/clk
    SLICE_X104Y94        FDRE                                         r  u_iface1/u_matmul/grp_matmul_8x8x8_Pipeline_time_loop_fu_1296/ap_enable_reg_pp0_iter1_reg/C
  -------------------------------------------------------------------    -------------------
    SLICE_X104Y94        FDRE (Prop_fdre_C_Q)         0.478     7.035 r  u_iface1/u_matmul/grp_matmul_8x8x8_Pipeline_time_loop_fu_1296/ap_enable_reg_pp0_iter1_reg/Q
                         net (fo=2, routed)           0.761     7.796    u_iface1/u_matmul/grp_matmul_8x8x8_Pipeline_time_loop_fu_1296/ap_enable_reg_pp0_iter1
    SLICE_X104Y93        LUT2 (Prop_lut2_I0_O)        0.301     8.097 r  u_iface1/u_matmul/grp_matmul_8x8x8_Pipeline_time_loop_fu_1296/b_in_51_fu_998[31]_i_2/O
                         net (fo=3584, routed)       20.842    28.939    u_iface1/u_matmul/grp_matmul_8x8x8_Pipeline_time_loop_fu_1296/a_in_10_fu_706[0]
    SLICE_X50Y187        FDRE                                         r  u_iface1/u_matmul/grp_matmul_8x8x8_Pipeline_time_loop_fu_1296/a_in_32_fu_522_reg[5]/CE
  -------------------------------------------------------------------    -------------------

                         (clock clk_out20_unbuf rise edge)
                                                     25.000    25.000 r  <hidden>
    R4                                                0.000    25.000 r  clk_pin100
                         net (fo=0)                   0.000    25.000    clk_pin100
    R4                   IBUF (Prop_ibuf_I_O)         1.405    26.405 r  clk_pin100_IBUF_inst/O
                         net (fo=1, routed)           1.162    27.567    u_clk_gen/clk_pin100_IBUF
    MMCME2_ADV_X1Y2      MMCME2_ADV (Prop_mmcme2_adv_CLKIN1_CLKOUT0)
                                                      0.083    27.650 r  u_clk_gen/u_mmcm/CLKOUT0
                         net (fo=1, routed)           1.723    29.373    u_clk_gen/clk_out20_unbuf
    BUFGCTRL_X0Y0        BUFG (Prop_bufg_I_O)         0.091    29.464 r  u_clk_gen/u_bufg/O
                         net (fo=44750, routed)       1.536    30.999    u_iface1/u_matmul/grp_matmul_8x8x8_Pipeline_time_loop_fu_1296/clk
    SLICE_X50Y187        FDRE                                         r  u_iface1/u_matmul/grp_matmul_8x8x8_Pipeline_time_loop_fu_1296/a_in_32_fu_522_reg[5]/C
                         clock pessimism              0.237    31.236    <hidden>
                         clock uncertainty           -0.085    31.152    <hidden>
    SLICE_X50Y187        FDRE (Setup_fdre_C_CE)      -0.205    30.947    u_iface1/u_matmul/grp_matmul_8x8x8_Pipeline_time_loop_fu_1296/a_in_32_fu_522_reg[5]
  -------------------------------------------------------------------
                         required time                         30.947    <hidden>
                         arrival time                         -28.939    <hidden>
  -------------------------------------------------------------------
                         slack                                  2.007    <hidden>

Slack (MET) :             2.158ns  (required time - arrival time)
  Source:                 u_iface1/u_matmul/grp_matmul_8x8x8_Pipeline_time_loop_fu_1296/ap_enable_reg_pp0_iter1_reg/C
                            (rising edge-triggered cell FDRE clocked by clk_out20_unbuf  {rise@0.000ns fall@12.500ns period=25.000ns})
  Destination:            u_iface1/u_matmul/grp_matmul_8x8x8_Pipeline_time_loop_fu_1296/a_in_32_fu_522_reg[10]/CE
                            (rising edge-triggered cell FDRE clocked by clk_out20_unbuf  {rise@0.000ns fall@12.500ns period=25.000ns})
  Path Group:             clk_out20_unbuf
  Path Type:              Setup (Max at Slow Process Corner)
  Requirement:            25.000ns  (clk_out20_unbuf rise@25.000ns - clk_out20_unbuf rise@0.000ns)
  Data Path Delay:        22.230ns  (logic 0.779ns (3.504%)  route 21.451ns (96.496%))
  Logic Levels:           1  (LUT2=1)
  Clock Path Skew:        -0.322ns (DCD - SCD + CPR)
    Destination Clock Delay (DCD):    5.998ns = ( 30.998 - 25.000 ) 
    Source Clock Delay      (SCD):    6.557ns
    Clock Pessimism Removal (CPR):    0.237ns
  Clock Uncertainty:      0.085ns  ((TSJ^2 + DJ^2)^1/2) / 2 + PE
    Total System Jitter     (TSJ):    0.071ns
    Discrete Jitter          (DJ):    0.154ns
    Phase Error              (PE):    0.000ns

    Location             Delay type                Incr(ns)  Path(ns)    Netlist Resource(s)
  -------------------------------------------------------------------    -------------------
                         (clock clk_out20_unbuf rise edge)
                                                      0.000     0.000 r  <hidden>
    R4                                                0.000     0.000 r  clk_pin100
                         net (fo=0)                   0.000     0.000    clk_pin100
    R4                   IBUF (Prop_ibuf_I_O)         1.475     1.475 r  clk_pin100_IBUF_inst/O
                         net (fo=1, routed)           1.233     2.708    u_clk_gen/clk_pin100_IBUF
    MMCME2_ADV_X1Y2      MMCME2_ADV (Prop_mmcme2_adv_CLKIN1_CLKOUT0)
                                                      0.088     2.796 r  u_clk_gen/u_mmcm/CLKOUT0
                         net (fo=1, routed)           1.808     4.605    u_clk_gen/clk_out20_unbuf
    BUFGCTRL_X0Y0        BUFG (Prop_bufg_I_O)         0.096     4.701 r  u_clk_gen/u_bufg/O
                         net (fo=44750, routed)       1.856     6.557    u_iface1/u_matmul/grp_matmul_8x8x8_Pipeline_time_loop_fu_1296/clk
    SLICE_X104Y94        FDRE                                         r  u_iface1/u_matmul/grp_matmul_8x8x8_Pipeline_time_loop_fu_1296/ap_enable_reg_pp0_iter1_reg/C
  -------------------------------------------------------------------    -------------------
    SLICE_X104Y94        FDRE (Prop_fdre_C_Q)         0.478     7.035 r  u_iface1/u_matmul/grp_matmul_8x8x8_Pipeline_time_loop_fu_1296/ap_enable_reg_pp0_iter1_reg/Q
                         net (fo=2, routed)           0.761     7.796    u_iface1/u_matmul/grp_matmul_8x8x8_Pipeline_time_loop_fu_1296/ap_enable_reg_pp0_iter1
    SLICE_X104Y93        LUT2 (Prop_lut2_I0_O)        0.301     8.097 r  u_iface1/u_matmul/grp_matmul_8x8x8_Pipeline_time_loop_fu_1296/b_in_51_fu_998[31]_i_2/O
                         net (fo=3584, routed)       20.690    28.787    u_iface1/u_matmul/grp_matmul_8x8x8_Pipeline_time_loop_fu_1296/a_in_10_fu_706[0]
    SLICE_X54Y187        FDRE                                         r  u_iface1/u_matmul/grp_matmul_8x8x8_Pipeline_time_loop_fu_1296/a_in_32_fu_522_reg[10]/CE
  -------------------------------------------------------------------    -------------------

                         (clock clk_out20_unbuf rise edge)
                                                     25.000    25.000 r  <hidden>
    R4                                                0.000    25.000 r  clk_pin100
                         net (fo=0)                   0.000    25.000    clk_pin100
    R4                   IBUF (Prop_ibuf_I_O)         1.405    26.405 r  clk_pin100_IBUF_inst/O
                         net (fo=1, routed)           1.162    27.567    u_clk_gen/clk_pin100_IBUF
    MMCME2_ADV_X1Y2      MMCME2_ADV (Prop_mmcme2_adv_CLKIN1_CLKOUT0)
                                                      0.083    27.650 r  u_clk_gen/u_mmcm/CLKOUT0
                         net (fo=1, routed)           1.723    29.373    u_clk_gen/clk_out20_unbuf
    BUFGCTRL_X0Y0        BUFG (Prop_bufg_I_O)         0.091    29.464 r  u_clk_gen/u_bufg/O
                         net (fo=44750, routed)       1.535    30.998    u_iface1/u_matmul/grp_matmul_8x8x8_Pipeline_time_loop_fu_1296/clk
    SLICE_X54Y187        FDRE                                         r  u_iface1/u_matmul/grp_matmul_8x8x8_Pipeline_time_loop_fu_1296/a_in_32_fu_522_reg[10]/C
                         clock pessimism              0.237    31.235    <hidden>
                         clock uncertainty           -0.085    31.151    <hidden>
    SLICE_X54Y187        FDRE (Setup_fdre_C_CE)      -0.205    30.946    u_iface1/u_matmul/grp_matmul_8x8x8_Pipeline_time_loop_fu_1296/a_in_32_fu_522_reg[10]
  -------------------------------------------------------------------
                         required time                         30.946    <hidden>
                         arrival time                         -28.787    <hidden>
  -------------------------------------------------------------------
                         slack                                  2.158    <hidden>

Slack (MET) :             2.158ns  (required time - arrival time)
  Source:                 u_iface1/u_matmul/grp_matmul_8x8x8_Pipeline_time_loop_fu_1296/ap_enable_reg_pp0_iter1_reg/C
                            (rising edge-triggered cell FDRE clocked by clk_out20_unbuf  {rise@0.000ns fall@12.500ns period=25.000ns})
  Destination:            u_iface1/u_matmul/grp_matmul_8x8x8_Pipeline_time_loop_fu_1296/a_in_32_fu_522_reg[15]/CE
                            (rising edge-triggered cell FDRE clocked by clk_out20_unbuf  {rise@0.000ns fall@12.500ns period=25.000ns})
  Path Group:             clk_out20_unbuf
  Path Type:              Setup (Max at Slow Process Corner)
  Requirement:            25.000ns  (clk_out20_unbuf rise@25.000ns - clk_out20_unbuf rise@0.000ns)
  Data Path Delay:        22.230ns  (logic 0.779ns (3.504%)  route 21.451ns (96.496%))
  Logic Levels:           1  (LUT2=1)
  Clock Path Skew:        -0.322ns (DCD - SCD + CPR)
    Destination Clock Delay (DCD):    5.998ns = ( 30.998 - 25.000 ) 
    Source Clock Delay      (SCD):    6.557ns
    Clock Pessimism Removal (CPR):    0.237ns
  Clock Uncertainty:      0.085ns  ((TSJ^2 + DJ^2)^1/2) / 2 + PE
    Total System Jitter     (TSJ):    0.071ns
    Discrete Jitter          (DJ):    0.154ns
    Phase Error              (PE):    0.000ns

    Location             Delay type                Incr(ns)  Path(ns)    Netlist Resource(s)
  -------------------------------------------------------------------    -------------------
                         (clock clk_out20_unbuf rise edge)
                                                      0.000     0.000 r  <hidden>
    R4                                                0.000     0.000 r  clk_pin100
                         net (fo=0)                   0.000     0.000    clk_pin100
    R4                   IBUF (Prop_ibuf_I_O)         1.475     1.475 r  clk_pin100_IBUF_inst/O
                         net (fo=1, routed)           1.233     2.708    u_clk_gen/clk_pin100_IBUF
    MMCME2_ADV_X1Y2      MMCME2_ADV (Prop_mmcme2_adv_CLKIN1_CLKOUT0)
                                                      0.088     2.796 r  u_clk_gen/u_mmcm/CLKOUT0
                         net (fo=1, routed)           1.808     4.605    u_clk_gen/clk_out20_unbuf
    BUFGCTRL_X0Y0        BUFG (Prop_bufg_I_O)         0.096     4.701 r  u_clk_gen/u_bufg/O
                         net (fo=44750, routed)       1.856     6.557    u_iface1/u_matmul/grp_matmul_8x8x8_Pipeline_time_loop_fu_1296/clk
    SLICE_X104Y94        FDRE                                         r  u_iface1/u_matmul/grp_matmul_8x8x8_Pipeline_time_loop_fu_1296/ap_enable_reg_pp0_iter1_reg/C
  -------------------------------------------------------------------    -------------------
    SLICE_X104Y94        FDRE (Prop_fdre_C_Q)         0.478     7.035 r  u_iface1/u_matmul/grp_matmul_8x8x8_Pipeline_time_loop_fu_1296/ap_enable_reg_pp0_iter1_reg/Q
                         net (fo=2, routed)           0.761     7.796    u_iface1/u_matmul/grp_matmul_8x8x8_Pipeline_time_loop_fu_1296/ap_enable_reg_pp0_iter1
    SLICE_X104Y93        LUT2 (Prop_lut2_I0_O)        0.301     8.097 r  u_iface1/u_matmul/grp_matmul_8x8x8_Pipeline_time_loop_fu_1296/b_in_51_fu_998[31]_i_2/O
                         net (fo=3584, routed)       20.690    28.787    u_iface1/u_matmul/grp_matmul_8x8x8_Pipeline_time_loop_fu_1296/a_in_10_fu_706[0]
    SLICE_X54Y187        FDRE                                         r  u_iface1/u_matmul/grp_matmul_8x8x8_Pipeline_time_loop_fu_1296/a_in_32_fu_522_reg[15]/CE
  -------------------------------------------------------------------    -------------------

                         (clock clk_out20_unbuf rise edge)
                                                     25.000    25.000 r  <hidden>
    R4                                                0.000    25.000 r  clk_pin100
                         net (fo=0)                   0.000    25.000    clk_pin100
    R4                   IBUF (Prop_ibuf_I_O)         1.405    26.405 r  clk_pin100_IBUF_inst/O
                         net (fo=1, routed)           1.162    27.567    u_clk_gen/clk_pin100_IBUF
    MMCME2_ADV_X1Y2      MMCME2_ADV (Prop_mmcme2_adv_CLKIN1_CLKOUT0)
                                                      0.083    27.650 r  u_clk_gen/u_mmcm/CLKOUT0
                         net (fo=1, routed)           1.723    29.373    u_clk_gen/clk_out20_unbuf
    BUFGCTRL_X0Y0        BUFG (Prop_bufg_I_O)         0.091    29.464 r  u_clk_gen/u_bufg/O
                         net (fo=44750, routed)       1.535    30.998    u_iface1/u_matmul/grp_matmul_8x8x8_Pipeline_time_loop_fu_1296/clk
    SLICE_X54Y187        FDRE                                         r  u_iface1/u_matmul/grp_matmul_8x8x8_Pipeline_time_loop_fu_1296/a_in_32_fu_522_reg[15]/C
                         clock pessimism              0.237    31.235    <hidden>
                         clock uncertainty           -0.085    31.151    <hidden>
    SLICE_X54Y187        FDRE (Setup_fdre_C_CE)      -0.205    30.946    u_iface1/u_matmul/grp_matmul_8x8x8_Pipeline_time_loop_fu_1296/a_in_32_fu_522_reg[15]
  -------------------------------------------------------------------
                         required time                         30.946    <hidden>
                         arrival time                         -28.787    <hidden>
  -------------------------------------------------------------------
                         slack                                  2.158    <hidden>

Slack (MET) :             2.158ns  (required time - arrival time)
  Source:                 u_iface1/u_matmul/grp_matmul_8x8x8_Pipeline_time_loop_fu_1296/ap_enable_reg_pp0_iter1_reg/C
                            (rising edge-triggered cell FDRE clocked by clk_out20_unbuf  {rise@0.000ns fall@12.500ns period=25.000ns})
  Destination:            u_iface1/u_matmul/grp_matmul_8x8x8_Pipeline_time_loop_fu_1296/a_in_32_fu_522_reg[8]/CE
                            (rising edge-triggered cell FDRE clocked by clk_out20_unbuf  {rise@0.000ns fall@12.500ns period=25.000ns})
  Path Group:             clk_out20_unbuf
  Path Type:              Setup (Max at Slow Process Corner)
  Requirement:            25.000ns  (clk_out20_unbuf rise@25.000ns - clk_out20_unbuf rise@0.000ns)
  Data Path Delay:        22.230ns  (logic 0.779ns (3.504%)  route 21.451ns (96.496%))
  Logic Levels:           1  (LUT2=1)
  Clock Path Skew:        -0.322ns (DCD - SCD + CPR)
    Destination Clock Delay (DCD):    5.998ns = ( 30.998 - 25.000 ) 
    Source Clock Delay      (SCD):    6.557ns
    Clock Pessimism Removal (CPR):    0.237ns
  Clock Uncertainty:      0.085ns  ((TSJ^2 + DJ^2)^1/2) / 2 + PE
    Total System Jitter     (TSJ):    0.071ns
    Discrete Jitter          (DJ):    0.154ns
    Phase Error              (PE):    0.000ns

    Location             Delay type                Incr(ns)  Path(ns)    Netlist Resource(s)
  -------------------------------------------------------------------    -------------------
                         (clock clk_out20_unbuf rise edge)
                                                      0.000     0.000 r  <hidden>
    R4                                                0.000     0.000 r  clk_pin100
                         net (fo=0)                   0.000     0.000    clk_pin100
    R4                   IBUF (Prop_ibuf_I_O)         1.475     1.475 r  clk_pin100_IBUF_inst/O
                         net (fo=1, routed)           1.233     2.708    u_clk_gen/clk_pin100_IBUF
    MMCME2_ADV_X1Y2      MMCME2_ADV (Prop_mmcme2_adv_CLKIN1_CLKOUT0)
                                                      0.088     2.796 r  u_clk_gen/u_mmcm/CLKOUT0
                         net (fo=1, routed)           1.808     4.605    u_clk_gen/clk_out20_unbuf
    BUFGCTRL_X0Y0        BUFG (Prop_bufg_I_O)         0.096     4.701 r  u_clk_gen/u_bufg/O
                         net (fo=44750, routed)       1.856     6.557    u_iface1/u_matmul/grp_matmul_8x8x8_Pipeline_time_loop_fu_1296/clk
    SLICE_X104Y94        FDRE                                         r  u_iface1/u_matmul/grp_matmul_8x8x8_Pipeline_time_loop_fu_1296/ap_enable_reg_pp0_iter1_reg/C
  -------------------------------------------------------------------    -------------------
    SLICE_X104Y94        FDRE (Prop_fdre_C_Q)         0.478     7.035 r  u_iface1/u_matmul/grp_matmul_8x8x8_Pipeline_time_loop_fu_1296/ap_enable_reg_pp0_iter1_reg/Q
                         net (fo=2, routed)           0.761     7.796    u_iface1/u_matmul/grp_matmul_8x8x8_Pipeline_time_loop_fu_1296/ap_enable_reg_pp0_iter1
    SLICE_X104Y93        LUT2 (Prop_lut2_I0_O)        0.301     8.097 r  u_iface1/u_matmul/grp_matmul_8x8x8_Pipeline_time_loop_fu_1296/b_in_51_fu_998[31]_i_2/O
                         net (fo=3584, routed)       20.690    28.787    u_iface1/u_matmul/grp_matmul_8x8x8_Pipeline_time_loop_fu_1296/a_in_10_fu_706[0]
    SLICE_X54Y187        FDRE                                         r  u_iface1/u_matmul/grp_matmul_8x8x8_Pipeline_time_loop_fu_1296/a_in_32_fu_522_reg[8]/CE
  -------------------------------------------------------------------    -------------------

                         (clock clk_out20_unbuf rise edge)
                                                     25.000    25.000 r  <hidden>
    R4                                                0.000    25.000 r  clk_pin100
                         net (fo=0)                   0.000    25.000    clk_pin100
    R4                   IBUF (Prop_ibuf_I_O)         1.405    26.405 r  clk_pin100_IBUF_inst/O
                         net (fo=1, routed)           1.162    27.567    u_clk_gen/clk_pin100_IBUF
    MMCME2_ADV_X1Y2      MMCME2_ADV (Prop_mmcme2_adv_CLKIN1_CLKOUT0)
                                                      0.083    27.650 r  u_clk_gen/u_mmcm/CLKOUT0
                         net (fo=1, routed)           1.723    29.373    u_clk_gen/clk_out20_unbuf
    BUFGCTRL_X0Y0        BUFG (Prop_bufg_I_O)         0.091    29.464 r  u_clk_gen/u_bufg/O
                         net (fo=44750, routed)       1.535    30.998    u_iface1/u_matmul/grp_matmul_8x8x8_Pipeline_time_loop_fu_1296/clk
    SLICE_X54Y187        FDRE                                         r  u_iface1/u_matmul/grp_matmul_8x8x8_Pipeline_time_loop_fu_1296/a_in_32_fu_522_reg[8]/C
                         clock pessimism              0.237    31.235    <hidden>
                         clock uncertainty           -0.085    31.151    <hidden>
    SLICE_X54Y187        FDRE (Setup_fdre_C_CE)      -0.205    30.946    u_iface1/u_matmul/grp_matmul_8x8x8_Pipeline_time_loop_fu_1296/a_in_32_fu_522_reg[8]
  -------------------------------------------------------------------
                         required time                         30.946    <hidden>
                         arrival time                         -28.787    <hidden>
  -------------------------------------------------------------------
                         slack                                  2.158    <hidden>

Slack (MET) :             2.158ns  (required time - arrival time)
  Source:                 u_iface1/u_matmul/grp_matmul_8x8x8_Pipeline_time_loop_fu_1296/ap_enable_reg_pp0_iter1_reg/C
                            (rising edge-triggered cell FDRE clocked by clk_out20_unbuf  {rise@0.000ns fall@12.500ns period=25.000ns})
  Destination:            u_iface1/u_matmul/grp_matmul_8x8x8_Pipeline_time_loop_fu_1296/a_in_33_fu_866_reg[10]/CE
                            (rising edge-triggered cell FDRE clocked by clk_out20_unbuf  {rise@0.000ns fall@12.500ns period=25.000ns})
  Path Group:             clk_out20_unbuf
  Path Type:              Setup (Max at Slow Process Corner)
  Requirement:            25.000ns  (clk_out20_unbuf rise@25.000ns - clk_out20_unbuf rise@0.000ns)
  Data Path Delay:        22.230ns  (logic 0.779ns (3.504%)  route 21.451ns (96.496%))
  Logic Levels:           1  (LUT2=1)
  Clock Path Skew:        -0.322ns (DCD - SCD + CPR)
    Destination Clock Delay (DCD):    5.998ns = ( 30.998 - 25.000 ) 
    Source Clock Delay      (SCD):    6.557ns
    Clock Pessimism Removal (CPR):    0.237ns
  Clock Uncertainty:      0.085ns  ((TSJ^2 + DJ^2)^1/2) / 2 + PE
    Total System Jitter     (TSJ):    0.071ns
    Discrete Jitter          (DJ):    0.154ns
    Phase Error              (PE):    0.000ns

    Location             Delay type                Incr(ns)  Path(ns)    Netlist Resource(s)
  -------------------------------------------------------------------    -------------------
                         (clock clk_out20_unbuf rise edge)
                                                      0.000     0.000 r  <hidden>
    R4                                                0.000     0.000 r  clk_pin100
                         net (fo=0)                   0.000     0.000    clk_pin100
    R4                   IBUF (Prop_ibuf_I_O)         1.475     1.475 r  clk_pin100_IBUF_inst/O
                         net (fo=1, routed)           1.233     2.708    u_clk_gen/clk_pin100_IBUF
    MMCME2_ADV_X1Y2      MMCME2_ADV (Prop_mmcme2_adv_CLKIN1_CLKOUT0)
                                                      0.088     2.796 r  u_clk_gen/u_mmcm/CLKOUT0
                         net (fo=1, routed)           1.808     4.605    u_clk_gen/clk_out20_unbuf
    BUFGCTRL_X0Y0        BUFG (Prop_bufg_I_O)         0.096     4.701 r  u_clk_gen/u_bufg/O
                         net (fo=44750, routed)       1.856     6.557    u_iface1/u_matmul/grp_matmul_8x8x8_Pipeline_time_loop_fu_1296/clk
    SLICE_X104Y94        FDRE                                         r  u_iface1/u_matmul/grp_matmul_8x8x8_Pipeline_time_loop_fu_1296/ap_enable_reg_pp0_iter1_reg/C
  -------------------------------------------------------------------    -------------------
    SLICE_X104Y94        FDRE (Prop_fdre_C_Q)         0.478     7.035 r  u_iface1/u_matmul/grp_matmul_8x8x8_Pipeline_time_loop_fu_1296/ap_enable_reg_pp0_iter1_reg/Q
                         net (fo=2, routed)           0.761     7.796    u_iface1/u_matmul/grp_matmul_8x8x8_Pipeline_time_loop_fu_1296/ap_enable_reg_pp0_iter1
    SLICE_X104Y93        LUT2 (Prop_lut2_I0_O)        0.301     8.097 r  u_iface1/u_matmul/grp_matmul_8x8x8_Pipeline_time_loop_fu_1296/b_in_51_fu_998[31]_i_2/O
                         net (fo=3584, routed)       20.690    28.787    u_iface1/u_matmul/grp_matmul_8x8x8_Pipeline_time_loop_fu_1296/a_in_10_fu_706[0]
    SLICE_X54Y187        FDRE                                         r  u_iface1/u_matmul/grp_matmul_8x8x8_Pipeline_time_loop_fu_1296/a_in_33_fu_866_reg[10]/CE
  -------------------------------------------------------------------    -------------------

                         (clock clk_out20_unbuf rise edge)
                                                     25.000    25.000 r  <hidden>
    R4                                                0.000    25.000 r  clk_pin100
                         net (fo=0)                   0.000    25.000    clk_pin100
    R4                   IBUF (Prop_ibuf_I_O)         1.405    26.405 r  clk_pin100_IBUF_inst/O
                         net (fo=1, routed)           1.162    27.567    u_clk_gen/clk_pin100_IBUF
    MMCME2_ADV_X1Y2      MMCME2_ADV (Prop_mmcme2_adv_CLKIN1_CLKOUT0)
                                                      0.083    27.650 r  u_clk_gen/u_mmcm/CLKOUT0
                         net (fo=1, routed)           1.723    29.373    u_clk_gen/clk_out20_unbuf
    BUFGCTRL_X0Y0        BUFG (Prop_bufg_I_O)         0.091    29.464 r  u_clk_gen/u_bufg/O
                         net (fo=44750, routed)       1.535    30.998    u_iface1/u_matmul/grp_matmul_8x8x8_Pipeline_time_loop_fu_1296/clk
    SLICE_X54Y187        FDRE                                         r  u_iface1/u_matmul/grp_matmul_8x8x8_Pipeline_time_loop_fu_1296/a_in_33_fu_866_reg[10]/C
                         clock pessimism              0.237    31.235    <hidden>
                         clock uncertainty           -0.085    31.151    <hidden>
    SLICE_X54Y187        FDRE (Setup_fdre_C_CE)      -0.205    30.946    u_iface1/u_matmul/grp_matmul_8x8x8_Pipeline_time_loop_fu_1296/a_in_33_fu_866_reg[10]
  -------------------------------------------------------------------
                         required time                         30.946    <hidden>
                         arrival time                         -28.787    <hidden>
  -------------------------------------------------------------------
                         slack                                  2.158    <hidden>

Slack (MET) :             2.158ns  (required time - arrival time)
  Source:                 u_iface1/u_matmul/grp_matmul_8x8x8_Pipeline_time_loop_fu_1296/ap_enable_reg_pp0_iter1_reg/C
                            (rising edge-triggered cell FDRE clocked by clk_out20_unbuf  {rise@0.000ns fall@12.500ns period=25.000ns})
  Destination:            u_iface1/u_matmul/grp_matmul_8x8x8_Pipeline_time_loop_fu_1296/a_in_33_fu_866_reg[22]/CE
                            (rising edge-triggered cell FDRE clocked by clk_out20_unbuf  {rise@0.000ns fall@12.500ns period=25.000ns})
  Path Group:             clk_out20_unbuf
  Path Type:              Setup (Max at Slow Process Corner)
  Requirement:            25.000ns  (clk_out20_unbuf rise@25.000ns - clk_out20_unbuf rise@0.000ns)
  Data Path Delay:        22.230ns  (logic 0.779ns (3.504%)  route 21.451ns (96.496%))
  Logic Levels:           1  (LUT2=1)
  Clock Path Skew:        -0.322ns (DCD - SCD + CPR)
    Destination Clock Delay (DCD):    5.998ns = ( 30.998 - 25.000 ) 
    Source Clock Delay      (SCD):    6.557ns
    Clock Pessimism Removal (CPR):    0.237ns
  Clock Uncertainty:      0.085ns  ((TSJ^2 + DJ^2)^1/2) / 2 + PE
    Total System Jitter     (TSJ):    0.071ns
    Discrete Jitter          (DJ):    0.154ns
    Phase Error              (PE):    0.000ns

    Location             Delay type                Incr(ns)  Path(ns)    Netlist Resource(s)
  -------------------------------------------------------------------    -------------------
                         (clock clk_out20_unbuf rise edge)
                                                      0.000     0.000 r  <hidden>
    R4                                                0.000     0.000 r  clk_pin100
                         net (fo=0)                   0.000     0.000    clk_pin100
    R4                   IBUF (Prop_ibuf_I_O)         1.475     1.475 r  clk_pin100_IBUF_inst/O
                         net (fo=1, routed)           1.233     2.708    u_clk_gen/clk_pin100_IBUF
    MMCME2_ADV_X1Y2      MMCME2_ADV (Prop_mmcme2_adv_CLKIN1_CLKOUT0)
                                                      0.088     2.796 r  u_clk_gen/u_mmcm/CLKOUT0
                         net (fo=1, routed)           1.808     4.605    u_clk_gen/clk_out20_unbuf
    BUFGCTRL_X0Y0        BUFG (Prop_bufg_I_O)         0.096     4.701 r  u_clk_gen/u_bufg/O
                         net (fo=44750, routed)       1.856     6.557    u_iface1/u_matmul/grp_matmul_8x8x8_Pipeline_time_loop_fu_1296/clk
    SLICE_X104Y94        FDRE                                         r  u_iface1/u_matmul/grp_matmul_8x8x8_Pipeline_time_loop_fu_1296/ap_enable_reg_pp0_iter1_reg/C
  -------------------------------------------------------------------    -------------------
    SLICE_X104Y94        FDRE (Prop_fdre_C_Q)         0.478     7.035 r  u_iface1/u_matmul/grp_matmul_8x8x8_Pipeline_time_loop_fu_1296/ap_enable_reg_pp0_iter1_reg/Q
                         net (fo=2, routed)           0.761     7.796    u_iface1/u_matmul/grp_matmul_8x8x8_Pipeline_time_loop_fu_1296/ap_enable_reg_pp0_iter1
    SLICE_X104Y93        LUT2 (Prop_lut2_I0_O)        0.301     8.097 r  u_iface1/u_matmul/grp_matmul_8x8x8_Pipeline_time_loop_fu_1296/b_in_51_fu_998[31]_i_2/O
                         net (fo=3584, routed)       20.690    28.787    u_iface1/u_matmul/grp_matmul_8x8x8_Pipeline_time_loop_fu_1296/a_in_10_fu_706[0]
    SLICE_X54Y187        FDRE                                         r  u_iface1/u_matmul/grp_matmul_8x8x8_Pipeline_time_loop_fu_1296/a_in_33_fu_866_reg[22]/CE
  -------------------------------------------------------------------    -------------------

                         (clock clk_out20_unbuf rise edge)
                                                     25.000    25.000 r  <hidden>
    R4                                                0.000    25.000 r  clk_pin100
                         net (fo=0)                   0.000    25.000    clk_pin100
    R4                   IBUF (Prop_ibuf_I_O)         1.405    26.405 r  clk_pin100_IBUF_inst/O
                         net (fo=1, routed)           1.162    27.567    u_clk_gen/clk_pin100_IBUF
    MMCME2_ADV_X1Y2      MMCME2_ADV (Prop_mmcme2_adv_CLKIN1_CLKOUT0)
                                                      0.083    27.650 r  u_clk_gen/u_mmcm/CLKOUT0
                         net (fo=1, routed)           1.723    29.373    u_clk_gen/clk_out20_unbuf
    BUFGCTRL_X0Y0        BUFG (Prop_bufg_I_O)         0.091    29.464 r  u_clk_gen/u_bufg/O
                         net (fo=44750, routed)       1.535    30.998    u_iface1/u_matmul/grp_matmul_8x8x8_Pipeline_time_loop_fu_1296/clk
    SLICE_X54Y187        FDRE                                         r  u_iface1/u_matmul/grp_matmul_8x8x8_Pipeline_time_loop_fu_1296/a_in_33_fu_866_reg[22]/C
                         clock pessimism              0.237    31.235    <hidden>
                         clock uncertainty           -0.085    31.151    <hidden>
    SLICE_X54Y187        FDRE (Setup_fdre_C_CE)      -0.205    30.946    u_iface1/u_matmul/grp_matmul_8x8x8_Pipeline_time_loop_fu_1296/a_in_33_fu_866_reg[22]
  -------------------------------------------------------------------
                         required time                         30.946    <hidden>
                         arrival time                         -28.787    <hidden>
  -------------------------------------------------------------------
                         slack                                  2.158    <hidden>

Slack (MET) :             2.158ns  (required time - arrival time)
  Source:                 u_iface1/u_matmul/grp_matmul_8x8x8_Pipeline_time_loop_fu_1296/ap_enable_reg_pp0_iter1_reg/C
                            (rising edge-triggered cell FDRE clocked by clk_out20_unbuf  {rise@0.000ns fall@12.500ns period=25.000ns})
  Destination:            u_iface1/u_matmul/grp_matmul_8x8x8_Pipeline_time_loop_fu_1296/a_in_33_fu_866_reg[5]/CE
                            (rising edge-triggered cell FDRE clocked by clk_out20_unbuf  {rise@0.000ns fall@12.500ns period=25.000ns})
  Path Group:             clk_out20_unbuf
  Path Type:              Setup (Max at Slow Process Corner)
  Requirement:            25.000ns  (clk_out20_unbuf rise@25.000ns - clk_out20_unbuf rise@0.000ns)
  Data Path Delay:        22.230ns  (logic 0.779ns (3.504%)  route 21.451ns (96.496%))
  Logic Levels:           1  (LUT2=1)
  Clock Path Skew:        -0.322ns (DCD - SCD + CPR)
    Destination Clock Delay (DCD):    5.998ns = ( 30.998 - 25.000 ) 
    Source Clock Delay      (SCD):    6.557ns
    Clock Pessimism Removal (CPR):    0.237ns
  Clock Uncertainty:      0.085ns  ((TSJ^2 + DJ^2)^1/2) / 2 + PE
    Total System Jitter     (TSJ):    0.071ns
    Discrete Jitter          (DJ):    0.154ns
    Phase Error              (PE):    0.000ns

    Location             Delay type                Incr(ns)  Path(ns)    Netlist Resource(s)
  -------------------------------------------------------------------    -------------------
                         (clock clk_out20_unbuf rise edge)
                                                      0.000     0.000 r  <hidden>
    R4                                                0.000     0.000 r  clk_pin100
                         net (fo=0)                   0.000     0.000    clk_pin100
    R4                   IBUF (Prop_ibuf_I_O)         1.475     1.475 r  clk_pin100_IBUF_inst/O
                         net (fo=1, routed)           1.233     2.708    u_clk_gen/clk_pin100_IBUF
    MMCME2_ADV_X1Y2      MMCME2_ADV (Prop_mmcme2_adv_CLKIN1_CLKOUT0)
                                                      0.088     2.796 r  u_clk_gen/u_mmcm/CLKOUT0
                         net (fo=1, routed)           1.808     4.605    u_clk_gen/clk_out20_unbuf
    BUFGCTRL_X0Y0        BUFG (Prop_bufg_I_O)         0.096     4.701 r  u_clk_gen/u_bufg/O
                         net (fo=44750, routed)       1.856     6.557    u_iface1/u_matmul/grp_matmul_8x8x8_Pipeline_time_loop_fu_1296/clk
    SLICE_X104Y94        FDRE                                         r  u_iface1/u_matmul/grp_matmul_8x8x8_Pipeline_time_loop_fu_1296/ap_enable_reg_pp0_iter1_reg/C
  -------------------------------------------------------------------    -------------------
    SLICE_X104Y94        FDRE (Prop_fdre_C_Q)         0.478     7.035 r  u_iface1/u_matmul/grp_matmul_8x8x8_Pipeline_time_loop_fu_1296/ap_enable_reg_pp0_iter1_reg/Q
                         net (fo=2, routed)           0.761     7.796    u_iface1/u_matmul/grp_matmul_8x8x8_Pipeline_time_loop_fu_1296/ap_enable_reg_pp0_iter1
    SLICE_X104Y93        LUT2 (Prop_lut2_I0_O)        0.301     8.097 r  u_iface1/u_matmul/grp_matmul_8x8x8_Pipeline_time_loop_fu_1296/b_in_51_fu_998[31]_i_2/O
                         net (fo=3584, routed)       20.690    28.787    u_iface1/u_matmul/grp_matmul_8x8x8_Pipeline_time_loop_fu_1296/a_in_10_fu_706[0]
    SLICE_X54Y187        FDRE                                         r  u_iface1/u_matmul/grp_matmul_8x8x8_Pipeline_time_loop_fu_1296/a_in_33_fu_866_reg[5]/CE
  -------------------------------------------------------------------    -------------------

                         (clock clk_out20_unbuf rise edge)
                                                     25.000    25.000 r  <hidden>
    R4                                                0.000    25.000 r  clk_pin100
                         net (fo=0)                   0.000    25.000    clk_pin100
    R4                   IBUF (Prop_ibuf_I_O)         1.405    26.405 r  clk_pin100_IBUF_inst/O
                         net (fo=1, routed)           1.162    27.567    u_clk_gen/clk_pin100_IBUF
    MMCME2_ADV_X1Y2      MMCME2_ADV (Prop_mmcme2_adv_CLKIN1_CLKOUT0)
                                                      0.083    27.650 r  u_clk_gen/u_mmcm/CLKOUT0
                         net (fo=1, routed)           1.723    29.373    u_clk_gen/clk_out20_unbuf
    BUFGCTRL_X0Y0        BUFG (Prop_bufg_I_O)         0.091    29.464 r  u_clk_gen/u_bufg/O
                         net (fo=44750, routed)       1.535    30.998    u_iface1/u_matmul/grp_matmul_8x8x8_Pipeline_time_loop_fu_1296/clk
    SLICE_X54Y187        FDRE                                         r  u_iface1/u_matmul/grp_matmul_8x8x8_Pipeline_time_loop_fu_1296/a_in_33_fu_866_reg[5]/C
                         clock pessimism              0.237    31.235    <hidden>
                         clock uncertainty           -0.085    31.151    <hidden>
    SLICE_X54Y187        FDRE (Setup_fdre_C_CE)      -0.205    30.946    u_iface1/u_matmul/grp_matmul_8x8x8_Pipeline_time_loop_fu_1296/a_in_33_fu_866_reg[5]
  -------------------------------------------------------------------
                         required time                         30.946    <hidden>
                         arrival time                         -28.787    <hidden>
  -------------------------------------------------------------------
                         slack                                  2.158    <hidden>

Slack (MET) :             2.158ns  (required time - arrival time)
  Source:                 u_iface1/u_matmul/grp_matmul_8x8x8_Pipeline_time_loop_fu_1296/ap_enable_reg_pp0_iter1_reg/C
                            (rising edge-triggered cell FDRE clocked by clk_out20_unbuf  {rise@0.000ns fall@12.500ns period=25.000ns})
  Destination:            u_iface1/u_matmul/grp_matmul_8x8x8_Pipeline_time_loop_fu_1296/a_in_33_fu_866_reg[8]/CE
                            (rising edge-triggered cell FDRE clocked by clk_out20_unbuf  {rise@0.000ns fall@12.500ns period=25.000ns})
  Path Group:             clk_out20_unbuf
  Path Type:              Setup (Max at Slow Process Corner)
  Requirement:            25.000ns  (clk_out20_unbuf rise@25.000ns - clk_out20_unbuf rise@0.000ns)
  Data Path Delay:        22.230ns  (logic 0.779ns (3.504%)  route 21.451ns (96.496%))
  Logic Levels:           1  (LUT2=1)
  Clock Path Skew:        -0.322ns (DCD - SCD + CPR)
    Destination Clock Delay (DCD):    5.998ns = ( 30.998 - 25.000 ) 
    Source Clock Delay      (SCD):    6.557ns
    Clock Pessimism Removal (CPR):    0.237ns
  Clock Uncertainty:      0.085ns  ((TSJ^2 + DJ^2)^1/2) / 2 + PE
    Total System Jitter     (TSJ):    0.071ns
    Discrete Jitter          (DJ):    0.154ns
    Phase Error              (PE):    0.000ns

    Location             Delay type                Incr(ns)  Path(ns)    Netlist Resource(s)
  -------------------------------------------------------------------    -------------------
                         (clock clk_out20_unbuf rise edge)
                                                      0.000     0.000 r  <hidden>
    R4                                                0.000     0.000 r  clk_pin100
                         net (fo=0)                   0.000     0.000    clk_pin100
    R4                   IBUF (Prop_ibuf_I_O)         1.475     1.475 r  clk_pin100_IBUF_inst/O
                         net (fo=1, routed)           1.233     2.708    u_clk_gen/clk_pin100_IBUF
    MMCME2_ADV_X1Y2      MMCME2_ADV (Prop_mmcme2_adv_CLKIN1_CLKOUT0)
                                                      0.088     2.796 r  u_clk_gen/u_mmcm/CLKOUT0
                         net (fo=1, routed)           1.808     4.605    u_clk_gen/clk_out20_unbuf
    BUFGCTRL_X0Y0        BUFG (Prop_bufg_I_O)         0.096     4.701 r  u_clk_gen/u_bufg/O
                         net (fo=44750, routed)       1.856     6.557    u_iface1/u_matmul/grp_matmul_8x8x8_Pipeline_time_loop_fu_1296/clk
    SLICE_X104Y94        FDRE                                         r  u_iface1/u_matmul/grp_matmul_8x8x8_Pipeline_time_loop_fu_1296/ap_enable_reg_pp0_iter1_reg/C
  -------------------------------------------------------------------    -------------------
    SLICE_X104Y94        FDRE (Prop_fdre_C_Q)         0.478     7.035 r  u_iface1/u_matmul/grp_matmul_8x8x8_Pipeline_time_loop_fu_1296/ap_enable_reg_pp0_iter1_reg/Q
                         net (fo=2, routed)           0.761     7.796    u_iface1/u_matmul/grp_matmul_8x8x8_Pipeline_time_loop_fu_1296/ap_enable_reg_pp0_iter1
    SLICE_X104Y93        LUT2 (Prop_lut2_I0_O)        0.301     8.097 r  u_iface1/u_matmul/grp_matmul_8x8x8_Pipeline_time_loop_fu_1296/b_in_51_fu_998[31]_i_2/O
                         net (fo=3584, routed)       20.690    28.787    u_iface1/u_matmul/grp_matmul_8x8x8_Pipeline_time_loop_fu_1296/a_in_10_fu_706[0]
    SLICE_X54Y187        FDRE                                         r  u_iface1/u_matmul/grp_matmul_8x8x8_Pipeline_time_loop_fu_1296/a_in_33_fu_866_reg[8]/CE
  -------------------------------------------------------------------    -------------------

                         (clock clk_out20_unbuf rise edge)
                                                     25.000    25.000 r  <hidden>
    R4                                                0.000    25.000 r  clk_pin100
                         net (fo=0)                   0.000    25.000    clk_pin100
    R4                   IBUF (Prop_ibuf_I_O)         1.405    26.405 r  clk_pin100_IBUF_inst/O
                         net (fo=1, routed)           1.162    27.567    u_clk_gen/clk_pin100_IBUF
    MMCME2_ADV_X1Y2      MMCME2_ADV (Prop_mmcme2_adv_CLKIN1_CLKOUT0)
                                                      0.083    27.650 r  u_clk_gen/u_mmcm/CLKOUT0
                         net (fo=1, routed)           1.723    29.373    u_clk_gen/clk_out20_unbuf
    BUFGCTRL_X0Y0        BUFG (Prop_bufg_I_O)         0.091    29.464 r  u_clk_gen/u_bufg/O
                         net (fo=44750, routed)       1.535    30.998    u_iface1/u_matmul/grp_matmul_8x8x8_Pipeline_time_loop_fu_1296/clk
    SLICE_X54Y187        FDRE                                         r  u_iface1/u_matmul/grp_matmul_8x8x8_Pipeline_time_loop_fu_1296/a_in_33_fu_866_reg[8]/C
                         clock pessimism              0.237    31.235    <hidden>
                         clock uncertainty           -0.085    31.151    <hidden>
    SLICE_X54Y187        FDRE (Setup_fdre_C_CE)      -0.205    30.946    u_iface1/u_matmul/grp_matmul_8x8x8_Pipeline_time_loop_fu_1296/a_in_33_fu_866_reg[8]
  -------------------------------------------------------------------
                         required time                         30.946    <hidden>
                         arrival time                         -28.787    <hidden>
  -------------------------------------------------------------------
                         slack                                  2.158    <hidden>

Slack (MET) :             2.269ns  (required time - arrival time)
  Source:                 u_iface0/u_matmul/grp_matmul_8x8x8_Pipeline_time_loop_fu_1296/fadd_32ns_32ns_32_2_full_dsp_1_U28/din1_buf1_reg[2]/C
                            (rising edge-triggered cell FDRE clocked by clk_out20_unbuf  {rise@0.000ns fall@12.500ns period=25.000ns})
  Destination:            u_iface0/u_matmul/grp_matmul_8x8x8_Pipeline_time_loop_fu_1296/empty_33_fu_502_reg[21]/D
                            (rising edge-triggered cell FDRE clocked by clk_out20_unbuf  {rise@0.000ns fall@12.500ns period=25.000ns})
  Path Group:             clk_out20_unbuf
  Path Type:              Setup (Max at Slow Process Corner)
  Requirement:            25.000ns  (clk_out20_unbuf rise@25.000ns - clk_out20_unbuf rise@0.000ns)
  Data Path Delay:        22.620ns  (logic 11.194ns (49.487%)  route 11.426ns (50.513%))
  Logic Levels:           16  (CARRY4=6 DSP48E1=2 LUT3=2 LUT4=3 LUT5=1 LUT6=2)
  Clock Path Skew:        -0.058ns (DCD - SCD + CPR)
    Destination Clock Delay (DCD):    5.986ns = ( 30.986 - 25.000 ) 
    Source Clock Delay      (SCD):    6.360ns
    Clock Pessimism Removal (CPR):    0.315ns
  Clock Uncertainty:      0.085ns  ((TSJ^2 + DJ^2)^1/2) / 2 + PE
    Total System Jitter     (TSJ):    0.071ns
    Discrete Jitter          (DJ):    0.154ns
    Phase Error              (PE):    0.000ns

    Location             Delay type                Incr(ns)  Path(ns)    Netlist Resource(s)
  -------------------------------------------------------------------    -------------------
                         (clock clk_out20_unbuf rise edge)
                                                      0.000     0.000 r  <hidden>
    R4                                                0.000     0.000 r  clk_pin100
                         net (fo=0)                   0.000     0.000    clk_pin100
    R4                   IBUF (Prop_ibuf_I_O)         1.475     1.475 r  clk_pin100_IBUF_inst/O
                         net (fo=1, routed)           1.233     2.708    u_clk_gen/clk_pin100_IBUF
    MMCME2_ADV_X1Y2      MMCME2_ADV (Prop_mmcme2_adv_CLKIN1_CLKOUT0)
                                                      0.088     2.796 r  u_clk_gen/u_mmcm/CLKOUT0
                         net (fo=1, routed)           1.808     4.605    u_clk_gen/clk_out20_unbuf
    BUFGCTRL_X0Y0        BUFG (Prop_bufg_I_O)         0.096     4.701 r  u_clk_gen/u_bufg/O
                         net (fo=44750, routed)       1.659     6.360    u_iface0/u_matmul/grp_matmul_8x8x8_Pipeline_time_loop_fu_1296/fadd_32ns_32ns_32_2_full_dsp_1_U28/clk
    SLICE_X55Y151        FDRE                                         r  u_iface0/u_matmul/grp_matmul_8x8x8_Pipeline_time_loop_fu_1296/fadd_32ns_32ns_32_2_full_dsp_1_U28/din1_buf1_reg[2]/C
  -------------------------------------------------------------------    -------------------
    SLICE_X55Y151        FDRE (Prop_fdre_C_Q)         0.456     6.816 r  u_iface0/u_matmul/grp_matmul_8x8x8_Pipeline_time_loop_fu_1296/fadd_32ns_32ns_32_2_full_dsp_1_U28/din1_buf1_reg[2]/Q
                         net (fo=6, routed)           2.347     9.162    u_iface0/u_matmul/grp_matmul_8x8x8_Pipeline_time_loop_fu_1296/fadd_32ns_32ns_32_2_full_dsp_1_U28/matmul_8x8x8_fadd_32ns_32ns_32_2_full_dsp_1_ip_u/U0/<hidden>/<hidden>/<hidden>/<hidden>/<hidden>/<hidden>/<hidden>/<hidden>
    SLICE_X39Y174        LUT4 (Prop_lut4_I0_O)        0.124     9.286 r  u_iface0/u_matmul/grp_matmul_8x8x8_Pipeline_time_loop_fu_1296/fadd_32ns_32ns_32_2_full_dsp_1_U28/matmul_8x8x8_fadd_32ns_32ns_32_2_full_dsp_1_ip_u/U0/<hidden>/<hidden>/<hidden>/<hidden>/<hidden>/<hidden>/<hidden>/<hidden>/<hidden>
                         net (fo=1, routed)           0.000     9.286    u_iface0/u_matmul/grp_matmul_8x8x8_Pipeline_time_loop_fu_1296/fadd_32ns_32ns_32_2_full_dsp_1_U28/matmul_8x8x8_fadd_32ns_32ns_32_2_full_dsp_1_ip_u/U0/<hidden>/<hidden>/<hidden>/<hidden>/<hidden>/<hidden>/<hidden>/<hidden>
    SLICE_X39Y174        CARRY4 (Prop_carry4_S[1]_CO[3])
                                                      0.550     9.836 r  u_iface0/u_matmul/grp_matmul_8x8x8_Pipeline_time_loop_fu_1296/fadd_32ns_32ns_32_2_full_dsp_1_U28/matmul_8x8x8_fadd_32ns_32ns_32_2_full_dsp_1_ip_u/U0/<hidden>/<hidden>/<hidden>/<hidden>/<hidden>/<hidden>/<hidden>/<hidden>/<hidden>
                         net (fo=1, routed)           0.009     9.845    u_iface0/u_matmul/grp_matmul_8x8x8_Pipeline_time_loop_fu_1296/fadd_32ns_32ns_32_2_full_dsp_1_U28/matmul_8x8x8_fadd_32ns_32ns_32_2_full_dsp_1_ip_u/U0/<hidden>/<hidden>/<hidden>/<hidden>/<hidden>/<hidden>/<hidden>/<hidden>
    SLICE_X39Y175        CARRY4 (Prop_carry4_CI_CO[3])
                                                      0.114     9.959 r  u_iface0/u_matmul/grp_matmul_8x8x8_Pipeline_time_loop_fu_1296/fadd_32ns_32ns_32_2_full_dsp_1_U28/matmul_8x8x8_fadd_32ns_32ns_32_2_full_dsp_1_ip_u/U0/<hidden>/<hidden>/<hidden>/<hidden>/<hidden>/<hidden>/<hidden>/<hidden>/<hidden>
                         net (fo=1, routed)           0.000     9.959    u_iface0/u_matmul/grp_matmul_8x8x8_Pipeline_time_loop_fu_1296/fadd_32ns_32ns_32_2_full_dsp_1_U28/matmul_8x8x8_fadd_32ns_32ns_32_2_full_dsp_1_ip_u/U0/<hidden>/<hidden>/<hidden>/<hidden>/<hidden>/<hidden>/<hidden>/<hidden>
    SLICE_X39Y176        CARRY4 (Prop_carry4_CI_CO[3])
                                                      0.114    10.073 r  u_iface0/u_matmul/grp_matmul_8x8x8_Pipeline_time_loop_fu_1296/fadd_32ns_32ns_32_2_full_dsp_1_U28/matmul_8x8x8_fadd_32ns_32ns_32_2_full_dsp_1_ip_u/U0/<hidden>/<hidden>/<hidden>/<hidden>/<hidden>/<hidden>/<hidden>/<hidden>/<hidden>
                         net (fo=1, routed)           0.000    10.073    u_iface0/u_matmul/grp_matmul_8x8x8_Pipeline_time_loop_fu_1296/fadd_32ns_32ns_32_2_full_dsp_1_U28/matmul_8x8x8_fadd_32ns_32ns_32_2_full_dsp_1_ip_u/U0/<hidden>/<hidden>/<hidden>/<hidden>/<hidden>/<hidden>/<hidden>/<hidden>
    SLICE_X39Y177        CARRY4 (Prop_carry4_CI_CO[3])
                                                      0.114    10.187 r  u_iface0/u_matmul/grp_matmul_8x8x8_Pipeline_time_loop_fu_1296/fadd_32ns_32ns_32_2_full_dsp_1_U28/matmul_8x8x8_fadd_32ns_32ns_32_2_full_dsp_1_ip_u/U0/<hidden>/<hidden>/<hidden>/<hidden>/<hidden>/<hidden>/<hidden>/<hidden>/<hidden>
                         net (fo=54, routed)          1.253    11.440    u_iface0/u_matmul/grp_matmul_8x8x8_Pipeline_time_loop_fu_1296/fadd_32ns_32ns_32_2_full_dsp_1_U28/matmul_8x8x8_fadd_32ns_32ns_32_2_full_dsp_1_ip_u/U0/<hidden>/<hidden>/<hidden>/<hidden>/<hidden>/<hidden>/<hidden>/<hidden>
    SLICE_X42Y175        LUT3 (Prop_lut3_I2_O)        0.124    11.564 r  u_iface0/u_matmul/grp_matmul_8x8x8_Pipeline_time_loop_fu_1296/fadd_32ns_32ns_32_2_full_dsp_1_U28/matmul_8x8x8_fadd_32ns_32ns_32_2_full_dsp_1_ip_u/U0/<hidden>/<hidden>/<hidden>/<hidden>/<hidden>/<hidden>/<hidden>/<hidden>/<hidden>
                         net (fo=1, routed)           1.373    12.938    u_iface0/u_matmul/grp_matmul_8x8x8_Pipeline_time_loop_fu_1296/fadd_32ns_32ns_32_2_full_dsp_1_U28/matmul_8x8x8_fadd_32ns_32ns_32_2_full_dsp_1_ip_u/U0/<hidden>/<hidden>/<hidden>/<hidden>/<hidden>/<hidden>
    DSP48_X1Y71          DSP48E1 (Prop_dsp48e1_A[5]_PATTERNDETECT)
                                                      5.767    18.705 r  u_iface0/u_matmul/grp_matmul_8x8x8_Pipeline_time_loop_fu_1296/fadd_32ns_32ns_32_2_full_dsp_1_U28/matmul_8x8x8_fadd_32ns_32ns_32_2_full_dsp_1_ip_u/U0/<hidden>/<hidden>/<hidden>/<hidden>/<hidden>/<hidden>/<hidden>
                         net (fo=54, routed)          1.063    19.768    u_iface0/u_matmul/grp_matmul_8x8x8_Pipeline_time_loop_fu_1296/fadd_32ns_32ns_32_2_full_dsp_1_U28/matmul_8x8x8_fadd_32ns_32ns_32_2_full_dsp_1_ip_u/U0/<hidden>/<hidden>/<hidden>/<hidden>/<hidden>/<hidden>
    SLICE_X21Y177        LUT3 (Prop_lut3_I1_O)        0.124    19.892 f  u_iface0/u_matmul/grp_matmul_8x8x8_Pipeline_time_loop_fu_1296/fadd_32ns_32ns_32_2_full_dsp_1_U28/matmul_8x8x8_fadd_32ns_32ns_32_2_full_dsp_1_ip_u/U0/<hidden>/<hidden>/<hidden>/<hidden>/<hidden>/<hidden>/<hidden>
                         net (fo=4, routed)           1.144    21.035    u_iface0/u_matmul/grp_matmul_8x8x8_Pipeline_time_loop_fu_1296/fadd_32ns_32ns_32_2_full_dsp_1_U28/matmul_8x8x8_fadd_32ns_32ns_32_2_full_dsp_1_ip_u/U0/<hidden>/<hidden>/<hidden>/<hidden>/<hidden>/<hidden>
    SLICE_X21Y176        LUT4 (Prop_lut4_I3_O)        0.152    21.187 r  u_iface0/u_matmul/grp_matmul_8x8x8_Pipeline_time_loop_fu_1296/fadd_32ns_32ns_32_2_full_dsp_1_U28/matmul_8x8x8_fadd_32ns_32ns_32_2_full_dsp_1_ip_u/U0/<hidden>/<hidden>/<hidden>/<hidden>/<hidden>/<hidden>/<hidden>
                         net (fo=1, routed)           0.990    22.178    u_iface0/u_matmul/grp_matmul_8x8x8_Pipeline_time_loop_fu_1296/fadd_32ns_32ns_32_2_full_dsp_1_U28/matmul_8x8x8_fadd_32ns_32ns_32_2_full_dsp_1_ip_u/U0/<hidden>/<hidden>/<hidden>/<hidden>/<hidden>/<hidden>
    SLICE_X21Y176        LUT4 (Prop_lut4_I0_O)        0.332    22.510 r  u_iface0/u_matmul/grp_matmul_8x8x8_Pipeline_time_loop_fu_1296/fadd_32ns_32ns_32_2_full_dsp_1_U28/matmul_8x8x8_fadd_32ns_32ns_32_2_full_dsp_1_ip_u/U0/<hidden>/<hidden>/<hidden>/<hidden>/<hidden>/<hidden>/<hidden>
                         net (fo=1, routed)           0.310    22.820    u_iface0/u_matmul/grp_matmul_8x8x8_Pipeline_time_loop_fu_1296/fadd_32ns_32ns_32_2_full_dsp_1_U28/matmul_8x8x8_fadd_32ns_32ns_32_2_full_dsp_1_ip_u/U0/<hidden>/<hidden>/<hidden>/<hidden>/<hidden>/<hidden>
    SLICE_X22Y176        LUT6 (Prop_lut6_I1_O)        0.124    22.944 r  u_iface0/u_matmul/grp_matmul_8x8x8_Pipeline_time_loop_fu_1296/fadd_32ns_32ns_32_2_full_dsp_1_U28/matmul_8x8x8_fadd_32ns_32ns_32_2_full_dsp_1_ip_u/U0/<hidden>/<hidden>/<hidden>/<hidden>/<hidden>/<hidden>/<hidden>
                         net (fo=1, routed)           0.000    22.944    u_iface0/u_matmul/grp_matmul_8x8x8_Pipeline_time_loop_fu_1296/fadd_32ns_32ns_32_2_full_dsp_1_U28/matmul_8x8x8_fadd_32ns_32ns_32_2_full_dsp_1_ip_u/U0/<hidden>/<hidden>/<hidden>/<hidden>/<hidden>
    SLICE_X22Y176        CARRY4 (Prop_carry4_S[1]_CO[3])
                                                      0.533    23.477 r  u_iface0/u_matmul/grp_matmul_8x8x8_Pipeline_time_loop_fu_1296/fadd_32ns_32ns_32_2_full_dsp_1_U28/matmul_8x8x8_fadd_32ns_32ns_32_2_full_dsp_1_ip_u/U0/<hidden>/<hidden>/<hidden>/<hidden>/<hidden>/<hidden>
                         net (fo=1, routed)           0.000    23.477    u_iface0/u_matmul/grp_matmul_8x8x8_Pipeline_time_loop_fu_1296/fadd_32ns_32ns_32_2_full_dsp_1_U28/matmul_8x8x8_fadd_32ns_32ns_32_2_full_dsp_1_ip_u/U0/<hidden>/<hidden>/<hidden>/<hidden>/<hidden>
    SLICE_X22Y177        CARRY4 (Prop_carry4_CI_O[3])
                                                      0.315    23.792 r  u_iface0/u_matmul/grp_matmul_8x8x8_Pipeline_time_loop_fu_1296/fadd_32ns_32ns_32_2_full_dsp_1_U28/matmul_8x8x8_fadd_32ns_32ns_32_2_full_dsp_1_ip_u/U0/<hidden>/<hidden>/<hidden>/<hidden>/<hidden>/<hidden>
                         net (fo=3, routed)           0.715    24.507    u_iface0/u_matmul/grp_matmul_8x8x8_Pipeline_time_loop_fu_1296/fadd_32ns_32ns_32_2_full_dsp_1_U28/matmul_8x8x8_fadd_32ns_32ns_32_2_full_dsp_1_ip_u/U0/<hidden>/<hidden>/<hidden>/<hidden>/<hidden>/<hidden>
    DSP48_X1Y70          DSP48E1 (Prop_dsp48e1_C[34]_P[23])
                                                      2.003    26.510 r  u_iface0/u_matmul/grp_matmul_8x8x8_Pipeline_time_loop_fu_1296/fadd_32ns_32ns_32_2_full_dsp_1_U28/matmul_8x8x8_fadd_32ns_32ns_32_2_full_dsp_1_ip_u/U0/<hidden>/<hidden>/<hidden>/<hidden>/<hidden>/<hidden>/<hidden>
                         net (fo=1, routed)           1.520    28.030    u_iface0/u_matmul/grp_matmul_8x8x8_Pipeline_time_loop_fu_1296/fadd_32ns_32ns_32_2_full_dsp_1_U28/matmul_8x8x8_fadd_32ns_32ns_32_2_full_dsp_1_ip_u/U0/<hidden>/<hidden>/<hidden>/<hidden>/<hidden>/<hidden>
    SLICE_X42Y174        LUT6 (Prop_lut6_I0_O)        0.124    28.154 r  u_iface0/u_matmul/grp_matmul_8x8x8_Pipeline_time_loop_fu_1296/fadd_32ns_32ns_32_2_full_dsp_1_U28/matmul_8x8x8_fadd_32ns_32ns_32_2_full_dsp_1_ip_u/U0/<hidden>/<hidden>/<hidden>/<hidden>/<hidden>/<hidden>/<hidden>
                         net (fo=2, routed)           0.701    28.856    u_iface0/u_matmul/grp_matmul_8x8x8_Pipeline_time_loop_fu_1296/fadd_32ns_32ns_32_2_full_dsp_1_U28/grp_fu_2214_p2[21]
    SLICE_X43Y175        LUT5 (Prop_lut5_I1_O)        0.124    28.980 r  u_iface0/u_matmul/grp_matmul_8x8x8_Pipeline_time_loop_fu_1296/fadd_32ns_32ns_32_2_full_dsp_1_U28/empty_33_fu_502[21]_i_1__0/O
                         net (fo=1, routed)           0.000    28.980    u_iface0/u_matmul/grp_matmul_8x8x8_Pipeline_time_loop_fu_1296/fadd_32ns_32ns_32_2_full_dsp_1_U28_n_10
    SLICE_X43Y175        FDRE                                         r  u_iface0/u_matmul/grp_matmul_8x8x8_Pipeline_time_loop_fu_1296/empty_33_fu_502_reg[21]/D
  -------------------------------------------------------------------    -------------------

                         (clock clk_out20_unbuf rise edge)
                                                     25.000    25.000 r  <hidden>
    R4                                                0.000    25.000 r  clk_pin100
                         net (fo=0)                   0.000    25.000    clk_pin100
    R4                   IBUF (Prop_ibuf_I_O)         1.405    26.405 r  clk_pin100_IBUF_inst/O
                         net (fo=1, routed)           1.162    27.567    u_clk_gen/clk_pin100_IBUF
    MMCME2_ADV_X1Y2      MMCME2_ADV (Prop_mmcme2_adv_CLKIN1_CLKOUT0)
                                                      0.083    27.650 r  u_clk_gen/u_mmcm/CLKOUT0
                         net (fo=1, routed)           1.723    29.373    u_clk_gen/clk_out20_unbuf
    BUFGCTRL_X0Y0        BUFG (Prop_bufg_I_O)         0.091    29.464 r  u_clk_gen/u_bufg/O
                         net (fo=44750, routed)       1.523    30.986    u_iface0/u_matmul/grp_matmul_8x8x8_Pipeline_time_loop_fu_1296/clk
    SLICE_X43Y175        FDRE                                         r  u_iface0/u_matmul/grp_matmul_8x8x8_Pipeline_time_loop_fu_1296/empty_33_fu_502_reg[21]/C
                         clock pessimism              0.315    31.302    <hidden>
                         clock uncertainty           -0.085    31.217    <hidden>
    SLICE_X43Y175        FDRE (Setup_fdre_C_D)        0.031    31.248    u_iface0/u_matmul/grp_matmul_8x8x8_Pipeline_time_loop_fu_1296/empty_33_fu_502_reg[21]
  -------------------------------------------------------------------
                         required time                         31.248    <hidden>
                         arrival time                         -28.980    <hidden>
  -------------------------------------------------------------------
                         slack                                  2.269    <hidden>





Min Delay Paths
--------------------------------------------------------------------------------------
Slack (MET) :             0.018ns  (arrival time - required time)
  Source:                 u_iface1/u_matmul/grp_matmul_8x8x8_Pipeline_time_loop_fu_1296/b_in_fu_350_reg[24]/C
                            (rising edge-triggered cell FDRE clocked by clk_out20_unbuf  {rise@0.000ns fall@12.500ns period=25.000ns})
  Destination:            u_iface1/u_matmul/grp_matmul_8x8x8_Pipeline_time_loop_fu_1296/fmul_32ns_32ns_32_4_max_dsp_1_U65/din1_buf1_reg[24]/D
                            (rising edge-triggered cell FDRE clocked by clk_out20_unbuf  {rise@0.000ns fall@12.500ns period=25.000ns})
  Path Group:             clk_out20_unbuf
  Path Type:              Hold (Min at Fast Process Corner)
  Requirement:            0.000ns  (clk_out20_unbuf rise@0.000ns - clk_out20_unbuf rise@0.000ns)
  Data Path Delay:        0.288ns  (logic 0.141ns (49.037%)  route 0.147ns (50.963%))
  Logic Levels:           0  
  Clock Path Skew:        0.199ns (DCD - SCD - CPR)
    Destination Clock Delay (DCD):    2.429ns
    Source Clock Delay      (SCD):    1.943ns
    Clock Pessimism Removal (CPR):    0.286ns

    Location             Delay type                Incr(ns)  Path(ns)    Netlist Resource(s)
  -------------------------------------------------------------------    -------------------
                         (clock clk_out20_unbuf rise edge)
                                                      0.000     0.000 r  <hidden>
    R4                                                0.000     0.000 r  clk_pin100
                         net (fo=0)                   0.000     0.000    clk_pin100
    R4                   IBUF (Prop_ibuf_I_O)         0.243     0.243 r  clk_pin100_IBUF_inst/O
                         net (fo=1, routed)           0.440     0.683    u_clk_gen/clk_pin100_IBUF
    MMCME2_ADV_X1Y2      MMCME2_ADV (Prop_mmcme2_adv_CLKIN1_CLKOUT0)
                                                      0.050     0.733 r  u_clk_gen/u_mmcm/CLKOUT0
                         net (fo=1, routed)           0.531     1.264    u_clk_gen/clk_out20_unbuf
    BUFGCTRL_X0Y0        BUFG (Prop_bufg_I_O)         0.026     1.290 r  u_clk_gen/u_bufg/O
                         net (fo=44750, routed)       0.653     1.943    u_iface1/u_matmul/grp_matmul_8x8x8_Pipeline_time_loop_fu_1296/clk
    SLICE_X43Y99         FDRE                                         r  u_iface1/u_matmul/grp_matmul_8x8x8_Pipeline_time_loop_fu_1296/b_in_fu_350_reg[24]/C
  -------------------------------------------------------------------    -------------------
    SLICE_X43Y99         FDRE (Prop_fdre_C_Q)         0.141     2.084 r  u_iface1/u_matmul/grp_matmul_8x8x8_Pipeline_time_loop_fu_1296/b_in_fu_350_reg[24]/Q
                         net (fo=1, routed)           0.147     2.231    u_iface1/u_matmul/grp_matmul_8x8x8_Pipeline_time_loop_fu_1296/fmul_32ns_32ns_32_4_max_dsp_1_U65/din1_buf1_reg[31]_0[24]
    SLICE_X43Y100        FDRE                                         r  u_iface1/u_matmul/grp_matmul_8x8x8_Pipeline_time_loop_fu_1296/fmul_32ns_32ns_32_4_max_dsp_1_U65/din1_buf1_reg[24]/D
  -------------------------------------------------------------------    -------------------

                         (clock clk_out20_unbuf rise edge)
                                                      0.000     0.000 r  <hidden>
    R4                                                0.000     0.000 r  clk_pin100
                         net (fo=0)                   0.000     0.000    clk_pin100
    R4                   IBUF (Prop_ibuf_I_O)         0.431     0.431 r  clk_pin100_IBUF_inst/O
                         net (fo=1, routed)           0.480     0.911    u_clk_gen/clk_pin100_IBUF
    MMCME2_ADV_X1Y2      MMCME2_ADV (Prop_mmcme2_adv_CLKIN1_CLKOUT0)
                                                      0.053     0.964 r  u_clk_gen/u_mmcm/CLKOUT0
                         net (fo=1, routed)           0.579     1.543    u_clk_gen/clk_out20_unbuf
    BUFGCTRL_X0Y0        BUFG (Prop_bufg_I_O)         0.029     1.572 r  u_clk_gen/u_bufg/O
                         net (fo=44750, routed)       0.858     2.429    u_iface1/u_matmul/grp_matmul_8x8x8_Pipeline_time_loop_fu_1296/fmul_32ns_32ns_32_4_max_dsp_1_U65/clk
    SLICE_X43Y100        FDRE                                         r  u_iface1/u_matmul/grp_matmul_8x8x8_Pipeline_time_loop_fu_1296/fmul_32ns_32ns_32_4_max_dsp_1_U65/din1_buf1_reg[24]/C
                         clock pessimism             -0.286     2.143    <hidden>
    SLICE_X43Y100        FDRE (Hold_fdre_C_D)         0.070     2.213    u_iface1/u_matmul/grp_matmul_8x8x8_Pipeline_time_loop_fu_1296/fmul_32ns_32ns_32_4_max_dsp_1_U65/din1_buf1_reg[24]
  -------------------------------------------------------------------
                         required time                         -2.213    <hidden>
                         arrival time                           2.231    <hidden>
  -------------------------------------------------------------------
                         slack                                  0.018    <hidden>

Slack (MET) :             0.019ns  (arrival time - required time)
  Source:                 u_iface1/u_matmul/grp_matmul_8x8x8_Pipeline_time_loop_fu_1296/b_in_fu_350_reg[26]/C
                            (rising edge-triggered cell FDRE clocked by clk_out20_unbuf  {rise@0.000ns fall@12.500ns period=25.000ns})
  Destination:            u_iface1/u_matmul/grp_matmul_8x8x8_Pipeline_time_loop_fu_1296/fmul_32ns_32ns_32_4_max_dsp_1_U65/din1_buf1_reg[26]/D
                            (rising edge-triggered cell FDRE clocked by clk_out20_unbuf  {rise@0.000ns fall@12.500ns period=25.000ns})
  Path Group:             clk_out20_unbuf
  Path Type:              Hold (Min at Fast Process Corner)
  Requirement:            0.000ns  (clk_out20_unbuf rise@0.000ns - clk_out20_unbuf rise@0.000ns)
  Data Path Delay:        0.288ns  (logic 0.141ns (48.896%)  route 0.147ns (51.104%))
  Logic Levels:           0  
  Clock Path Skew:        0.199ns (DCD - SCD - CPR)
    Destination Clock Delay (DCD):    2.429ns
    Source Clock Delay      (SCD):    1.943ns
    Clock Pessimism Removal (CPR):    0.286ns

    Location             Delay type                Incr(ns)  Path(ns)    Netlist Resource(s)
  -------------------------------------------------------------------    -------------------
                         (clock clk_out20_unbuf rise edge)
                                                      0.000     0.000 r  <hidden>
    R4                                                0.000     0.000 r  clk_pin100
                         net (fo=0)                   0.000     0.000    clk_pin100
    R4                   IBUF (Prop_ibuf_I_O)         0.243     0.243 r  clk_pin100_IBUF_inst/O
                         net (fo=1, routed)           0.440     0.683    u_clk_gen/clk_pin100_IBUF
    MMCME2_ADV_X1Y2      MMCME2_ADV (Prop_mmcme2_adv_CLKIN1_CLKOUT0)
                                                      0.050     0.733 r  u_clk_gen/u_mmcm/CLKOUT0
                         net (fo=1, routed)           0.531     1.264    u_clk_gen/clk_out20_unbuf
    BUFGCTRL_X0Y0        BUFG (Prop_bufg_I_O)         0.026     1.290 r  u_clk_gen/u_bufg/O
                         net (fo=44750, routed)       0.653     1.943    u_iface1/u_matmul/grp_matmul_8x8x8_Pipeline_time_loop_fu_1296/clk
    SLICE_X43Y99         FDRE                                         r  u_iface1/u_matmul/grp_matmul_8x8x8_Pipeline_time_loop_fu_1296/b_in_fu_350_reg[26]/C
  -------------------------------------------------------------------    -------------------
    SLICE_X43Y99         FDRE (Prop_fdre_C_Q)         0.141     2.084 r  u_iface1/u_matmul/grp_matmul_8x8x8_Pipeline_time_loop_fu_1296/b_in_fu_350_reg[26]/Q
                         net (fo=1, routed)           0.147     2.232    u_iface1/u_matmul/grp_matmul_8x8x8_Pipeline_time_loop_fu_1296/fmul_32ns_32ns_32_4_max_dsp_1_U65/din1_buf1_reg[31]_0[26]
    SLICE_X43Y100        FDRE                                         r  u_iface1/u_matmul/grp_matmul_8x8x8_Pipeline_time_loop_fu_1296/fmul_32ns_32ns_32_4_max_dsp_1_U65/din1_buf1_reg[26]/D
  -------------------------------------------------------------------    -------------------

                         (clock clk_out20_unbuf rise edge)
                                                      0.000     0.000 r  <hidden>
    R4                                                0.000     0.000 r  clk_pin100
                         net (fo=0)                   0.000     0.000    clk_pin100
    R4                   IBUF (Prop_ibuf_I_O)         0.431     0.431 r  clk_pin100_IBUF_inst/O
                         net (fo=1, routed)           0.480     0.911    u_clk_gen/clk_pin100_IBUF
    MMCME2_ADV_X1Y2      MMCME2_ADV (Prop_mmcme2_adv_CLKIN1_CLKOUT0)
                                                      0.053     0.964 r  u_clk_gen/u_mmcm/CLKOUT0
                         net (fo=1, routed)           0.579     1.543    u_clk_gen/clk_out20_unbuf
    BUFGCTRL_X0Y0        BUFG (Prop_bufg_I_O)         0.029     1.572 r  u_clk_gen/u_bufg/O
                         net (fo=44750, routed)       0.858     2.429    u_iface1/u_matmul/grp_matmul_8x8x8_Pipeline_time_loop_fu_1296/fmul_32ns_32ns_32_4_max_dsp_1_U65/clk
    SLICE_X43Y100        FDRE                                         r  u_iface1/u_matmul/grp_matmul_8x8x8_Pipeline_time_loop_fu_1296/fmul_32ns_32ns_32_4_max_dsp_1_U65/din1_buf1_reg[26]/C
                         clock pessimism             -0.286     2.143    <hidden>
    SLICE_X43Y100        FDRE (Hold_fdre_C_D)         0.070     2.213    u_iface1/u_matmul/grp_matmul_8x8x8_Pipeline_time_loop_fu_1296/fmul_32ns_32ns_32_4_max_dsp_1_U65/din1_buf1_reg[26]
  -------------------------------------------------------------------
                         required time                         -2.213    <hidden>
                         arrival time                           2.232    <hidden>
  -------------------------------------------------------------------
                         slack                                  0.019    <hidden>

Slack (MET) :             0.025ns  (arrival time - required time)
  Source:                 u_iface0/u_matmul/grp_matmul_8x8x8_Pipeline_time_loop_fu_1296/b_in_28_fu_838_reg[23]/C
                            (rising edge-triggered cell FDRE clocked by clk_out20_unbuf  {rise@0.000ns fall@12.500ns period=25.000ns})
  Destination:            u_iface0/u_matmul/grp_matmul_8x8x8_Pipeline_time_loop_fu_1296/fmul_32ns_32ns_32_4_max_dsp_1_U93/din1_buf1_reg[23]/D
                            (rising edge-triggered cell FDRE clocked by clk_out20_unbuf  {rise@0.000ns fall@12.500ns period=25.000ns})
  Path Group:             clk_out20_unbuf
  Path Type:              Hold (Min at Fast Process Corner)
  Requirement:            0.000ns  (clk_out20_unbuf rise@0.000ns - clk_out20_unbuf rise@0.000ns)
  Data Path Delay:        0.356ns  (logic 0.141ns (39.612%)  route 0.215ns (60.388%))
  Logic Levels:           0  
  Clock Path Skew:        0.261ns (DCD - SCD - CPR)
    Destination Clock Delay (DCD):    2.399ns
    Source Clock Delay      (SCD):    1.852ns
    Clock Pessimism Removal (CPR):    0.286ns

    Location             Delay type                Incr(ns)  Path(ns)    Netlist Resource(s)
  -------------------------------------------------------------------    -------------------
                         (clock clk_out20_unbuf rise edge)
                                                      0.000     0.000 r  <hidden>
    R4                                                0.000     0.000 r  clk_pin100
                         net (fo=0)                   0.000     0.000    clk_pin100
    R4                   IBUF (Prop_ibuf_I_O)         0.243     0.243 r  clk_pin100_IBUF_inst/O
                         net (fo=1, routed)           0.440     0.683    u_clk_gen/clk_pin100_IBUF
    MMCME2_ADV_X1Y2      MMCME2_ADV (Prop_mmcme2_adv_CLKIN1_CLKOUT0)
                                                      0.050     0.733 r  u_clk_gen/u_mmcm/CLKOUT0
                         net (fo=1, routed)           0.531     1.264    u_clk_gen/clk_out20_unbuf
    BUFGCTRL_X0Y0        BUFG (Prop_bufg_I_O)         0.026     1.290 r  u_clk_gen/u_bufg/O
                         net (fo=44750, routed)       0.562     1.852    u_iface0/u_matmul/grp_matmul_8x8x8_Pipeline_time_loop_fu_1296/clk
    SLICE_X87Y114        FDRE                                         r  u_iface0/u_matmul/grp_matmul_8x8x8_Pipeline_time_loop_fu_1296/b_in_28_fu_838_reg[23]/C
  -------------------------------------------------------------------    -------------------
    SLICE_X87Y114        FDRE (Prop_fdre_C_Q)         0.141     1.993 r  u_iface0/u_matmul/grp_matmul_8x8x8_Pipeline_time_loop_fu_1296/b_in_28_fu_838_reg[23]/Q
                         net (fo=2, routed)           0.215     2.208    u_iface0/u_matmul/grp_matmul_8x8x8_Pipeline_time_loop_fu_1296/fmul_32ns_32ns_32_4_max_dsp_1_U93/din1_buf1_reg[31]_0[23]
    SLICE_X82Y116        FDRE                                         r  u_iface0/u_matmul/grp_matmul_8x8x8_Pipeline_time_loop_fu_1296/fmul_32ns_32ns_32_4_max_dsp_1_U93/din1_buf1_reg[23]/D
  -------------------------------------------------------------------    -------------------

                         (clock clk_out20_unbuf rise edge)
                                                      0.000     0.000 r  <hidden>
    R4                                                0.000     0.000 r  clk_pin100
                         net (fo=0)                   0.000     0.000    clk_pin100
    R4                   IBUF (Prop_ibuf_I_O)         0.431     0.431 r  clk_pin100_IBUF_inst/O
                         net (fo=1, routed)           0.480     0.911    u_clk_gen/clk_pin100_IBUF
    MMCME2_ADV_X1Y2      MMCME2_ADV (Prop_mmcme2_adv_CLKIN1_CLKOUT0)
                                                      0.053     0.964 r  u_clk_gen/u_mmcm/CLKOUT0
                         net (fo=1, routed)           0.579     1.543    u_clk_gen/clk_out20_unbuf
    BUFGCTRL_X0Y0        BUFG (Prop_bufg_I_O)         0.029     1.572 r  u_clk_gen/u_bufg/O
                         net (fo=44750, routed)       0.828     2.399    u_iface0/u_matmul/grp_matmul_8x8x8_Pipeline_time_loop_fu_1296/fmul_32ns_32ns_32_4_max_dsp_1_U93/clk
    SLICE_X82Y116        FDRE                                         r  u_iface0/u_matmul/grp_matmul_8x8x8_Pipeline_time_loop_fu_1296/fmul_32ns_32ns_32_4_max_dsp_1_U93/din1_buf1_reg[23]/C
                         clock pessimism             -0.286     2.113    <hidden>
    SLICE_X82Y116        FDRE (Hold_fdre_C_D)         0.070     2.183    u_iface0/u_matmul/grp_matmul_8x8x8_Pipeline_time_loop_fu_1296/fmul_32ns_32ns_32_4_max_dsp_1_U93/din1_buf1_reg[23]
  -------------------------------------------------------------------
                         required time                         -2.183    <hidden>
                         arrival time                           2.208    <hidden>
  -------------------------------------------------------------------
                         slack                                  0.025    <hidden>

Slack (MET) :             0.032ns  (arrival time - required time)
  Source:                 u_iface1/u_matmul/grp_matmul_8x8x8_Pipeline_time_loop_fu_1296/mul_5_2_reg_7986_reg[14]/C
                            (rising edge-triggered cell FDRE clocked by clk_out20_unbuf  {rise@0.000ns fall@12.500ns period=25.000ns})
  Destination:            u_iface1/u_matmul/grp_matmul_8x8x8_Pipeline_time_loop_fu_1296/fadd_32ns_32ns_32_2_full_dsp_1_U43/din1_buf1_reg[14]/D
                            (rising edge-triggered cell FDRE clocked by clk_out20_unbuf  {rise@0.000ns fall@12.500ns period=25.000ns})
  Path Group:             clk_out20_unbuf
  Path Type:              Hold (Min at Fast Process Corner)
  Requirement:            0.000ns  (clk_out20_unbuf rise@0.000ns - clk_out20_unbuf rise@0.000ns)
  Data Path Delay:        0.464ns  (logic 0.164ns (35.344%)  route 0.300ns (64.656%))
  Logic Levels:           0  
  Clock Path Skew:        0.362ns (DCD - SCD - CPR)
    Destination Clock Delay (DCD):    2.528ns
    Source Clock Delay      (SCD):    1.879ns
    Clock Pessimism Removal (CPR):    0.286ns

    Location             Delay type                Incr(ns)  Path(ns)    Netlist Resource(s)
  -------------------------------------------------------------------    -------------------
                         (clock clk_out20_unbuf rise edge)
                                                      0.000     0.000 r  <hidden>
    R4                                                0.000     0.000 r  clk_pin100
                         net (fo=0)                   0.000     0.000    clk_pin100
    R4                   IBUF (Prop_ibuf_I_O)         0.243     0.243 r  clk_pin100_IBUF_inst/O
                         net (fo=1, routed)           0.440     0.683    u_clk_gen/clk_pin100_IBUF
    MMCME2_ADV_X1Y2      MMCME2_ADV (Prop_mmcme2_adv_CLKIN1_CLKOUT0)
                                                      0.050     0.733 r  u_clk_gen/u_mmcm/CLKOUT0
                         net (fo=1, routed)           0.531     1.264    u_clk_gen/clk_out20_unbuf
    BUFGCTRL_X0Y0        BUFG (Prop_bufg_I_O)         0.026     1.290 r  u_clk_gen/u_bufg/O
                         net (fo=44750, routed)       0.589     1.879    u_iface1/u_matmul/grp_matmul_8x8x8_Pipeline_time_loop_fu_1296/clk
    SLICE_X108Y193       FDRE                                         r  u_iface1/u_matmul/grp_matmul_8x8x8_Pipeline_time_loop_fu_1296/mul_5_2_reg_7986_reg[14]/C
  -------------------------------------------------------------------    -------------------
    SLICE_X108Y193       FDRE (Prop_fdre_C_Q)         0.164     2.043 r  u_iface1/u_matmul/grp_matmul_8x8x8_Pipeline_time_loop_fu_1296/mul_5_2_reg_7986_reg[14]/Q
                         net (fo=1, routed)           0.300     2.343    u_iface1/u_matmul/grp_matmul_8x8x8_Pipeline_time_loop_fu_1296/fadd_32ns_32ns_32_2_full_dsp_1_U43/Q[14]
    SLICE_X114Y201       FDRE                                         r  u_iface1/u_matmul/grp_matmul_8x8x8_Pipeline_time_loop_fu_1296/fadd_32ns_32ns_32_2_full_dsp_1_U43/din1_buf1_reg[14]/D
  -------------------------------------------------------------------    -------------------

                         (clock clk_out20_unbuf rise edge)
                                                      0.000     0.000 r  <hidden>
    R4                                                0.000     0.000 r  clk_pin100
                         net (fo=0)                   0.000     0.000    clk_pin100
    R4                   IBUF (Prop_ibuf_I_O)         0.431     0.431 r  clk_pin100_IBUF_inst/O
                         net (fo=1, routed)           0.480     0.911    u_clk_gen/clk_pin100_IBUF
    MMCME2_ADV_X1Y2      MMCME2_ADV (Prop_mmcme2_adv_CLKIN1_CLKOUT0)
                                                      0.053     0.964 r  u_clk_gen/u_mmcm/CLKOUT0
                         net (fo=1, routed)           0.579     1.543    u_clk_gen/clk_out20_unbuf
    BUFGCTRL_X0Y0        BUFG (Prop_bufg_I_O)         0.029     1.572 r  u_clk_gen/u_bufg/O
                         net (fo=44750, routed)       0.956     2.528    u_iface1/u_matmul/grp_matmul_8x8x8_Pipeline_time_loop_fu_1296/fadd_32ns_32ns_32_2_full_dsp_1_U43/clk
    SLICE_X114Y201       FDRE                                         r  u_iface1/u_matmul/grp_matmul_8x8x8_Pipeline_time_loop_fu_1296/fadd_32ns_32ns_32_2_full_dsp_1_U43/din1_buf1_reg[14]/C
                         clock pessimism             -0.286     2.241    <hidden>
    SLICE_X114Y201       FDRE (Hold_fdre_C_D)         0.070     2.311    u_iface1/u_matmul/grp_matmul_8x8x8_Pipeline_time_loop_fu_1296/fadd_32ns_32ns_32_2_full_dsp_1_U43/din1_buf1_reg[14]
  -------------------------------------------------------------------
                         required time                         -2.311    <hidden>
                         arrival time                           2.343    <hidden>
  -------------------------------------------------------------------
                         slack                                  0.032    <hidden>

Slack (MET) :             0.035ns  (arrival time - required time)
  Source:                 u_iface1/u_matmul/grp_matmul_8x8x8_Pipeline_time_loop_fu_1296/a_in_38_fu_906_reg[9]/C
                            (rising edge-triggered cell FDRE clocked by clk_out20_unbuf  {rise@0.000ns fall@12.500ns period=25.000ns})
  Destination:            u_iface1/u_matmul/grp_matmul_8x8x8_Pipeline_time_loop_fu_1296/a_in_37_fu_898_reg[9]/D
                            (rising edge-triggered cell FDRE clocked by clk_out20_unbuf  {rise@0.000ns fall@12.500ns period=25.000ns})
  Path Group:             clk_out20_unbuf
  Path Type:              Hold (Min at Fast Process Corner)
  Requirement:            0.000ns  (clk_out20_unbuf rise@0.000ns - clk_out20_unbuf rise@0.000ns)
  Data Path Delay:        0.316ns  (logic 0.128ns (40.545%)  route 0.188ns (59.455%))
  Logic Levels:           0  
  Clock Path Skew:        0.263ns (DCD - SCD - CPR)
    Destination Clock Delay (DCD):    2.394ns
    Source Clock Delay      (SCD):    1.845ns
    Clock Pessimism Removal (CPR):    0.286ns

    Location             Delay type                Incr(ns)  Path(ns)    Netlist Resource(s)
  -------------------------------------------------------------------    -------------------
                         (clock clk_out20_unbuf rise edge)
                                                      0.000     0.000 r  <hidden>
    R4                                                0.000     0.000 r  clk_pin100
                         net (fo=0)                   0.000     0.000    clk_pin100
    R4                   IBUF (Prop_ibuf_I_O)         0.243     0.243 r  clk_pin100_IBUF_inst/O
                         net (fo=1, routed)           0.440     0.683    u_clk_gen/clk_pin100_IBUF
    MMCME2_ADV_X1Y2      MMCME2_ADV (Prop_mmcme2_adv_CLKIN1_CLKOUT0)
                                                      0.050     0.733 r  u_clk_gen/u_mmcm/CLKOUT0
                         net (fo=1, routed)           0.531     1.264    u_clk_gen/clk_out20_unbuf
    BUFGCTRL_X0Y0        BUFG (Prop_bufg_I_O)         0.026     1.290 r  u_clk_gen/u_bufg/O
                         net (fo=44750, routed)       0.555     1.845    u_iface1/u_matmul/grp_matmul_8x8x8_Pipeline_time_loop_fu_1296/clk
    SLICE_X87Y179        FDRE                                         r  u_iface1/u_matmul/grp_matmul_8x8x8_Pipeline_time_loop_fu_1296/a_in_38_fu_906_reg[9]/C
  -------------------------------------------------------------------    -------------------
    SLICE_X87Y179        FDRE (Prop_fdre_C_Q)         0.128     1.973 r  u_iface1/u_matmul/grp_matmul_8x8x8_Pipeline_time_loop_fu_1296/a_in_38_fu_906_reg[9]/Q
                         net (fo=2, routed)           0.188     2.161    u_iface1/u_matmul/grp_matmul_8x8x8_Pipeline_time_loop_fu_1296/a_in_38_fu_906[9]
    SLICE_X82Y180        FDRE                                         r  u_iface1/u_matmul/grp_matmul_8x8x8_Pipeline_time_loop_fu_1296/a_in_37_fu_898_reg[9]/D
  -------------------------------------------------------------------    -------------------

                         (clock clk_out20_unbuf rise edge)
                                                      0.000     0.000 r  <hidden>
    R4                                                0.000     0.000 r  clk_pin100
                         net (fo=0)                   0.000     0.000    clk_pin100
    R4                   IBUF (Prop_ibuf_I_O)         0.431     0.431 r  clk_pin100_IBUF_inst/O
                         net (fo=1, routed)           0.480     0.911    u_clk_gen/clk_pin100_IBUF
    MMCME2_ADV_X1Y2      MMCME2_ADV (Prop_mmcme2_adv_CLKIN1_CLKOUT0)
                                                      0.053     0.964 r  u_clk_gen/u_mmcm/CLKOUT0
                         net (fo=1, routed)           0.579     1.543    u_clk_gen/clk_out20_unbuf
    BUFGCTRL_X0Y0        BUFG (Prop_bufg_I_O)         0.029     1.572 r  u_clk_gen/u_bufg/O
                         net (fo=44750, routed)       0.822     2.394    u_iface1/u_matmul/grp_matmul_8x8x8_Pipeline_time_loop_fu_1296/clk
    SLICE_X82Y180        FDRE                                         r  u_iface1/u_matmul/grp_matmul_8x8x8_Pipeline_time_loop_fu_1296/a_in_37_fu_898_reg[9]/C
                         clock pessimism             -0.286     2.108    <hidden>
    SLICE_X82Y180        FDRE (Hold_fdre_C_D)         0.018     2.126    u_iface1/u_matmul/grp_matmul_8x8x8_Pipeline_time_loop_fu_1296/a_in_37_fu_898_reg[9]
  -------------------------------------------------------------------
                         required time                         -2.126    <hidden>
                         arrival time                           2.161    <hidden>
  -------------------------------------------------------------------
                         slack                                  0.035    <hidden>

Slack (MET) :             0.036ns  (arrival time - required time)
  Source:                 u_iface0/u_matmul/grp_matmul_8x8x8_Pipeline_time_loop_fu_1296/a_in_30_fu_850_reg[1]/C
                            (rising edge-triggered cell FDRE clocked by clk_out20_unbuf  {rise@0.000ns fall@12.500ns period=25.000ns})
  Destination:            u_iface0/u_matmul/grp_matmul_8x8x8_Pipeline_time_loop_fu_1296/fmul_32ns_32ns_32_4_max_dsp_1_U95/din0_buf1_reg[1]/D
                            (rising edge-triggered cell FDRE clocked by clk_out20_unbuf  {rise@0.000ns fall@12.500ns period=25.000ns})
  Path Group:             clk_out20_unbuf
  Path Type:              Hold (Min at Fast Process Corner)
  Requirement:            0.000ns  (clk_out20_unbuf rise@0.000ns - clk_out20_unbuf rise@0.000ns)
  Data Path Delay:        0.318ns  (logic 0.128ns (40.304%)  route 0.190ns (59.696%))
  Logic Levels:           0  
  Clock Path Skew:        0.266ns (DCD - SCD - CPR)
    Destination Clock Delay (DCD):    2.408ns
    Source Clock Delay      (SCD):    1.856ns
    Clock Pessimism Removal (CPR):    0.286ns

    Location             Delay type                Incr(ns)  Path(ns)    Netlist Resource(s)
  -------------------------------------------------------------------    -------------------
                         (clock clk_out20_unbuf rise edge)
                                                      0.000     0.000 r  <hidden>
    R4                                                0.000     0.000 r  clk_pin100
                         net (fo=0)                   0.000     0.000    clk_pin100
    R4                   IBUF (Prop_ibuf_I_O)         0.243     0.243 r  clk_pin100_IBUF_inst/O
                         net (fo=1, routed)           0.440     0.683    u_clk_gen/clk_pin100_IBUF
    MMCME2_ADV_X1Y2      MMCME2_ADV (Prop_mmcme2_adv_CLKIN1_CLKOUT0)
                                                      0.050     0.733 r  u_clk_gen/u_mmcm/CLKOUT0
                         net (fo=1, routed)           0.531     1.264    u_clk_gen/clk_out20_unbuf
    BUFGCTRL_X0Y0        BUFG (Prop_bufg_I_O)         0.026     1.290 r  u_clk_gen/u_bufg/O
                         net (fo=44750, routed)       0.566     1.856    u_iface0/u_matmul/grp_matmul_8x8x8_Pipeline_time_loop_fu_1296/clk
    SLICE_X86Y105        FDRE                                         r  u_iface0/u_matmul/grp_matmul_8x8x8_Pipeline_time_loop_fu_1296/a_in_30_fu_850_reg[1]/C
  -------------------------------------------------------------------    -------------------
    SLICE_X86Y105        FDRE (Prop_fdre_C_Q)         0.128     1.984 r  u_iface0/u_matmul/grp_matmul_8x8x8_Pipeline_time_loop_fu_1296/a_in_30_fu_850_reg[1]/Q
                         net (fo=2, routed)           0.190     2.173    u_iface0/u_matmul/grp_matmul_8x8x8_Pipeline_time_loop_fu_1296/fmul_32ns_32ns_32_4_max_dsp_1_U95/Q[1]
    SLICE_X79Y105        FDRE                                         r  u_iface0/u_matmul/grp_matmul_8x8x8_Pipeline_time_loop_fu_1296/fmul_32ns_32ns_32_4_max_dsp_1_U95/din0_buf1_reg[1]/D
  -------------------------------------------------------------------    -------------------

                         (clock clk_out20_unbuf rise edge)
                                                      0.000     0.000 r  <hidden>
    R4                                                0.000     0.000 r  clk_pin100
                         net (fo=0)                   0.000     0.000    clk_pin100
    R4                   IBUF (Prop_ibuf_I_O)         0.431     0.431 r  clk_pin100_IBUF_inst/O
                         net (fo=1, routed)           0.480     0.911    u_clk_gen/clk_pin100_IBUF
    MMCME2_ADV_X1Y2      MMCME2_ADV (Prop_mmcme2_adv_CLKIN1_CLKOUT0)
                                                      0.053     0.964 r  u_clk_gen/u_mmcm/CLKOUT0
                         net (fo=1, routed)           0.579     1.543    u_clk_gen/clk_out20_unbuf
    BUFGCTRL_X0Y0        BUFG (Prop_bufg_I_O)         0.029     1.572 r  u_clk_gen/u_bufg/O
                         net (fo=44750, routed)       0.837     2.408    u_iface0/u_matmul/grp_matmul_8x8x8_Pipeline_time_loop_fu_1296/fmul_32ns_32ns_32_4_max_dsp_1_U95/clk
    SLICE_X79Y105        FDRE                                         r  u_iface0/u_matmul/grp_matmul_8x8x8_Pipeline_time_loop_fu_1296/fmul_32ns_32ns_32_4_max_dsp_1_U95/din0_buf1_reg[1]/C
                         clock pessimism             -0.286     2.122    <hidden>
    SLICE_X79Y105        FDRE (Hold_fdre_C_D)         0.016     2.138    u_iface0/u_matmul/grp_matmul_8x8x8_Pipeline_time_loop_fu_1296/fmul_32ns_32ns_32_4_max_dsp_1_U95/din0_buf1_reg[1]
  -------------------------------------------------------------------
                         required time                         -2.138    <hidden>
                         arrival time                           2.173    <hidden>
  -------------------------------------------------------------------
                         slack                                  0.036    <hidden>

Slack (MET) :             0.036ns  (arrival time - required time)
  Source:                 u_iface1/u_matmul/grp_matmul_8x8x8_Pipeline_time_loop_fu_1296/b_in_31_fu_858_reg[11]/C
                            (rising edge-triggered cell FDRE clocked by clk_out20_unbuf  {rise@0.000ns fall@12.500ns period=25.000ns})
  Destination:            u_iface1/u_matmul/grp_matmul_8x8x8_Pipeline_time_loop_fu_1296/fmul_32ns_32ns_32_4_max_dsp_1_U96/din1_buf1_reg[11]/D
                            (rising edge-triggered cell FDRE clocked by clk_out20_unbuf  {rise@0.000ns fall@12.500ns period=25.000ns})
  Path Group:             clk_out20_unbuf
  Path Type:              Hold (Min at Fast Process Corner)
  Requirement:            0.000ns  (clk_out20_unbuf rise@0.000ns - clk_out20_unbuf rise@0.000ns)
  Data Path Delay:        0.373ns  (logic 0.141ns (37.797%)  route 0.232ns (62.203%))
  Logic Levels:           0  
  Clock Path Skew:        0.266ns (DCD - SCD - CPR)
    Destination Clock Delay (DCD):    2.408ns
    Source Clock Delay      (SCD):    1.856ns
    Clock Pessimism Removal (CPR):    0.286ns

    Location             Delay type                Incr(ns)  Path(ns)    Netlist Resource(s)
  -------------------------------------------------------------------    -------------------
                         (clock clk_out20_unbuf rise edge)
                                                      0.000     0.000 r  <hidden>
    R4                                                0.000     0.000 r  clk_pin100
                         net (fo=0)                   0.000     0.000    clk_pin100
    R4                   IBUF (Prop_ibuf_I_O)         0.243     0.243 r  clk_pin100_IBUF_inst/O
                         net (fo=1, routed)           0.440     0.683    u_clk_gen/clk_pin100_IBUF
    MMCME2_ADV_X1Y2      MMCME2_ADV (Prop_mmcme2_adv_CLKIN1_CLKOUT0)
                                                      0.050     0.733 r  u_clk_gen/u_mmcm/CLKOUT0
                         net (fo=1, routed)           0.531     1.264    u_clk_gen/clk_out20_unbuf
    BUFGCTRL_X0Y0        BUFG (Prop_bufg_I_O)         0.026     1.290 r  u_clk_gen/u_bufg/O
                         net (fo=44750, routed)       0.566     1.856    u_iface1/u_matmul/grp_matmul_8x8x8_Pipeline_time_loop_fu_1296/clk
    SLICE_X85Y144        FDRE                                         r  u_iface1/u_matmul/grp_matmul_8x8x8_Pipeline_time_loop_fu_1296/b_in_31_fu_858_reg[11]/C
  -------------------------------------------------------------------    -------------------
    SLICE_X85Y144        FDRE (Prop_fdre_C_Q)         0.141     1.997 r  u_iface1/u_matmul/grp_matmul_8x8x8_Pipeline_time_loop_fu_1296/b_in_31_fu_858_reg[11]/Q
                         net (fo=2, routed)           0.232     2.229    u_iface1/u_matmul/grp_matmul_8x8x8_Pipeline_time_loop_fu_1296/fmul_32ns_32ns_32_4_max_dsp_1_U96/Q[11]
    SLICE_X78Y145        FDRE                                         r  u_iface1/u_matmul/grp_matmul_8x8x8_Pipeline_time_loop_fu_1296/fmul_32ns_32ns_32_4_max_dsp_1_U96/din1_buf1_reg[11]/D
  -------------------------------------------------------------------    -------------------

                         (clock clk_out20_unbuf rise edge)
                                                      0.000     0.000 r  <hidden>
    R4                                                0.000     0.000 r  clk_pin100
                         net (fo=0)                   0.000     0.000    clk_pin100
    R4                   IBUF (Prop_ibuf_I_O)         0.431     0.431 r  clk_pin100_IBUF_inst/O
                         net (fo=1, routed)           0.480     0.911    u_clk_gen/clk_pin100_IBUF
    MMCME2_ADV_X1Y2      MMCME2_ADV (Prop_mmcme2_adv_CLKIN1_CLKOUT0)
                                                      0.053     0.964 r  u_clk_gen/u_mmcm/CLKOUT0
                         net (fo=1, routed)           0.579     1.543    u_clk_gen/clk_out20_unbuf
    BUFGCTRL_X0Y0        BUFG (Prop_bufg_I_O)         0.029     1.572 r  u_clk_gen/u_bufg/O
                         net (fo=44750, routed)       0.837     2.408    u_iface1/u_matmul/grp_matmul_8x8x8_Pipeline_time_loop_fu_1296/fmul_32ns_32ns_32_4_max_dsp_1_U96/clk
    SLICE_X78Y145        FDRE                                         r  u_iface1/u_matmul/grp_matmul_8x8x8_Pipeline_time_loop_fu_1296/fmul_32ns_32ns_32_4_max_dsp_1_U96/din1_buf1_reg[11]/C
                         clock pessimism             -0.286     2.122    <hidden>
    SLICE_X78Y145        FDRE (Hold_fdre_C_D)         0.071     2.193    u_iface1/u_matmul/grp_matmul_8x8x8_Pipeline_time_loop_fu_1296/fmul_32ns_32ns_32_4_max_dsp_1_U96/din1_buf1_reg[11]
  -------------------------------------------------------------------
                         required time                         -2.193    <hidden>
                         arrival time                           2.229    <hidden>
  -------------------------------------------------------------------
                         slack                                  0.036    <hidden>

Slack (MET) :             0.038ns  (arrival time - required time)
  Source:                 u_iface0/u_matmul/grp_matmul_8x8x8_Pipeline_time_loop_fu_1296/mul_1_2_reg_7826_reg[31]/C
                            (rising edge-triggered cell FDRE clocked by clk_out20_unbuf  {rise@0.000ns fall@12.500ns period=25.000ns})
  Destination:            u_iface0/u_matmul/grp_matmul_8x8x8_Pipeline_time_loop_fu_1296/fadd_32ns_32ns_32_2_full_dsp_1_U11/din1_buf1_reg[31]/D
                            (rising edge-triggered cell FDRE clocked by clk_out20_unbuf  {rise@0.000ns fall@12.500ns period=25.000ns})
  Path Group:             clk_out20_unbuf
  Path Type:              Hold (Min at Fast Process Corner)
  Requirement:            0.000ns  (clk_out20_unbuf rise@0.000ns - clk_out20_unbuf rise@0.000ns)
  Data Path Delay:        0.433ns  (logic 0.164ns (37.851%)  route 0.269ns (62.149%))
  Logic Levels:           0  
  Clock Path Skew:        0.342ns (DCD - SCD - CPR)
    Destination Clock Delay (DCD):    2.613ns
    Source Clock Delay      (SCD):    1.981ns
    Clock Pessimism Removal (CPR):    0.290ns

    Location             Delay type                Incr(ns)  Path(ns)    Netlist Resource(s)
  -------------------------------------------------------------------    -------------------
                         (clock clk_out20_unbuf rise edge)
                                                      0.000     0.000 r  <hidden>
    R4                                                0.000     0.000 r  clk_pin100
                         net (fo=0)                   0.000     0.000    clk_pin100
    R4                   IBUF (Prop_ibuf_I_O)         0.243     0.243 r  clk_pin100_IBUF_inst/O
                         net (fo=1, routed)           0.440     0.683    u_clk_gen/clk_pin100_IBUF
    MMCME2_ADV_X1Y2      MMCME2_ADV (Prop_mmcme2_adv_CLKIN1_CLKOUT0)
                                                      0.050     0.733 r  u_clk_gen/u_mmcm/CLKOUT0
                         net (fo=1, routed)           0.531     1.264    u_clk_gen/clk_out20_unbuf
    BUFGCTRL_X0Y0        BUFG (Prop_bufg_I_O)         0.026     1.290 r  u_clk_gen/u_bufg/O
                         net (fo=44750, routed)       0.691     1.981    u_iface0/u_matmul/grp_matmul_8x8x8_Pipeline_time_loop_fu_1296/clk
    SLICE_X22Y50         FDRE                                         r  u_iface0/u_matmul/grp_matmul_8x8x8_Pipeline_time_loop_fu_1296/mul_1_2_reg_7826_reg[31]/C
  -------------------------------------------------------------------    -------------------
    SLICE_X22Y50         FDRE (Prop_fdre_C_Q)         0.164     2.145 r  u_iface0/u_matmul/grp_matmul_8x8x8_Pipeline_time_loop_fu_1296/mul_1_2_reg_7826_reg[31]/Q
                         net (fo=1, routed)           0.269     2.415    u_iface0/u_matmul/grp_matmul_8x8x8_Pipeline_time_loop_fu_1296/fadd_32ns_32ns_32_2_full_dsp_1_U11/Q[31]
    SLICE_X20Y40         FDRE                                         r  u_iface0/u_matmul/grp_matmul_8x8x8_Pipeline_time_loop_fu_1296/fadd_32ns_32ns_32_2_full_dsp_1_U11/din1_buf1_reg[31]/D
  -------------------------------------------------------------------    -------------------

                         (clock clk_out20_unbuf rise edge)
                                                      0.000     0.000 r  <hidden>
    R4                                                0.000     0.000 r  clk_pin100
                         net (fo=0)                   0.000     0.000    clk_pin100
    R4                   IBUF (Prop_ibuf_I_O)         0.431     0.431 r  clk_pin100_IBUF_inst/O
                         net (fo=1, routed)           0.480     0.911    u_clk_gen/clk_pin100_IBUF
    MMCME2_ADV_X1Y2      MMCME2_ADV (Prop_mmcme2_adv_CLKIN1_CLKOUT0)
                                                      0.053     0.964 r  u_clk_gen/u_mmcm/CLKOUT0
                         net (fo=1, routed)           0.579     1.543    u_clk_gen/clk_out20_unbuf
    BUFGCTRL_X0Y0        BUFG (Prop_bufg_I_O)         0.029     1.572 r  u_clk_gen/u_bufg/O
                         net (fo=44750, routed)       1.042     2.613    u_iface0/u_matmul/grp_matmul_8x8x8_Pipeline_time_loop_fu_1296/fadd_32ns_32ns_32_2_full_dsp_1_U11/clk
    SLICE_X20Y40         FDRE                                         r  u_iface0/u_matmul/grp_matmul_8x8x8_Pipeline_time_loop_fu_1296/fadd_32ns_32ns_32_2_full_dsp_1_U11/din1_buf1_reg[31]/C
                         clock pessimism             -0.290     2.323    <hidden>
    SLICE_X20Y40         FDRE (Hold_fdre_C_D)         0.053     2.376    u_iface0/u_matmul/grp_matmul_8x8x8_Pipeline_time_loop_fu_1296/fadd_32ns_32ns_32_2_full_dsp_1_U11/din1_buf1_reg[31]
  -------------------------------------------------------------------
                         required time                         -2.376    <hidden>
                         arrival time                           2.415    <hidden>
  -------------------------------------------------------------------
                         slack                                  0.038    <hidden>

Slack (MET) :             0.038ns  (arrival time - required time)
  Source:                 u_iface1/u_matmul/bitcast_ln111_23_reg_2845_reg[18]/C
                            (rising edge-triggered cell FDRE clocked by clk_out20_unbuf  {rise@0.000ns fall@12.500ns period=25.000ns})
  Destination:            u_iface1/u_matmul/grp_matmul_8x8x8_Pipeline_time_loop_fu_1296/empty_46_fu_562_reg[18]/D
                            (rising edge-triggered cell FDRE clocked by clk_out20_unbuf  {rise@0.000ns fall@12.500ns period=25.000ns})
  Path Group:             clk_out20_unbuf
  Path Type:              Hold (Min at Fast Process Corner)
  Requirement:            0.000ns  (clk_out20_unbuf rise@0.000ns - clk_out20_unbuf rise@0.000ns)
  Data Path Delay:        0.492ns  (logic 0.186ns (37.829%)  route 0.306ns (62.171%))
  Logic Levels:           1  (LUT5=1)
  Clock Path Skew:        0.361ns (DCD - SCD - CPR)
    Destination Clock Delay (DCD):    2.530ns
    Source Clock Delay      (SCD):    1.882ns
    Clock Pessimism Removal (CPR):    0.286ns

    Location             Delay type                Incr(ns)  Path(ns)    Netlist Resource(s)
  -------------------------------------------------------------------    -------------------
                         (clock clk_out20_unbuf rise edge)
                                                      0.000     0.000 r  <hidden>
    R4                                                0.000     0.000 r  clk_pin100
                         net (fo=0)                   0.000     0.000    clk_pin100
    R4                   IBUF (Prop_ibuf_I_O)         0.243     0.243 r  clk_pin100_IBUF_inst/O
                         net (fo=1, routed)           0.440     0.683    u_clk_gen/clk_pin100_IBUF
    MMCME2_ADV_X1Y2      MMCME2_ADV (Prop_mmcme2_adv_CLKIN1_CLKOUT0)
                                                      0.050     0.733 r  u_clk_gen/u_mmcm/CLKOUT0
                         net (fo=1, routed)           0.531     1.264    u_clk_gen/clk_out20_unbuf
    BUFGCTRL_X0Y0        BUFG (Prop_bufg_I_O)         0.026     1.290 r  u_clk_gen/u_bufg/O
                         net (fo=44750, routed)       0.592     1.882    u_iface1/u_matmul/clk
    SLICE_X121Y197       FDRE                                         r  u_iface1/u_matmul/bitcast_ln111_23_reg_2845_reg[18]/C
  -------------------------------------------------------------------    -------------------
    SLICE_X121Y197       FDRE (Prop_fdre_C_Q)         0.141     2.023 r  u_iface1/u_matmul/bitcast_ln111_23_reg_2845_reg[18]/Q
                         net (fo=1, routed)           0.306     2.328    u_iface1/u_matmul/grp_matmul_8x8x8_Pipeline_time_loop_fu_1296/flow_control_loop_pipe_sequential_init_U/empty_46_fu_562_reg[31]_0[18]
    SLICE_X127Y205       LUT5 (Prop_lut5_I4_O)        0.045     2.373 r  u_iface1/u_matmul/grp_matmul_8x8x8_Pipeline_time_loop_fu_1296/flow_control_loop_pipe_sequential_init_U/empty_46_fu_562[18]_i_1/O
                         net (fo=1, routed)           0.000     2.373    u_iface1/u_matmul/grp_matmul_8x8x8_Pipeline_time_loop_fu_1296/empty_46_fu_562[18]
    SLICE_X127Y205       FDRE                                         r  u_iface1/u_matmul/grp_matmul_8x8x8_Pipeline_time_loop_fu_1296/empty_46_fu_562_reg[18]/D
  -------------------------------------------------------------------    -------------------

                         (clock clk_out20_unbuf rise edge)
                                                      0.000     0.000 r  <hidden>
    R4                                                0.000     0.000 r  clk_pin100
                         net (fo=0)                   0.000     0.000    clk_pin100
    R4                   IBUF (Prop_ibuf_I_O)         0.431     0.431 r  clk_pin100_IBUF_inst/O
                         net (fo=1, routed)           0.480     0.911    u_clk_gen/clk_pin100_IBUF
    MMCME2_ADV_X1Y2      MMCME2_ADV (Prop_mmcme2_adv_CLKIN1_CLKOUT0)
                                                      0.053     0.964 r  u_clk_gen/u_mmcm/CLKOUT0
                         net (fo=1, routed)           0.579     1.543    u_clk_gen/clk_out20_unbuf
    BUFGCTRL_X0Y0        BUFG (Prop_bufg_I_O)         0.029     1.572 r  u_clk_gen/u_bufg/O
                         net (fo=44750, routed)       0.958     2.530    u_iface1/u_matmul/grp_matmul_8x8x8_Pipeline_time_loop_fu_1296/clk
    SLICE_X127Y205       FDRE                                         r  u_iface1/u_matmul/grp_matmul_8x8x8_Pipeline_time_loop_fu_1296/empty_46_fu_562_reg[18]/C
                         clock pessimism             -0.286     2.243    <hidden>
    SLICE_X127Y205       FDRE (Hold_fdre_C_D)         0.092     2.335    u_iface1/u_matmul/grp_matmul_8x8x8_Pipeline_time_loop_fu_1296/empty_46_fu_562_reg[18]
  -------------------------------------------------------------------
                         required time                         -2.335    <hidden>
                         arrival time                           2.373    <hidden>
  -------------------------------------------------------------------
                         slack                                  0.038    <hidden>

Slack (MET) :             0.041ns  (arrival time - required time)
  Source:                 u_iface0/u_matmul/grp_matmul_8x8x8_Pipeline_time_loop_fu_1296/a_in_33_fu_866_reg[17]/C
                            (rising edge-triggered cell FDRE clocked by clk_out20_unbuf  {rise@0.000ns fall@12.500ns period=25.000ns})
  Destination:            u_iface0/u_matmul/grp_matmul_8x8x8_Pipeline_time_loop_fu_1296/fmul_32ns_32ns_32_4_max_dsp_1_U98/din0_buf1_reg[17]/D
                            (rising edge-triggered cell FDRE clocked by clk_out20_unbuf  {rise@0.000ns fall@12.500ns period=25.000ns})
  Path Group:             clk_out20_unbuf
  Path Type:              Hold (Min at Fast Process Corner)
  Requirement:            0.000ns  (clk_out20_unbuf rise@0.000ns - clk_out20_unbuf rise@0.000ns)
  Data Path Delay:        0.374ns  (logic 0.164ns (43.815%)  route 0.210ns (56.185%))
  Logic Levels:           0  
  Clock Path Skew:        0.264ns (DCD - SCD - CPR)
    Destination Clock Delay (DCD):    2.404ns
    Source Clock Delay      (SCD):    1.854ns
    Clock Pessimism Removal (CPR):    0.286ns

    Location             Delay type                Incr(ns)  Path(ns)    Netlist Resource(s)
  -------------------------------------------------------------------    -------------------
                         (clock clk_out20_unbuf rise edge)
                                                      0.000     0.000 r  <hidden>
    R4                                                0.000     0.000 r  clk_pin100
                         net (fo=0)                   0.000     0.000    clk_pin100
    R4                   IBUF (Prop_ibuf_I_O)         0.243     0.243 r  clk_pin100_IBUF_inst/O
                         net (fo=1, routed)           0.440     0.683    u_clk_gen/clk_pin100_IBUF
    MMCME2_ADV_X1Y2      MMCME2_ADV (Prop_mmcme2_adv_CLKIN1_CLKOUT0)
                                                      0.050     0.733 r  u_clk_gen/u_mmcm/CLKOUT0
                         net (fo=1, routed)           0.531     1.264    u_clk_gen/clk_out20_unbuf
    BUFGCTRL_X0Y0        BUFG (Prop_bufg_I_O)         0.026     1.290 r  u_clk_gen/u_bufg/O
                         net (fo=44750, routed)       0.564     1.854    u_iface0/u_matmul/grp_matmul_8x8x8_Pipeline_time_loop_fu_1296/clk
    SLICE_X84Y155        FDRE                                         r  u_iface0/u_matmul/grp_matmul_8x8x8_Pipeline_time_loop_fu_1296/a_in_33_fu_866_reg[17]/C
  -------------------------------------------------------------------    -------------------
    SLICE_X84Y155        FDRE (Prop_fdre_C_Q)         0.164     2.018 r  u_iface0/u_matmul/grp_matmul_8x8x8_Pipeline_time_loop_fu_1296/a_in_33_fu_866_reg[17]/Q
                         net (fo=2, routed)           0.210     2.228    u_iface0/u_matmul/grp_matmul_8x8x8_Pipeline_time_loop_fu_1296/fmul_32ns_32ns_32_4_max_dsp_1_U98/Q[17]
    SLICE_X81Y160        FDRE                                         r  u_iface0/u_matmul/grp_matmul_8x8x8_Pipeline_time_loop_fu_1296/fmul_32ns_32ns_32_4_max_dsp_1_U98/din0_buf1_reg[17]/D
  -------------------------------------------------------------------    -------------------

                         (clock clk_out20_unbuf rise edge)
                                                      0.000     0.000 r  <hidden>
    R4                                                0.000     0.000 r  clk_pin100
                         net (fo=0)                   0.000     0.000    clk_pin100
    R4                   IBUF (Prop_ibuf_I_O)         0.431     0.431 r  clk_pin100_IBUF_inst/O
                         net (fo=1, routed)           0.480     0.911    u_clk_gen/clk_pin100_IBUF
    MMCME2_ADV_X1Y2      MMCME2_ADV (Prop_mmcme2_adv_CLKIN1_CLKOUT0)
                                                      0.053     0.964 r  u_clk_gen/u_mmcm/CLKOUT0
                         net (fo=1, routed)           0.579     1.543    u_clk_gen/clk_out20_unbuf
    BUFGCTRL_X0Y0        BUFG (Prop_bufg_I_O)         0.029     1.572 r  u_clk_gen/u_bufg/O
                         net (fo=44750, routed)       0.832     2.404    u_iface0/u_matmul/grp_matmul_8x8x8_Pipeline_time_loop_fu_1296/fmul_32ns_32ns_32_4_max_dsp_1_U98/clk
    SLICE_X81Y160        FDRE                                         r  u_iface0/u_matmul/grp_matmul_8x8x8_Pipeline_time_loop_fu_1296/fmul_32ns_32ns_32_4_max_dsp_1_U98/din0_buf1_reg[17]/C
                         clock pessimism             -0.286     2.118    <hidden>
    SLICE_X81Y160        FDRE (Hold_fdre_C_D)         0.070     2.188    u_iface0/u_matmul/grp_matmul_8x8x8_Pipeline_time_loop_fu_1296/fmul_32ns_32ns_32_4_max_dsp_1_U98/din0_buf1_reg[17]
  -------------------------------------------------------------------
                         required time                         -2.188    <hidden>
                         arrival time                           2.228    <hidden>
  -------------------------------------------------------------------
                         slack                                  0.041    <hidden>





Pulse Width Checks
--------------------------------------------------------------------------------------
Clock Name:         clk_out20_unbuf
Waveform(ns):       { 0.000 12.500 }
Period(ns):         25.000
Sources:            { u_clk_gen/u_mmcm/CLKOUT0 }

Check Type        Corner  Lib Pin             Reference Pin  Required(ns)  Actual(ns)  Slack(ns)  Location         Pin
Min Period        n/a     RAMB18E1/CLKARDCLK  n/a            2.944         25.000      22.056     RAMB18_X7Y24     u_iface0/a_mem_0_reg/CLKARDCLK
Min Period        n/a     RAMB18E1/CLKBWRCLK  n/a            2.944         25.000      22.056     RAMB18_X7Y24     u_iface0/a_mem_0_reg/CLKBWRCLK
Min Period        n/a     RAMB18E1/CLKARDCLK  n/a            2.944         25.000      22.056     RAMB18_X7Y40     u_iface0/a_mem_1_reg/CLKARDCLK
Min Period        n/a     RAMB18E1/CLKBWRCLK  n/a            2.944         25.000      22.056     RAMB18_X7Y40     u_iface0/a_mem_1_reg/CLKBWRCLK
Min Period        n/a     RAMB18E1/CLKARDCLK  n/a            2.944         25.000      22.056     RAMB18_X6Y46     u_iface0/a_mem_2_reg/CLKARDCLK
Min Period        n/a     RAMB18E1/CLKBWRCLK  n/a            2.944         25.000      22.056     RAMB18_X6Y46     u_iface0/a_mem_2_reg/CLKBWRCLK
Min Period        n/a     RAMB18E1/CLKARDCLK  n/a            2.944         25.000      22.056     RAMB18_X5Y52     u_iface0/a_mem_3_reg/CLKARDCLK
Min Period        n/a     RAMB18E1/CLKBWRCLK  n/a            2.944         25.000      22.056     RAMB18_X5Y52     u_iface0/a_mem_3_reg/CLKBWRCLK
Min Period        n/a     RAMB18E1/CLKARDCLK  n/a            2.944         25.000      22.056     RAMB18_X5Y42     u_iface0/a_mem_4_reg/CLKARDCLK
Min Period        n/a     RAMB18E1/CLKBWRCLK  n/a            2.944         25.000      22.056     RAMB18_X5Y42     u_iface0/a_mem_4_reg/CLKBWRCLK
Max Period        n/a     MMCME2_ADV/CLKOUT0  n/a            213.360       25.000      188.360    MMCME2_ADV_X1Y2  u_clk_gen/u_mmcm/CLKOUT0
Low Pulse Width   Slow    SRL16E/CLK          n/a            0.980         12.500      11.520     SLICE_X104Y84    u_iface0/u_matmul/grp_matmul_8x8x8_Pipeline_time_loop_fu_1296/ap_enable_reg_pp0_iter4_reg_srl2___u_iface1_u_matmul_grp_matmul_8x8x8_Pipeline_time_loop_fu_1296_ap_enable_reg_pp0_iter4_reg_r/CLK
Low Pulse Width   Fast    SRL16E/CLK          n/a            0.980         12.500      11.520     SLICE_X104Y84    u_iface0/u_matmul/grp_matmul_8x8x8_Pipeline_time_loop_fu_1296/ap_enable_reg_pp0_iter4_reg_srl2___u_iface1_u_matmul_grp_matmul_8x8x8_Pipeline_time_loop_fu_1296_ap_enable_reg_pp0_iter4_reg_r/CLK
Low Pulse Width   Slow    SRL16E/CLK          n/a            0.980         12.500      11.520     SLICE_X102Y88    u_iface0/u_matmul/grp_matmul_8x8x8_Pipeline_time_loop_fu_1296/ap_loop_exit_ready_pp0_iter4_reg_reg_srl4/CLK
Low Pulse Width   Fast    SRL16E/CLK          n/a            0.980         12.500      11.520     SLICE_X102Y88    u_iface0/u_matmul/grp_matmul_8x8x8_Pipeline_time_loop_fu_1296/ap_loop_exit_ready_pp0_iter4_reg_reg_srl4/CLK
Low Pulse Width   Slow    SRL16E/CLK          n/a            0.980         12.500      11.520     SLICE_X102Y94    u_iface1/u_matmul/grp_matmul_8x8x8_Pipeline_time_loop_fu_1296/ap_enable_reg_pp0_iter4_reg_srl2___u_iface1_u_matmul_grp_matmul_8x8x8_Pipeline_time_loop_fu_1296_ap_enable_reg_pp0_iter4_reg_r/CLK
Low Pulse Width   Fast    SRL16E/CLK          n/a            0.980         12.500      11.520     SLICE_X102Y94    u_iface1/u_matmul/grp_matmul_8x8x8_Pipeline_time_loop_fu_1296/ap_enable_reg_pp0_iter4_reg_srl2___u_iface1_u_matmul_grp_matmul_8x8x8_Pipeline_time_loop_fu_1296_ap_enable_reg_pp0_iter4_reg_r/CLK
Low Pulse Width   Slow    SRL16E/CLK          n/a            0.980         12.500      11.520     SLICE_X102Y94    u_iface1/u_matmul/grp_matmul_8x8x8_Pipeline_time_loop_fu_1296/ap_loop_exit_ready_pp0_iter4_reg_reg_srl4/CLK
Low Pulse Width   Fast    SRL16E/CLK          n/a            0.980         12.500      11.520     SLICE_X102Y94    u_iface1/u_matmul/grp_matmul_8x8x8_Pipeline_time_loop_fu_1296/ap_loop_exit_ready_pp0_iter4_reg_reg_srl4/CLK
Low Pulse Width   Slow    FDSE/C              n/a            0.500         12.500      12.000     SLICE_X93Y92     FSM_onehot_state_reg[0]/C
Low Pulse Width   Fast    FDSE/C              n/a            0.500         12.500      12.000     SLICE_X93Y92     FSM_onehot_state_reg[0]/C
High Pulse Width  Slow    SRL16E/CLK          n/a            0.980         12.500      11.520     SLICE_X104Y84    u_iface0/u_matmul/grp_matmul_8x8x8_Pipeline_time_loop_fu_1296/ap_enable_reg_pp0_iter4_reg_srl2___u_iface1_u_matmul_grp_matmul_8x8x8_Pipeline_time_loop_fu_1296_ap_enable_reg_pp0_iter4_reg_r/CLK
High Pulse Width  Fast    SRL16E/CLK          n/a            0.980         12.500      11.520     SLICE_X104Y84    u_iface0/u_matmul/grp_matmul_8x8x8_Pipeline_time_loop_fu_1296/ap_enable_reg_pp0_iter4_reg_srl2___u_iface1_u_matmul_grp_matmul_8x8x8_Pipeline_time_loop_fu_1296_ap_enable_reg_pp0_iter4_reg_r/CLK
High Pulse Width  Slow    SRL16E/CLK          n/a            0.980         12.500      11.520     SLICE_X102Y88    u_iface0/u_matmul/grp_matmul_8x8x8_Pipeline_time_loop_fu_1296/ap_loop_exit_ready_pp0_iter4_reg_reg_srl4/CLK
High Pulse Width  Fast    SRL16E/CLK          n/a            0.980         12.500      11.520     SLICE_X102Y88    u_iface0/u_matmul/grp_matmul_8x8x8_Pipeline_time_loop_fu_1296/ap_loop_exit_ready_pp0_iter4_reg_reg_srl4/CLK
High Pulse Width  Slow    SRL16E/CLK          n/a            0.980         12.500      11.520     SLICE_X102Y94    u_iface1/u_matmul/grp_matmul_8x8x8_Pipeline_time_loop_fu_1296/ap_enable_reg_pp0_iter4_reg_srl2___u_iface1_u_matmul_grp_matmul_8x8x8_Pipeline_time_loop_fu_1296_ap_enable_reg_pp0_iter4_reg_r/CLK
High Pulse Width  Fast    SRL16E/CLK          n/a            0.980         12.500      11.520     SLICE_X102Y94    u_iface1/u_matmul/grp_matmul_8x8x8_Pipeline_time_loop_fu_1296/ap_enable_reg_pp0_iter4_reg_srl2___u_iface1_u_matmul_grp_matmul_8x8x8_Pipeline_time_loop_fu_1296_ap_enable_reg_pp0_iter4_reg_r/CLK
High Pulse Width  Slow    SRL16E/CLK          n/a            0.980         12.500      11.520     SLICE_X102Y94    u_iface1/u_matmul/grp_matmul_8x8x8_Pipeline_time_loop_fu_1296/ap_loop_exit_ready_pp0_iter4_reg_reg_srl4/CLK
High Pulse Width  Fast    SRL16E/CLK          n/a            0.980         12.500      11.520     SLICE_X102Y94    u_iface1/u_matmul/grp_matmul_8x8x8_Pipeline_time_loop_fu_1296/ap_loop_exit_ready_pp0_iter4_reg_reg_srl4/CLK
High Pulse Width  Slow    FDSE/C              n/a            0.500         12.500      12.000     SLICE_X93Y92     FSM_onehot_state_reg[0]/C
High Pulse Width  Fast    FDSE/C              n/a            0.500         12.500      12.000     SLICE_X93Y92     FSM_onehot_state_reg[0]/C



---------------------------------------------------------------------------------------------------
From Clock:  clkfb
  To Clock:  clkfb

Setup :           NA  Failing Endpoints,  Worst Slack           NA  ,  Total Violation           NA
Hold  :           NA  Failing Endpoints,  Worst Slack           NA  ,  Total Violation           NA
PW    :            0  Failing Endpoints,  Worst Slack        8.751ns,  Total Violation        0.000ns
---------------------------------------------------------------------------------------------------


Pulse Width Checks
--------------------------------------------------------------------------------------
Clock Name:         clkfb
Waveform(ns):       { 0.000 5.000 }
Period(ns):         10.000
Sources:            { u_clk_gen/u_mmcm/CLKFBOUT }

Check Type  Corner  Lib Pin              Reference Pin  Required(ns)  Actual(ns)  Slack(ns)  Location         Pin
Min Period  n/a     MMCME2_ADV/CLKFBOUT  n/a            1.249         10.000      8.751      MMCME2_ADV_X1Y2  u_clk_gen/u_mmcm/CLKFBOUT
Min Period  n/a     MMCME2_ADV/CLKFBIN   n/a            1.249         10.000      8.751      MMCME2_ADV_X1Y2  u_clk_gen/u_mmcm/CLKFBIN
Max Period  n/a     MMCME2_ADV/CLKFBIN   n/a            100.000       10.000      90.000     MMCME2_ADV_X1Y2  u_clk_gen/u_mmcm/CLKFBIN
Max Period  n/a     MMCME2_ADV/CLKFBOUT  n/a            213.360       10.000      203.360    MMCME2_ADV_X1Y2  u_clk_gen/u_mmcm/CLKFBOUT



--------------------------------------------------------------------------------------
Path Group:  (none)
From Clock:  clk_out20_unbuf
  To Clock:  

Max Delay             2 Endpoints
Min Delay             2 Endpoints
--------------------------------------------------------------------------------------


Max Delay Paths
--------------------------------------------------------------------------------------
Slack:                    inf
  Source:                 done_led_reg/C
                            (rising edge-triggered cell FDRE clocked by clk_out20_unbuf  {rise@0.000ns fall@12.500ns period=25.000ns})
  Destination:            led_done
                            (output port)
  Path Group:             (none)
  Path Type:              Max at Slow Process Corner
  Data Path Delay:        8.921ns  (logic 3.472ns (38.916%)  route 5.449ns (61.084%))
  Logic Levels:           1  (OBUF=1)
  Clock Uncertainty:      0.179ns  ((TSJ^2 + DJ^2)^1/2) / 2 + PE
    Total System Jitter     (TSJ):    0.050ns
    Discrete Jitter          (DJ):    0.154ns
    Phase Error              (PE):    0.099ns

    Location             Delay type                Incr(ns)  Path(ns)    Netlist Resource(s)
  -------------------------------------------------------------------    -------------------
                         (clock clk_out20_unbuf rise edge)
                                                      0.000     0.000 r  <hidden>
    R4                                                0.000     0.000 r  clk_pin100
                         net (fo=0)                   0.000     0.000    clk_pin100
    R4                   IBUF (Prop_ibuf_I_O)         1.475     1.475 r  clk_pin100_IBUF_inst/O
                         net (fo=1, routed)           1.233     2.708    u_clk_gen/clk_pin100_IBUF
    MMCME2_ADV_X1Y2      MMCME2_ADV (Prop_mmcme2_adv_CLKIN1_CLKOUT0)
                                                      0.088     2.796 r  u_clk_gen/u_mmcm/CLKOUT0
                         net (fo=1, routed)           1.808     4.605    u_clk_gen/clk_out20_unbuf
    BUFGCTRL_X0Y0        BUFG (Prop_bufg_I_O)         0.096     4.701 r  u_clk_gen/u_bufg/O
                         net (fo=44750, routed)       1.835     6.536    clk
    SLICE_X90Y90         FDRE                                         r  done_led_reg/C
  -------------------------------------------------------------------    -------------------
    SLICE_X90Y90         FDRE (Prop_fdre_C_Q)         0.518     7.054 r  done_led_reg/Q
                         net (fo=1, routed)           5.449    12.503    led_done_OBUF
    T14                  OBUF (Prop_obuf_I_O)         2.954    15.457 r  led_done_OBUF_inst/O
                         net (fo=0)                   0.000    15.457    led_done
    T14                                                               r  led_done
  -------------------------------------------------------------------    -------------------

Slack:                    inf
  Source:                 u_tx/tx_reg/C
                            (rising edge-triggered cell FDSE clocked by clk_out20_unbuf  {rise@0.000ns fall@12.500ns period=25.000ns})
  Destination:            uart_tx_pin
                            (output port)
  Path Group:             (none)
  Path Type:              Max at Slow Process Corner
  Data Path Delay:        8.854ns  (logic 4.024ns (45.452%)  route 4.830ns (54.548%))
  Logic Levels:           1  (OBUF=1)
  Clock Uncertainty:      0.179ns  ((TSJ^2 + DJ^2)^1/2) / 2 + PE
    Total System Jitter     (TSJ):    0.050ns
    Discrete Jitter          (DJ):    0.154ns
    Phase Error              (PE):    0.099ns

    Location             Delay type                Incr(ns)  Path(ns)    Netlist Resource(s)
  -------------------------------------------------------------------    -------------------
                         (clock clk_out20_unbuf rise edge)
                                                      0.000     0.000 r  <hidden>
    R4                                                0.000     0.000 r  clk_pin100
                         net (fo=0)                   0.000     0.000    clk_pin100
    R4                   IBUF (Prop_ibuf_I_O)         1.475     1.475 r  clk_pin100_IBUF_inst/O
                         net (fo=1, routed)           1.233     2.708    u_clk_gen/clk_pin100_IBUF
    MMCME2_ADV_X1Y2      MMCME2_ADV (Prop_mmcme2_adv_CLKIN1_CLKOUT0)
                                                      0.088     2.796 r  u_clk_gen/u_mmcm/CLKOUT0
                         net (fo=1, routed)           1.808     4.605    u_clk_gen/clk_out20_unbuf
    BUFGCTRL_X0Y0        BUFG (Prop_bufg_I_O)         0.096     4.701 r  u_clk_gen/u_bufg/O
                         net (fo=44750, routed)       1.648     6.349    u_tx/clk
    SLICE_X85Y105        FDSE                                         r  u_tx/tx_reg/C
  -------------------------------------------------------------------    -------------------
    SLICE_X85Y105        FDSE (Prop_fdse_C_Q)         0.456     6.805 r  u_tx/tx_reg/Q
                         net (fo=1, routed)           4.830    11.635    uart_tx_pin_OBUF
    AA19                 OBUF (Prop_obuf_I_O)         3.568    15.203 r  uart_tx_pin_OBUF_inst/O
                         net (fo=0)                   0.000    15.203    uart_tx_pin
    AA19                                                              r  uart_tx_pin
  -------------------------------------------------------------------    -------------------





Min Delay Paths
--------------------------------------------------------------------------------------
Slack:                    inf
  Source:                 u_tx/tx_reg/C
                            (rising edge-triggered cell FDSE clocked by clk_out20_unbuf  {rise@0.000ns fall@12.500ns period=25.000ns})
  Destination:            uart_tx_pin
                            (output port)
  Path Group:             (none)
  Path Type:              Min at Fast Process Corner
  Data Path Delay:        3.353ns  (logic 1.410ns (42.053%)  route 1.943ns (57.947%))
  Logic Levels:           1  (OBUF=1)
  Clock Uncertainty:      0.179ns  ((TSJ^2 + DJ^2)^1/2) / 2 + PE
    Total System Jitter     (TSJ):    0.050ns
    Discrete Jitter          (DJ):    0.154ns
    Phase Error              (PE):    0.099ns

    Location             Delay type                Incr(ns)  Path(ns)    Netlist Resource(s)
  -------------------------------------------------------------------    -------------------
                         (clock clk_out20_unbuf rise edge)
                                                      0.000     0.000 r  <hidden>
    R4                                                0.000     0.000 r  clk_pin100
                         net (fo=0)                   0.000     0.000    clk_pin100
    R4                   IBUF (Prop_ibuf_I_O)         0.243     0.243 r  clk_pin100_IBUF_inst/O
                         net (fo=1, routed)           0.440     0.683    u_clk_gen/clk_pin100_IBUF
    MMCME2_ADV_X1Y2      MMCME2_ADV (Prop_mmcme2_adv_CLKIN1_CLKOUT0)
                                                      0.050     0.733 r  u_clk_gen/u_mmcm/CLKOUT0
                         net (fo=1, routed)           0.531     1.264    u_clk_gen/clk_out20_unbuf
    BUFGCTRL_X0Y0        BUFG (Prop_bufg_I_O)         0.026     1.290 r  u_clk_gen/u_bufg/O
                         net (fo=44750, routed)       0.566     1.856    u_tx/clk
    SLICE_X85Y105        FDSE                                         r  u_tx/tx_reg/C
  -------------------------------------------------------------------    -------------------
    SLICE_X85Y105        FDSE (Prop_fdse_C_Q)         0.141     1.997 r  u_tx/tx_reg/Q
                         net (fo=1, routed)           1.943     3.939    uart_tx_pin_OBUF
    AA19                 OBUF (Prop_obuf_I_O)         1.269     5.208 r  uart_tx_pin_OBUF_inst/O
                         net (fo=0)                   0.000     5.208    uart_tx_pin
    AA19                                                              r  uart_tx_pin
  -------------------------------------------------------------------    -------------------

Slack:                    inf
  Source:                 done_led_reg/C
                            (rising edge-triggered cell FDRE clocked by clk_out20_unbuf  {rise@0.000ns fall@12.500ns period=25.000ns})
  Destination:            led_done
                            (output port)
  Path Group:             (none)
  Path Type:              Min at Fast Process Corner
  Data Path Delay:        3.594ns  (logic 1.381ns (38.436%)  route 2.212ns (61.564%))
  Logic Levels:           1  (OBUF=1)
  Clock Uncertainty:      0.179ns  ((TSJ^2 + DJ^2)^1/2) / 2 + PE
    Total System Jitter     (TSJ):    0.050ns
    Discrete Jitter          (DJ):    0.154ns
    Phase Error              (PE):    0.099ns

    Location             Delay type                Incr(ns)  Path(ns)    Netlist Resource(s)
  -------------------------------------------------------------------    -------------------
                         (clock clk_out20_unbuf rise edge)
                                                      0.000     0.000 r  <hidden>
    R4                                                0.000     0.000 r  clk_pin100
                         net (fo=0)                   0.000     0.000    clk_pin100
    R4                   IBUF (Prop_ibuf_I_O)         0.243     0.243 r  clk_pin100_IBUF_inst/O
                         net (fo=1, routed)           0.440     0.683    u_clk_gen/clk_pin100_IBUF
    MMCME2_ADV_X1Y2      MMCME2_ADV (Prop_mmcme2_adv_CLKIN1_CLKOUT0)
                                                      0.050     0.733 r  u_clk_gen/u_mmcm/CLKOUT0
                         net (fo=1, routed)           0.531     1.264    u_clk_gen/clk_out20_unbuf
    BUFGCTRL_X0Y0        BUFG (Prop_bufg_I_O)         0.026     1.290 r  u_clk_gen/u_bufg/O
                         net (fo=44750, routed)       0.641     1.931    clk
    SLICE_X90Y90         FDRE                                         r  done_led_reg/C
  -------------------------------------------------------------------    -------------------
    SLICE_X90Y90         FDRE (Prop_fdre_C_Q)         0.164     2.095 r  done_led_reg/Q
                         net (fo=1, routed)           2.212     4.308    led_done_OBUF
    T14                  OBUF (Prop_obuf_I_O)         1.217     5.525 r  led_done_OBUF_inst/O
                         net (fo=0)                   0.000     5.525    led_done
    T14                                                               r  led_done
  -------------------------------------------------------------------    -------------------





--------------------------------------------------------------------------------------
Path Group:  (none)
From Clock:  
  To Clock:  clk_out20_unbuf

Max Delay          7860 Endpoints
Min Delay          7860 Endpoints
--------------------------------------------------------------------------------------


Max Delay Paths
--------------------------------------------------------------------------------------
Slack:                    inf
  Source:                 btn_rst
                            (input port)
  Destination:            c_in_flat_reg[1577]/R
                            (rising edge-triggered cell FDRE clocked by clk_out20_unbuf  {rise@0.000ns fall@12.500ns period=25.000ns})
  Path Group:             (none)
  Path Type:              Setup (Max at Slow Process Corner)
  Data Path Delay:        24.467ns  (logic 1.699ns (6.946%)  route 22.768ns (93.054%))
  Logic Levels:           4  (IBUF=1 LUT5=1 LUT6=2)
  Clock Path Skew:        6.174ns (DCD - SCD + CPR)
    Destination Clock Delay (DCD):    6.174ns
    Source Clock Delay      (SCD):    0.000ns
    Clock Pessimism Removal (CPR):    0.000ns
  Clock Uncertainty:      0.179ns  ((TSJ^2 + DJ^2)^1/2) / 2 + PE
    Total System Jitter     (TSJ):    0.050ns
    Discrete Jitter          (DJ):    0.154ns
    Phase Error              (PE):    0.099ns

    Location             Delay type                Incr(ns)  Path(ns)    Netlist Resource(s)
  -------------------------------------------------------------------    -------------------
    B22                                               0.000     0.000 f  btn_rst
                         net (fo=0)                   0.000     0.000    btn_rst
    B22                  IBUF (Prop_ibuf_I_O)         1.091     1.091 f  btn_rst_IBUF_inst/O
                         net (fo=8, routed)           7.974     9.066    u_clk_gen/btn_rst_IBUF
    SLICE_X95Y92         LUT5 (Prop_lut5_I0_O)        0.152     9.218 r  u_clk_gen/c_in_flat[2046]_i_4/O
                         net (fo=100, routed)        11.008    20.226    u_rx/c_in_flat_reg[1]
    SLICE_X54Y54         LUT6 (Prop_lut6_I1_O)        0.332    20.558 r  u_rx/c_in_flat[1599]_i_2/O
                         net (fo=33, routed)          2.095    22.653    u_rx/c_in_flat0_out[49]
    SLICE_X62Y52         LUT6 (Prop_lut6_I0_O)        0.124    22.777 r  u_rx/c_in_flat[1599]_i_1/O
                         net (fo=32, routed)          1.690    24.467    u_rx_n_204
    SLICE_X65Y51         FDRE                                         r  c_in_flat_reg[1577]/R
  -------------------------------------------------------------------    -------------------

                         (clock clk_out20_unbuf rise edge)
                                                      0.000     0.000 r  <hidden>
    R4                                                0.000     0.000 r  clk_pin100
                         net (fo=0)                   0.000     0.000    clk_pin100
    R4                   IBUF (Prop_ibuf_I_O)         1.405     1.405 r  clk_pin100_IBUF_inst/O
                         net (fo=1, routed)           1.162     2.567    u_clk_gen/clk_pin100_IBUF
    MMCME2_ADV_X1Y2      MMCME2_ADV (Prop_mmcme2_adv_CLKIN1_CLKOUT0)
                                                      0.083     2.650 r  u_clk_gen/u_mmcm/CLKOUT0
                         net (fo=1, routed)           1.723     4.373    u_clk_gen/clk_out20_unbuf
    BUFGCTRL_X0Y0        BUFG (Prop_bufg_I_O)         0.091     4.464 r  u_clk_gen/u_bufg/O
                         net (fo=44750, routed)       1.710     6.174    clk
    SLICE_X65Y51         FDRE                                         r  c_in_flat_reg[1577]/C

Slack:                    inf
  Source:                 btn_rst
                            (input port)
  Destination:            c_in_flat_reg[1579]/R
                            (rising edge-triggered cell FDRE clocked by clk_out20_unbuf  {rise@0.000ns fall@12.500ns period=25.000ns})
  Path Group:             (none)
  Path Type:              Setup (Max at Slow Process Corner)
  Data Path Delay:        24.467ns  (logic 1.699ns (6.946%)  route 22.768ns (93.054%))
  Logic Levels:           4  (IBUF=1 LUT5=1 LUT6=2)
  Clock Path Skew:        6.174ns (DCD - SCD + CPR)
    Destination Clock Delay (DCD):    6.174ns
    Source Clock Delay      (SCD):    0.000ns
    Clock Pessimism Removal (CPR):    0.000ns
  Clock Uncertainty:      0.179ns  ((TSJ^2 + DJ^2)^1/2) / 2 + PE
    Total System Jitter     (TSJ):    0.050ns
    Discrete Jitter          (DJ):    0.154ns
    Phase Error              (PE):    0.099ns

    Location             Delay type                Incr(ns)  Path(ns)    Netlist Resource(s)
  -------------------------------------------------------------------    -------------------
    B22                                               0.000     0.000 f  btn_rst
                         net (fo=0)                   0.000     0.000    btn_rst
    B22                  IBUF (Prop_ibuf_I_O)         1.091     1.091 f  btn_rst_IBUF_inst/O
                         net (fo=8, routed)           7.974     9.066    u_clk_gen/btn_rst_IBUF
    SLICE_X95Y92         LUT5 (Prop_lut5_I0_O)        0.152     9.218 r  u_clk_gen/c_in_flat[2046]_i_4/O
                         net (fo=100, routed)        11.008    20.226    u_rx/c_in_flat_reg[1]
    SLICE_X54Y54         LUT6 (Prop_lut6_I1_O)        0.332    20.558 r  u_rx/c_in_flat[1599]_i_2/O
                         net (fo=33, routed)          2.095    22.653    u_rx/c_in_flat0_out[49]
    SLICE_X62Y52         LUT6 (Prop_lut6_I0_O)        0.124    22.777 r  u_rx/c_in_flat[1599]_i_1/O
                         net (fo=32, routed)          1.690    24.467    u_rx_n_204
    SLICE_X65Y51         FDRE                                         r  c_in_flat_reg[1579]/R
  -------------------------------------------------------------------    -------------------

                         (clock clk_out20_unbuf rise edge)
                                                      0.000     0.000 r  <hidden>
    R4                                                0.000     0.000 r  clk_pin100
                         net (fo=0)                   0.000     0.000    clk_pin100
    R4                   IBUF (Prop_ibuf_I_O)         1.405     1.405 r  clk_pin100_IBUF_inst/O
                         net (fo=1, routed)           1.162     2.567    u_clk_gen/clk_pin100_IBUF
    MMCME2_ADV_X1Y2      MMCME2_ADV (Prop_mmcme2_adv_CLKIN1_CLKOUT0)
                                                      0.083     2.650 r  u_clk_gen/u_mmcm/CLKOUT0
                         net (fo=1, routed)           1.723     4.373    u_clk_gen/clk_out20_unbuf
    BUFGCTRL_X0Y0        BUFG (Prop_bufg_I_O)         0.091     4.464 r  u_clk_gen/u_bufg/O
                         net (fo=44750, routed)       1.710     6.174    clk
    SLICE_X65Y51         FDRE                                         r  c_in_flat_reg[1579]/C

Slack:                    inf
  Source:                 btn_rst
                            (input port)
  Destination:            c_in_flat_reg[1589]/R
                            (rising edge-triggered cell FDRE clocked by clk_out20_unbuf  {rise@0.000ns fall@12.500ns period=25.000ns})
  Path Group:             (none)
  Path Type:              Setup (Max at Slow Process Corner)
  Data Path Delay:        24.467ns  (logic 1.699ns (6.946%)  route 22.768ns (93.054%))
  Logic Levels:           4  (IBUF=1 LUT5=1 LUT6=2)
  Clock Path Skew:        6.174ns (DCD - SCD + CPR)
    Destination Clock Delay (DCD):    6.174ns
    Source Clock Delay      (SCD):    0.000ns
    Clock Pessimism Removal (CPR):    0.000ns
  Clock Uncertainty:      0.179ns  ((TSJ^2 + DJ^2)^1/2) / 2 + PE
    Total System Jitter     (TSJ):    0.050ns
    Discrete Jitter          (DJ):    0.154ns
    Phase Error              (PE):    0.099ns

    Location             Delay type                Incr(ns)  Path(ns)    Netlist Resource(s)
  -------------------------------------------------------------------    -------------------
    B22                                               0.000     0.000 f  btn_rst
                         net (fo=0)                   0.000     0.000    btn_rst
    B22                  IBUF (Prop_ibuf_I_O)         1.091     1.091 f  btn_rst_IBUF_inst/O
                         net (fo=8, routed)           7.974     9.066    u_clk_gen/btn_rst_IBUF
    SLICE_X95Y92         LUT5 (Prop_lut5_I0_O)        0.152     9.218 r  u_clk_gen/c_in_flat[2046]_i_4/O
                         net (fo=100, routed)        11.008    20.226    u_rx/c_in_flat_reg[1]
    SLICE_X54Y54         LUT6 (Prop_lut6_I1_O)        0.332    20.558 r  u_rx/c_in_flat[1599]_i_2/O
                         net (fo=33, routed)          2.095    22.653    u_rx/c_in_flat0_out[49]
    SLICE_X62Y52         LUT6 (Prop_lut6_I0_O)        0.124    22.777 r  u_rx/c_in_flat[1599]_i_1/O
                         net (fo=32, routed)          1.690    24.467    u_rx_n_204
    SLICE_X65Y51         FDRE                                         r  c_in_flat_reg[1589]/R
  -------------------------------------------------------------------    -------------------

                         (clock clk_out20_unbuf rise edge)
                                                      0.000     0.000 r  <hidden>
    R4                                                0.000     0.000 r  clk_pin100
                         net (fo=0)                   0.000     0.000    clk_pin100
    R4                   IBUF (Prop_ibuf_I_O)         1.405     1.405 r  clk_pin100_IBUF_inst/O
                         net (fo=1, routed)           1.162     2.567    u_clk_gen/clk_pin100_IBUF
    MMCME2_ADV_X1Y2      MMCME2_ADV (Prop_mmcme2_adv_CLKIN1_CLKOUT0)
                                                      0.083     2.650 r  u_clk_gen/u_mmcm/CLKOUT0
                         net (fo=1, routed)           1.723     4.373    u_clk_gen/clk_out20_unbuf
    BUFGCTRL_X0Y0        BUFG (Prop_bufg_I_O)         0.091     4.464 r  u_clk_gen/u_bufg/O
                         net (fo=44750, routed)       1.710     6.174    clk
    SLICE_X65Y51         FDRE                                         r  c_in_flat_reg[1589]/C

Slack:                    inf
  Source:                 btn_rst
                            (input port)
  Destination:            c_in_flat_reg[1570]/R
                            (rising edge-triggered cell FDRE clocked by clk_out20_unbuf  {rise@0.000ns fall@12.500ns period=25.000ns})
  Path Group:             (none)
  Path Type:              Setup (Max at Slow Process Corner)
  Data Path Delay:        24.380ns  (logic 1.699ns (6.970%)  route 22.681ns (93.030%))
  Logic Levels:           4  (IBUF=1 LUT5=1 LUT6=2)
  Clock Path Skew:        6.174ns (DCD - SCD + CPR)
    Destination Clock Delay (DCD):    6.174ns
    Source Clock Delay      (SCD):    0.000ns
    Clock Pessimism Removal (CPR):    0.000ns
  Clock Uncertainty:      0.179ns  ((TSJ^2 + DJ^2)^1/2) / 2 + PE
    Total System Jitter     (TSJ):    0.050ns
    Discrete Jitter          (DJ):    0.154ns
    Phase Error              (PE):    0.099ns

    Location             Delay type                Incr(ns)  Path(ns)    Netlist Resource(s)
  -------------------------------------------------------------------    -------------------
    B22                                               0.000     0.000 f  btn_rst
                         net (fo=0)                   0.000     0.000    btn_rst
    B22                  IBUF (Prop_ibuf_I_O)         1.091     1.091 f  btn_rst_IBUF_inst/O
                         net (fo=8, routed)           7.974     9.066    u_clk_gen/btn_rst_IBUF
    SLICE_X95Y92         LUT5 (Prop_lut5_I0_O)        0.152     9.218 r  u_clk_gen/c_in_flat[2046]_i_4/O
                         net (fo=100, routed)        11.008    20.226    u_rx/c_in_flat_reg[1]
    SLICE_X54Y54         LUT6 (Prop_lut6_I1_O)        0.332    20.558 r  u_rx/c_in_flat[1599]_i_2/O
                         net (fo=33, routed)          2.095    22.653    u_rx/c_in_flat0_out[49]
    SLICE_X62Y52         LUT6 (Prop_lut6_I0_O)        0.124    22.777 r  u_rx/c_in_flat[1599]_i_1/O
                         net (fo=32, routed)          1.603    24.380    u_rx_n_204
    SLICE_X65Y50         FDRE                                         r  c_in_flat_reg[1570]/R
  -------------------------------------------------------------------    -------------------

                         (clock clk_out20_unbuf rise edge)
                                                      0.000     0.000 r  <hidden>
    R4                                                0.000     0.000 r  clk_pin100
                         net (fo=0)                   0.000     0.000    clk_pin100
    R4                   IBUF (Prop_ibuf_I_O)         1.405     1.405 r  clk_pin100_IBUF_inst/O
                         net (fo=1, routed)           1.162     2.567    u_clk_gen/clk_pin100_IBUF
    MMCME2_ADV_X1Y2      MMCME2_ADV (Prop_mmcme2_adv_CLKIN1_CLKOUT0)
                                                      0.083     2.650 r  u_clk_gen/u_mmcm/CLKOUT0
                         net (fo=1, routed)           1.723     4.373    u_clk_gen/clk_out20_unbuf
    BUFGCTRL_X0Y0        BUFG (Prop_bufg_I_O)         0.091     4.464 r  u_clk_gen/u_bufg/O
                         net (fo=44750, routed)       1.710     6.174    clk
    SLICE_X65Y50         FDRE                                         r  c_in_flat_reg[1570]/C

Slack:                    inf
  Source:                 btn_rst
                            (input port)
  Destination:            c_in_flat_reg[1586]/R
                            (rising edge-triggered cell FDRE clocked by clk_out20_unbuf  {rise@0.000ns fall@12.500ns period=25.000ns})
  Path Group:             (none)
  Path Type:              Setup (Max at Slow Process Corner)
  Data Path Delay:        24.380ns  (logic 1.699ns (6.970%)  route 22.681ns (93.030%))
  Logic Levels:           4  (IBUF=1 LUT5=1 LUT6=2)
  Clock Path Skew:        6.174ns (DCD - SCD + CPR)
    Destination Clock Delay (DCD):    6.174ns
    Source Clock Delay      (SCD):    0.000ns
    Clock Pessimism Removal (CPR):    0.000ns
  Clock Uncertainty:      0.179ns  ((TSJ^2 + DJ^2)^1/2) / 2 + PE
    Total System Jitter     (TSJ):    0.050ns
    Discrete Jitter          (DJ):    0.154ns
    Phase Error              (PE):    0.099ns

    Location             Delay type                Incr(ns)  Path(ns)    Netlist Resource(s)
  -------------------------------------------------------------------    -------------------
    B22                                               0.000     0.000 f  btn_rst
                         net (fo=0)                   0.000     0.000    btn_rst
    B22                  IBUF (Prop_ibuf_I_O)         1.091     1.091 f  btn_rst_IBUF_inst/O
                         net (fo=8, routed)           7.974     9.066    u_clk_gen/btn_rst_IBUF
    SLICE_X95Y92         LUT5 (Prop_lut5_I0_O)        0.152     9.218 r  u_clk_gen/c_in_flat[2046]_i_4/O
                         net (fo=100, routed)        11.008    20.226    u_rx/c_in_flat_reg[1]
    SLICE_X54Y54         LUT6 (Prop_lut6_I1_O)        0.332    20.558 r  u_rx/c_in_flat[1599]_i_2/O
                         net (fo=33, routed)          2.095    22.653    u_rx/c_in_flat0_out[49]
    SLICE_X62Y52         LUT6 (Prop_lut6_I0_O)        0.124    22.777 r  u_rx/c_in_flat[1599]_i_1/O
                         net (fo=32, routed)          1.603    24.380    u_rx_n_204
    SLICE_X65Y50         FDRE                                         r  c_in_flat_reg[1586]/R
  -------------------------------------------------------------------    -------------------

                         (clock clk_out20_unbuf rise edge)
                                                      0.000     0.000 r  <hidden>
    R4                                                0.000     0.000 r  clk_pin100
                         net (fo=0)                   0.000     0.000    clk_pin100
    R4                   IBUF (Prop_ibuf_I_O)         1.405     1.405 r  clk_pin100_IBUF_inst/O
                         net (fo=1, routed)           1.162     2.567    u_clk_gen/clk_pin100_IBUF
    MMCME2_ADV_X1Y2      MMCME2_ADV (Prop_mmcme2_adv_CLKIN1_CLKOUT0)
                                                      0.083     2.650 r  u_clk_gen/u_mmcm/CLKOUT0
                         net (fo=1, routed)           1.723     4.373    u_clk_gen/clk_out20_unbuf
    BUFGCTRL_X0Y0        BUFG (Prop_bufg_I_O)         0.091     4.464 r  u_clk_gen/u_bufg/O
                         net (fo=44750, routed)       1.710     6.174    clk
    SLICE_X65Y50         FDRE                                         r  c_in_flat_reg[1586]/C

Slack:                    inf
  Source:                 btn_rst
                            (input port)
  Destination:            c_in_flat_reg[1587]/R
                            (rising edge-triggered cell FDRE clocked by clk_out20_unbuf  {rise@0.000ns fall@12.500ns period=25.000ns})
  Path Group:             (none)
  Path Type:              Setup (Max at Slow Process Corner)
  Data Path Delay:        24.380ns  (logic 1.699ns (6.970%)  route 22.681ns (93.030%))
  Logic Levels:           4  (IBUF=1 LUT5=1 LUT6=2)
  Clock Path Skew:        6.174ns (DCD - SCD + CPR)
    Destination Clock Delay (DCD):    6.174ns
    Source Clock Delay      (SCD):    0.000ns
    Clock Pessimism Removal (CPR):    0.000ns
  Clock Uncertainty:      0.179ns  ((TSJ^2 + DJ^2)^1/2) / 2 + PE
    Total System Jitter     (TSJ):    0.050ns
    Discrete Jitter          (DJ):    0.154ns
    Phase Error              (PE):    0.099ns

    Location             Delay type                Incr(ns)  Path(ns)    Netlist Resource(s)
  -------------------------------------------------------------------    -------------------
    B22                                               0.000     0.000 f  btn_rst
                         net (fo=0)                   0.000     0.000    btn_rst
    B22                  IBUF (Prop_ibuf_I_O)         1.091     1.091 f  btn_rst_IBUF_inst/O
                         net (fo=8, routed)           7.974     9.066    u_clk_gen/btn_rst_IBUF
    SLICE_X95Y92         LUT5 (Prop_lut5_I0_O)        0.152     9.218 r  u_clk_gen/c_in_flat[2046]_i_4/O
                         net (fo=100, routed)        11.008    20.226    u_rx/c_in_flat_reg[1]
    SLICE_X54Y54         LUT6 (Prop_lut6_I1_O)        0.332    20.558 r  u_rx/c_in_flat[1599]_i_2/O
                         net (fo=33, routed)          2.095    22.653    u_rx/c_in_flat0_out[49]
    SLICE_X62Y52         LUT6 (Prop_lut6_I0_O)        0.124    22.777 r  u_rx/c_in_flat[1599]_i_1/O
                         net (fo=32, routed)          1.603    24.380    u_rx_n_204
    SLICE_X65Y50         FDRE                                         r  c_in_flat_reg[1587]/R
  -------------------------------------------------------------------    -------------------

                         (clock clk_out20_unbuf rise edge)
                                                      0.000     0.000 r  <hidden>
    R4                                                0.000     0.000 r  clk_pin100
                         net (fo=0)                   0.000     0.000    clk_pin100
    R4                   IBUF (Prop_ibuf_I_O)         1.405     1.405 r  clk_pin100_IBUF_inst/O
                         net (fo=1, routed)           1.162     2.567    u_clk_gen/clk_pin100_IBUF
    MMCME2_ADV_X1Y2      MMCME2_ADV (Prop_mmcme2_adv_CLKIN1_CLKOUT0)
                                                      0.083     2.650 r  u_clk_gen/u_mmcm/CLKOUT0
                         net (fo=1, routed)           1.723     4.373    u_clk_gen/clk_out20_unbuf
    BUFGCTRL_X0Y0        BUFG (Prop_bufg_I_O)         0.091     4.464 r  u_clk_gen/u_bufg/O
                         net (fo=44750, routed)       1.710     6.174    clk
    SLICE_X65Y50         FDRE                                         r  c_in_flat_reg[1587]/C

Slack:                    inf
  Source:                 btn_rst
                            (input port)
  Destination:            c_in_flat_reg[1568]/R
                            (rising edge-triggered cell FDRE clocked by clk_out20_unbuf  {rise@0.000ns fall@12.500ns period=25.000ns})
  Path Group:             (none)
  Path Type:              Setup (Max at Slow Process Corner)
  Data Path Delay:        24.338ns  (logic 1.699ns (6.983%)  route 22.638ns (93.017%))
  Logic Levels:           4  (IBUF=1 LUT5=1 LUT6=2)
  Clock Path Skew:        6.355ns (DCD - SCD + CPR)
    Destination Clock Delay (DCD):    6.355ns
    Source Clock Delay      (SCD):    0.000ns
    Clock Pessimism Removal (CPR):    0.000ns
  Clock Uncertainty:      0.179ns  ((TSJ^2 + DJ^2)^1/2) / 2 + PE
    Total System Jitter     (TSJ):    0.050ns
    Discrete Jitter          (DJ):    0.154ns
    Phase Error              (PE):    0.099ns

    Location             Delay type                Incr(ns)  Path(ns)    Netlist Resource(s)
  -------------------------------------------------------------------    -------------------
    B22                                               0.000     0.000 f  btn_rst
                         net (fo=0)                   0.000     0.000    btn_rst
    B22                  IBUF (Prop_ibuf_I_O)         1.091     1.091 f  btn_rst_IBUF_inst/O
                         net (fo=8, routed)           7.974     9.066    u_clk_gen/btn_rst_IBUF
    SLICE_X95Y92         LUT5 (Prop_lut5_I0_O)        0.152     9.218 r  u_clk_gen/c_in_flat[2046]_i_4/O
                         net (fo=100, routed)        11.008    20.226    u_rx/c_in_flat_reg[1]
    SLICE_X54Y54         LUT6 (Prop_lut6_I1_O)        0.332    20.558 r  u_rx/c_in_flat[1599]_i_2/O
                         net (fo=33, routed)          2.095    22.653    u_rx/c_in_flat0_out[49]
    SLICE_X62Y52         LUT6 (Prop_lut6_I0_O)        0.124    22.777 r  u_rx/c_in_flat[1599]_i_1/O
                         net (fo=32, routed)          1.560    24.338    u_rx_n_204
    SLICE_X51Y48         FDRE                                         r  c_in_flat_reg[1568]/R
  -------------------------------------------------------------------    -------------------

                         (clock clk_out20_unbuf rise edge)
                                                      0.000     0.000 r  <hidden>
    R4                                                0.000     0.000 r  clk_pin100
                         net (fo=0)                   0.000     0.000    clk_pin100
    R4                   IBUF (Prop_ibuf_I_O)         1.405     1.405 r  clk_pin100_IBUF_inst/O
                         net (fo=1, routed)           1.162     2.567    u_clk_gen/clk_pin100_IBUF
    MMCME2_ADV_X1Y2      MMCME2_ADV (Prop_mmcme2_adv_CLKIN1_CLKOUT0)
                                                      0.083     2.650 r  u_clk_gen/u_mmcm/CLKOUT0
                         net (fo=1, routed)           1.723     4.373    u_clk_gen/clk_out20_unbuf
    BUFGCTRL_X0Y0        BUFG (Prop_bufg_I_O)         0.091     4.464 r  u_clk_gen/u_bufg/O
                         net (fo=44750, routed)       1.892     6.355    clk
    SLICE_X51Y48         FDRE                                         r  c_in_flat_reg[1568]/C

Slack:                    inf
  Source:                 btn_rst
                            (input port)
  Destination:            c_in_flat_reg[1574]/R
                            (rising edge-triggered cell FDRE clocked by clk_out20_unbuf  {rise@0.000ns fall@12.500ns period=25.000ns})
  Path Group:             (none)
  Path Type:              Setup (Max at Slow Process Corner)
  Data Path Delay:        24.338ns  (logic 1.699ns (6.983%)  route 22.638ns (93.017%))
  Logic Levels:           4  (IBUF=1 LUT5=1 LUT6=2)
  Clock Path Skew:        6.355ns (DCD - SCD + CPR)
    Destination Clock Delay (DCD):    6.355ns
    Source Clock Delay      (SCD):    0.000ns
    Clock Pessimism Removal (CPR):    0.000ns
  Clock Uncertainty:      0.179ns  ((TSJ^2 + DJ^2)^1/2) / 2 + PE
    Total System Jitter     (TSJ):    0.050ns
    Discrete Jitter          (DJ):    0.154ns
    Phase Error              (PE):    0.099ns

    Location             Delay type                Incr(ns)  Path(ns)    Netlist Resource(s)
  -------------------------------------------------------------------    -------------------
    B22                                               0.000     0.000 f  btn_rst
                         net (fo=0)                   0.000     0.000    btn_rst
    B22                  IBUF (Prop_ibuf_I_O)         1.091     1.091 f  btn_rst_IBUF_inst/O
                         net (fo=8, routed)           7.974     9.066    u_clk_gen/btn_rst_IBUF
    SLICE_X95Y92         LUT5 (Prop_lut5_I0_O)        0.152     9.218 r  u_clk_gen/c_in_flat[2046]_i_4/O
                         net (fo=100, routed)        11.008    20.226    u_rx/c_in_flat_reg[1]
    SLICE_X54Y54         LUT6 (Prop_lut6_I1_O)        0.332    20.558 r  u_rx/c_in_flat[1599]_i_2/O
                         net (fo=33, routed)          2.095    22.653    u_rx/c_in_flat0_out[49]
    SLICE_X62Y52         LUT6 (Prop_lut6_I0_O)        0.124    22.777 r  u_rx/c_in_flat[1599]_i_1/O
                         net (fo=32, routed)          1.560    24.338    u_rx_n_204
    SLICE_X51Y48         FDRE                                         r  c_in_flat_reg[1574]/R
  -------------------------------------------------------------------    -------------------

                         (clock clk_out20_unbuf rise edge)
                                                      0.000     0.000 r  <hidden>
    R4                                                0.000     0.000 r  clk_pin100
                         net (fo=0)                   0.000     0.000    clk_pin100
    R4                   IBUF (Prop_ibuf_I_O)         1.405     1.405 r  clk_pin100_IBUF_inst/O
                         net (fo=1, routed)           1.162     2.567    u_clk_gen/clk_pin100_IBUF
    MMCME2_ADV_X1Y2      MMCME2_ADV (Prop_mmcme2_adv_CLKIN1_CLKOUT0)
                                                      0.083     2.650 r  u_clk_gen/u_mmcm/CLKOUT0
                         net (fo=1, routed)           1.723     4.373    u_clk_gen/clk_out20_unbuf
    BUFGCTRL_X0Y0        BUFG (Prop_bufg_I_O)         0.091     4.464 r  u_clk_gen/u_bufg/O
                         net (fo=44750, routed)       1.892     6.355    clk
    SLICE_X51Y48         FDRE                                         r  c_in_flat_reg[1574]/C

Slack:                    inf
  Source:                 btn_rst
                            (input port)
  Destination:            c_in_flat_reg[1582]/R
                            (rising edge-triggered cell FDRE clocked by clk_out20_unbuf  {rise@0.000ns fall@12.500ns period=25.000ns})
  Path Group:             (none)
  Path Type:              Setup (Max at Slow Process Corner)
  Data Path Delay:        24.338ns  (logic 1.699ns (6.983%)  route 22.638ns (93.017%))
  Logic Levels:           4  (IBUF=1 LUT5=1 LUT6=2)
  Clock Path Skew:        6.355ns (DCD - SCD + CPR)
    Destination Clock Delay (DCD):    6.355ns
    Source Clock Delay      (SCD):    0.000ns
    Clock Pessimism Removal (CPR):    0.000ns
  Clock Uncertainty:      0.179ns  ((TSJ^2 + DJ^2)^1/2) / 2 + PE
    Total System Jitter     (TSJ):    0.050ns
    Discrete Jitter          (DJ):    0.154ns
    Phase Error              (PE):    0.099ns

    Location             Delay type                Incr(ns)  Path(ns)    Netlist Resource(s)
  -------------------------------------------------------------------    -------------------
    B22                                               0.000     0.000 f  btn_rst
                         net (fo=0)                   0.000     0.000    btn_rst
    B22                  IBUF (Prop_ibuf_I_O)         1.091     1.091 f  btn_rst_IBUF_inst/O
                         net (fo=8, routed)           7.974     9.066    u_clk_gen/btn_rst_IBUF
    SLICE_X95Y92         LUT5 (Prop_lut5_I0_O)        0.152     9.218 r  u_clk_gen/c_in_flat[2046]_i_4/O
                         net (fo=100, routed)        11.008    20.226    u_rx/c_in_flat_reg[1]
    SLICE_X54Y54         LUT6 (Prop_lut6_I1_O)        0.332    20.558 r  u_rx/c_in_flat[1599]_i_2/O
                         net (fo=33, routed)          2.095    22.653    u_rx/c_in_flat0_out[49]
    SLICE_X62Y52         LUT6 (Prop_lut6_I0_O)        0.124    22.777 r  u_rx/c_in_flat[1599]_i_1/O
                         net (fo=32, routed)          1.560    24.338    u_rx_n_204
    SLICE_X51Y48         FDRE                                         r  c_in_flat_reg[1582]/R
  -------------------------------------------------------------------    -------------------

                         (clock clk_out20_unbuf rise edge)
                                                      0.000     0.000 r  <hidden>
    R4                                                0.000     0.000 r  clk_pin100
                         net (fo=0)                   0.000     0.000    clk_pin100
    R4                   IBUF (Prop_ibuf_I_O)         1.405     1.405 r  clk_pin100_IBUF_inst/O
                         net (fo=1, routed)           1.162     2.567    u_clk_gen/clk_pin100_IBUF
    MMCME2_ADV_X1Y2      MMCME2_ADV (Prop_mmcme2_adv_CLKIN1_CLKOUT0)
                                                      0.083     2.650 r  u_clk_gen/u_mmcm/CLKOUT0
                         net (fo=1, routed)           1.723     4.373    u_clk_gen/clk_out20_unbuf
    BUFGCTRL_X0Y0        BUFG (Prop_bufg_I_O)         0.091     4.464 r  u_clk_gen/u_bufg/O
                         net (fo=44750, routed)       1.892     6.355    clk
    SLICE_X51Y48         FDRE                                         r  c_in_flat_reg[1582]/C

Slack:                    inf
  Source:                 btn_rst
                            (input port)
  Destination:            c_in_flat_reg[1583]/R
                            (rising edge-triggered cell FDRE clocked by clk_out20_unbuf  {rise@0.000ns fall@12.500ns period=25.000ns})
  Path Group:             (none)
  Path Type:              Setup (Max at Slow Process Corner)
  Data Path Delay:        24.338ns  (logic 1.699ns (6.983%)  route 22.638ns (93.017%))
  Logic Levels:           4  (IBUF=1 LUT5=1 LUT6=2)
  Clock Path Skew:        6.355ns (DCD - SCD + CPR)
    Destination Clock Delay (DCD):    6.355ns
    Source Clock Delay      (SCD):    0.000ns
    Clock Pessimism Removal (CPR):    0.000ns
  Clock Uncertainty:      0.179ns  ((TSJ^2 + DJ^2)^1/2) / 2 + PE
    Total System Jitter     (TSJ):    0.050ns
    Discrete Jitter          (DJ):    0.154ns
    Phase Error              (PE):    0.099ns

    Location             Delay type                Incr(ns)  Path(ns)    Netlist Resource(s)
  -------------------------------------------------------------------    -------------------
    B22                                               0.000     0.000 f  btn_rst
                         net (fo=0)                   0.000     0.000    btn_rst
    B22                  IBUF (Prop_ibuf_I_O)         1.091     1.091 f  btn_rst_IBUF_inst/O
                         net (fo=8, routed)           7.974     9.066    u_clk_gen/btn_rst_IBUF
    SLICE_X95Y92         LUT5 (Prop_lut5_I0_O)        0.152     9.218 r  u_clk_gen/c_in_flat[2046]_i_4/O
                         net (fo=100, routed)        11.008    20.226    u_rx/c_in_flat_reg[1]
    SLICE_X54Y54         LUT6 (Prop_lut6_I1_O)        0.332    20.558 r  u_rx/c_in_flat[1599]_i_2/O
                         net (fo=33, routed)          2.095    22.653    u_rx/c_in_flat0_out[49]
    SLICE_X62Y52         LUT6 (Prop_lut6_I0_O)        0.124    22.777 r  u_rx/c_in_flat[1599]_i_1/O
                         net (fo=32, routed)          1.560    24.338    u_rx_n_204
    SLICE_X51Y48         FDRE                                         r  c_in_flat_reg[1583]/R
  -------------------------------------------------------------------    -------------------

                         (clock clk_out20_unbuf rise edge)
                                                      0.000     0.000 r  <hidden>
    R4                                                0.000     0.000 r  clk_pin100
                         net (fo=0)                   0.000     0.000    clk_pin100
    R4                   IBUF (Prop_ibuf_I_O)         1.405     1.405 r  clk_pin100_IBUF_inst/O
                         net (fo=1, routed)           1.162     2.567    u_clk_gen/clk_pin100_IBUF
    MMCME2_ADV_X1Y2      MMCME2_ADV (Prop_mmcme2_adv_CLKIN1_CLKOUT0)
                                                      0.083     2.650 r  u_clk_gen/u_mmcm/CLKOUT0
                         net (fo=1, routed)           1.723     4.373    u_clk_gen/clk_out20_unbuf
    BUFGCTRL_X0Y0        BUFG (Prop_bufg_I_O)         0.091     4.464 r  u_clk_gen/u_bufg/O
                         net (fo=44750, routed)       1.892     6.355    clk
    SLICE_X51Y48         FDRE                                         r  c_in_flat_reg[1583]/C





Min Delay Paths
--------------------------------------------------------------------------------------
Slack:                    inf
  Source:                 u_iface0/u_matmul/grp_matmul_8x8x8_Pipeline_time_loop_fu_1296/fmul_32ns_32ns_32_4_max_dsp_1_U100/matmul_8x8x8_fmul_32ns_32ns_32_4_max_dsp_1_ip_u/U0/<hidden>/<hidden>/<hidden>/<hidden>/<hidden>/<hidden>/<hidden>
                            (internal pin)
  Destination:            u_iface0/u_matmul/grp_matmul_8x8x8_Pipeline_time_loop_fu_1296/fmul_32ns_32ns_32_4_max_dsp_1_U100/matmul_8x8x8_fmul_32ns_32ns_32_4_max_dsp_1_ip_u/U0/<hidden>/<hidden>/<hidden>/<hidden>/<hidden>/<hidden>/<hidden>
                            (rising edge-triggered cell DSP48E1 clocked by clk_out20_unbuf  {rise@0.000ns fall@12.500ns period=25.000ns})
  Path Group:             (none)
  Path Type:              Hold (Min at Slow Process Corner)
  Data Path Delay:        0.002ns  (logic 0.000ns (0.000%)  route 0.002ns (100.000%))
  Logic Levels:           0  
  Clock Uncertainty:      0.179ns  ((TSJ^2 + DJ^2)^1/2) / 2 + PE
    Total System Jitter     (TSJ):    0.050ns
    Discrete Jitter          (DJ):    0.154ns
    Phase Error              (PE):    0.099ns

    Location             Delay type                Incr(ns)  Path(ns)    Netlist Resource(s)
  -------------------------------------------------------------------    -------------------
    DSP48_X5Y50          DSP48E1                      0.000     0.000 r  u_iface0/u_matmul/grp_matmul_8x8x8_Pipeline_time_loop_fu_1296/fmul_32ns_32ns_32_4_max_dsp_1_U100/matmul_8x8x8_fmul_32ns_32ns_32_4_max_dsp_1_ip_u/U0/<hidden>/<hidden>/<hidden>/<hidden>/<hidden>/<hidden>/<hidden>
                         net (fo=1, routed)           0.002     0.002    u_iface0/u_matmul/grp_matmul_8x8x8_Pipeline_time_loop_fu_1296/fmul_32ns_32ns_32_4_max_dsp_1_U100/matmul_8x8x8_fmul_32ns_32ns_32_4_max_dsp_1_ip_u/U0/<hidden>/<hidden>/<hidden>/<hidden>/<hidden>/<hidden>
    DSP48_X5Y51          DSP48E1                                      r  u_iface0/u_matmul/grp_matmul_8x8x8_Pipeline_time_loop_fu_1296/fmul_32ns_32ns_32_4_max_dsp_1_U100/matmul_8x8x8_fmul_32ns_32ns_32_4_max_dsp_1_ip_u/U0/<hidden>/<hidden>/<hidden>/<hidden>/<hidden>/<hidden>/<hidden>
  -------------------------------------------------------------------    -------------------

                         (clock clk_out20_unbuf rise edge)
                                                      0.000     0.000 r  <hidden>
    R4                                                0.000     0.000 r  clk_pin100
                         net (fo=0)                   0.000     0.000    clk_pin100
    R4                   IBUF (Prop_ibuf_I_O)         1.475     1.475 r  clk_pin100_IBUF_inst/O
                         net (fo=1, routed)           1.233     2.708    u_clk_gen/clk_pin100_IBUF
    MMCME2_ADV_X1Y2      MMCME2_ADV (Prop_mmcme2_adv_CLKIN1_CLKOUT0)
                                                      0.088     2.796 r  u_clk_gen/u_mmcm/CLKOUT0
                         net (fo=1, routed)           1.808     4.605    u_clk_gen/clk_out20_unbuf
    BUFGCTRL_X0Y0        BUFG (Prop_bufg_I_O)         0.096     4.701 r  u_clk_gen/u_bufg/O
                         net (fo=44750, routed)       1.740     6.441    u_iface0/u_matmul/grp_matmul_8x8x8_Pipeline_time_loop_fu_1296/fmul_32ns_32ns_32_4_max_dsp_1_U100/matmul_8x8x8_fmul_32ns_32ns_32_4_max_dsp_1_ip_u/U0/<hidden>/<hidden>/<hidden>/<hidden>/<hidden>/<hidden>
    DSP48_X5Y51          DSP48E1                                      r  u_iface0/u_matmul/grp_matmul_8x8x8_Pipeline_time_loop_fu_1296/fmul_32ns_32ns_32_4_max_dsp_1_U100/matmul_8x8x8_fmul_32ns_32ns_32_4_max_dsp_1_ip_u/U0/<hidden>/<hidden>/<hidden>/<hidden>/<hidden>/<hidden>/<hidden>

Slack:                    inf
  Source:                 u_iface0/u_matmul/grp_matmul_8x8x8_Pipeline_time_loop_fu_1296/fmul_32ns_32ns_32_4_max_dsp_1_U100/matmul_8x8x8_fmul_32ns_32ns_32_4_max_dsp_1_ip_u/U0/<hidden>/<hidden>/<hidden>/<hidden>/<hidden>/<hidden>/<hidden>
                            (internal pin)
  Destination:            u_iface0/u_matmul/grp_matmul_8x8x8_Pipeline_time_loop_fu_1296/fmul_32ns_32ns_32_4_max_dsp_1_U100/matmul_8x8x8_fmul_32ns_32ns_32_4_max_dsp_1_ip_u/U0/<hidden>/<hidden>/<hidden>/<hidden>/<hidden>/<hidden>/<hidden>
                            (rising edge-triggered cell DSP48E1 clocked by clk_out20_unbuf  {rise@0.000ns fall@12.500ns period=25.000ns})
  Path Group:             (none)
  Path Type:              Hold (Min at Slow Process Corner)
  Data Path Delay:        0.002ns  (logic 0.000ns (0.000%)  route 0.002ns (100.000%))
  Logic Levels:           0  
  Clock Uncertainty:      0.179ns  ((TSJ^2 + DJ^2)^1/2) / 2 + PE
    Total System Jitter     (TSJ):    0.050ns
    Discrete Jitter          (DJ):    0.154ns
    Phase Error              (PE):    0.099ns

    Location             Delay type                Incr(ns)  Path(ns)    Netlist Resource(s)
  -------------------------------------------------------------------    -------------------
    DSP48_X5Y50          DSP48E1                      0.000     0.000 r  u_iface0/u_matmul/grp_matmul_8x8x8_Pipeline_time_loop_fu_1296/fmul_32ns_32ns_32_4_max_dsp_1_U100/matmul_8x8x8_fmul_32ns_32ns_32_4_max_dsp_1_ip_u/U0/<hidden>/<hidden>/<hidden>/<hidden>/<hidden>/<hidden>/<hidden>
                         net (fo=1, routed)           0.002     0.002    u_iface0/u_matmul/grp_matmul_8x8x8_Pipeline_time_loop_fu_1296/fmul_32ns_32ns_32_4_max_dsp_1_U100/matmul_8x8x8_fmul_32ns_32ns_32_4_max_dsp_1_ip_u/U0/<hidden>/<hidden>/<hidden>/<hidden>/<hidden>/<hidden>
    DSP48_X5Y51          DSP48E1                                      r  u_iface0/u_matmul/grp_matmul_8x8x8_Pipeline_time_loop_fu_1296/fmul_32ns_32ns_32_4_max_dsp_1_U100/matmul_8x8x8_fmul_32ns_32ns_32_4_max_dsp_1_ip_u/U0/<hidden>/<hidden>/<hidden>/<hidden>/<hidden>/<hidden>/<hidden>
  -------------------------------------------------------------------    -------------------

                         (clock clk_out20_unbuf rise edge)
                                                      0.000     0.000 r  <hidden>
    R4                                                0.000     0.000 r  clk_pin100
                         net (fo=0)                   0.000     0.000    clk_pin100
    R4                   IBUF (Prop_ibuf_I_O)         1.475     1.475 r  clk_pin100_IBUF_inst/O
                         net (fo=1, routed)           1.233     2.708    u_clk_gen/clk_pin100_IBUF
    MMCME2_ADV_X1Y2      MMCME2_ADV (Prop_mmcme2_adv_CLKIN1_CLKOUT0)
                                                      0.088     2.796 r  u_clk_gen/u_mmcm/CLKOUT0
                         net (fo=1, routed)           1.808     4.605    u_clk_gen/clk_out20_unbuf
    BUFGCTRL_X0Y0        BUFG (Prop_bufg_I_O)         0.096     4.701 r  u_clk_gen/u_bufg/O
                         net (fo=44750, routed)       1.740     6.441    u_iface0/u_matmul/grp_matmul_8x8x8_Pipeline_time_loop_fu_1296/fmul_32ns_32ns_32_4_max_dsp_1_U100/matmul_8x8x8_fmul_32ns_32ns_32_4_max_dsp_1_ip_u/U0/<hidden>/<hidden>/<hidden>/<hidden>/<hidden>/<hidden>
    DSP48_X5Y51          DSP48E1                                      r  u_iface0/u_matmul/grp_matmul_8x8x8_Pipeline_time_loop_fu_1296/fmul_32ns_32ns_32_4_max_dsp_1_U100/matmul_8x8x8_fmul_32ns_32ns_32_4_max_dsp_1_ip_u/U0/<hidden>/<hidden>/<hidden>/<hidden>/<hidden>/<hidden>/<hidden>

Slack:                    inf
  Source:                 u_iface0/u_matmul/grp_matmul_8x8x8_Pipeline_time_loop_fu_1296/fmul_32ns_32ns_32_4_max_dsp_1_U100/matmul_8x8x8_fmul_32ns_32ns_32_4_max_dsp_1_ip_u/U0/<hidden>/<hidden>/<hidden>/<hidden>/<hidden>/<hidden>/<hidden>
                            (internal pin)
  Destination:            u_iface0/u_matmul/grp_matmul_8x8x8_Pipeline_time_loop_fu_1296/fmul_32ns_32ns_32_4_max_dsp_1_U100/matmul_8x8x8_fmul_32ns_32ns_32_4_max_dsp_1_ip_u/U0/<hidden>/<hidden>/<hidden>/<hidden>/<hidden>/<hidden>/<hidden>
                            (rising edge-triggered cell DSP48E1 clocked by clk_out20_unbuf  {rise@0.000ns fall@12.500ns period=25.000ns})
  Path Group:             (none)
  Path Type:              Hold (Min at Slow Process Corner)
  Data Path Delay:        0.002ns  (logic 0.000ns (0.000%)  route 0.002ns (100.000%))
  Logic Levels:           0  
  Clock Uncertainty:      0.179ns  ((TSJ^2 + DJ^2)^1/2) / 2 + PE
    Total System Jitter     (TSJ):    0.050ns
    Discrete Jitter          (DJ):    0.154ns
    Phase Error              (PE):    0.099ns

    Location             Delay type                Incr(ns)  Path(ns)    Netlist Resource(s)
  -------------------------------------------------------------------    -------------------
    DSP48_X5Y50          DSP48E1                      0.000     0.000 r  u_iface0/u_matmul/grp_matmul_8x8x8_Pipeline_time_loop_fu_1296/fmul_32ns_32ns_32_4_max_dsp_1_U100/matmul_8x8x8_fmul_32ns_32ns_32_4_max_dsp_1_ip_u/U0/<hidden>/<hidden>/<hidden>/<hidden>/<hidden>/<hidden>/<hidden>
                         net (fo=1, routed)           0.002     0.002    u_iface0/u_matmul/grp_matmul_8x8x8_Pipeline_time_loop_fu_1296/fmul_32ns_32ns_32_4_max_dsp_1_U100/matmul_8x8x8_fmul_32ns_32ns_32_4_max_dsp_1_ip_u/U0/<hidden>/<hidden>/<hidden>/<hidden>/<hidden>/<hidden>
    DSP48_X5Y51          DSP48E1                                      r  u_iface0/u_matmul/grp_matmul_8x8x8_Pipeline_time_loop_fu_1296/fmul_32ns_32ns_32_4_max_dsp_1_U100/matmul_8x8x8_fmul_32ns_32ns_32_4_max_dsp_1_ip_u/U0/<hidden>/<hidden>/<hidden>/<hidden>/<hidden>/<hidden>/<hidden>
  -------------------------------------------------------------------    -------------------

                         (clock clk_out20_unbuf rise edge)
                                                      0.000     0.000 r  <hidden>
    R4                                                0.000     0.000 r  clk_pin100
                         net (fo=0)                   0.000     0.000    clk_pin100
    R4                   IBUF (Prop_ibuf_I_O)         1.475     1.475 r  clk_pin100_IBUF_inst/O
                         net (fo=1, routed)           1.233     2.708    u_clk_gen/clk_pin100_IBUF
    MMCME2_ADV_X1Y2      MMCME2_ADV (Prop_mmcme2_adv_CLKIN1_CLKOUT0)
                                                      0.088     2.796 r  u_clk_gen/u_mmcm/CLKOUT0
                         net (fo=1, routed)           1.808     4.605    u_clk_gen/clk_out20_unbuf
    BUFGCTRL_X0Y0        BUFG (Prop_bufg_I_O)         0.096     4.701 r  u_clk_gen/u_bufg/O
                         net (fo=44750, routed)       1.740     6.441    u_iface0/u_matmul/grp_matmul_8x8x8_Pipeline_time_loop_fu_1296/fmul_32ns_32ns_32_4_max_dsp_1_U100/matmul_8x8x8_fmul_32ns_32ns_32_4_max_dsp_1_ip_u/U0/<hidden>/<hidden>/<hidden>/<hidden>/<hidden>/<hidden>
    DSP48_X5Y51          DSP48E1                                      r  u_iface0/u_matmul/grp_matmul_8x8x8_Pipeline_time_loop_fu_1296/fmul_32ns_32ns_32_4_max_dsp_1_U100/matmul_8x8x8_fmul_32ns_32ns_32_4_max_dsp_1_ip_u/U0/<hidden>/<hidden>/<hidden>/<hidden>/<hidden>/<hidden>/<hidden>

Slack:                    inf
  Source:                 u_iface0/u_matmul/grp_matmul_8x8x8_Pipeline_time_loop_fu_1296/fmul_32ns_32ns_32_4_max_dsp_1_U100/matmul_8x8x8_fmul_32ns_32ns_32_4_max_dsp_1_ip_u/U0/<hidden>/<hidden>/<hidden>/<hidden>/<hidden>/<hidden>/<hidden>
                            (internal pin)
  Destination:            u_iface0/u_matmul/grp_matmul_8x8x8_Pipeline_time_loop_fu_1296/fmul_32ns_32ns_32_4_max_dsp_1_U100/matmul_8x8x8_fmul_32ns_32ns_32_4_max_dsp_1_ip_u/U0/<hidden>/<hidden>/<hidden>/<hidden>/<hidden>/<hidden>/<hidden>
                            (rising edge-triggered cell DSP48E1 clocked by clk_out20_unbuf  {rise@0.000ns fall@12.500ns period=25.000ns})
  Path Group:             (none)
  Path Type:              Hold (Min at Slow Process Corner)
  Data Path Delay:        0.002ns  (logic 0.000ns (0.000%)  route 0.002ns (100.000%))
  Logic Levels:           0  
  Clock Uncertainty:      0.179ns  ((TSJ^2 + DJ^2)^1/2) / 2 + PE
    Total System Jitter     (TSJ):    0.050ns
    Discrete Jitter          (DJ):    0.154ns
    Phase Error              (PE):    0.099ns

    Location             Delay type                Incr(ns)  Path(ns)    Netlist Resource(s)
  -------------------------------------------------------------------    -------------------
    DSP48_X5Y50          DSP48E1                      0.000     0.000 r  u_iface0/u_matmul/grp_matmul_8x8x8_Pipeline_time_loop_fu_1296/fmul_32ns_32ns_32_4_max_dsp_1_U100/matmul_8x8x8_fmul_32ns_32ns_32_4_max_dsp_1_ip_u/U0/<hidden>/<hidden>/<hidden>/<hidden>/<hidden>/<hidden>/<hidden>
                         net (fo=1, routed)           0.002     0.002    u_iface0/u_matmul/grp_matmul_8x8x8_Pipeline_time_loop_fu_1296/fmul_32ns_32ns_32_4_max_dsp_1_U100/matmul_8x8x8_fmul_32ns_32ns_32_4_max_dsp_1_ip_u/U0/<hidden>/<hidden>/<hidden>/<hidden>/<hidden>/<hidden>
    DSP48_X5Y51          DSP48E1                                      r  u_iface0/u_matmul/grp_matmul_8x8x8_Pipeline_time_loop_fu_1296/fmul_32ns_32ns_32_4_max_dsp_1_U100/matmul_8x8x8_fmul_32ns_32ns_32_4_max_dsp_1_ip_u/U0/<hidden>/<hidden>/<hidden>/<hidden>/<hidden>/<hidden>/<hidden>
  -------------------------------------------------------------------    -------------------

                         (clock clk_out20_unbuf rise edge)
                                                      0.000     0.000 r  <hidden>
    R4                                                0.000     0.000 r  clk_pin100
                         net (fo=0)                   0.000     0.000    clk_pin100
    R4                   IBUF (Prop_ibuf_I_O)         1.475     1.475 r  clk_pin100_IBUF_inst/O
                         net (fo=1, routed)           1.233     2.708    u_clk_gen/clk_pin100_IBUF
    MMCME2_ADV_X1Y2      MMCME2_ADV (Prop_mmcme2_adv_CLKIN1_CLKOUT0)
                                                      0.088     2.796 r  u_clk_gen/u_mmcm/CLKOUT0
                         net (fo=1, routed)           1.808     4.605    u_clk_gen/clk_out20_unbuf
    BUFGCTRL_X0Y0        BUFG (Prop_bufg_I_O)         0.096     4.701 r  u_clk_gen/u_bufg/O
                         net (fo=44750, routed)       1.740     6.441    u_iface0/u_matmul/grp_matmul_8x8x8_Pipeline_time_loop_fu_1296/fmul_32ns_32ns_32_4_max_dsp_1_U100/matmul_8x8x8_fmul_32ns_32ns_32_4_max_dsp_1_ip_u/U0/<hidden>/<hidden>/<hidden>/<hidden>/<hidden>/<hidden>
    DSP48_X5Y51          DSP48E1                                      r  u_iface0/u_matmul/grp_matmul_8x8x8_Pipeline_time_loop_fu_1296/fmul_32ns_32ns_32_4_max_dsp_1_U100/matmul_8x8x8_fmul_32ns_32ns_32_4_max_dsp_1_ip_u/U0/<hidden>/<hidden>/<hidden>/<hidden>/<hidden>/<hidden>/<hidden>

Slack:                    inf
  Source:                 u_iface0/u_matmul/grp_matmul_8x8x8_Pipeline_time_loop_fu_1296/fmul_32ns_32ns_32_4_max_dsp_1_U100/matmul_8x8x8_fmul_32ns_32ns_32_4_max_dsp_1_ip_u/U0/<hidden>/<hidden>/<hidden>/<hidden>/<hidden>/<hidden>/<hidden>
                            (internal pin)
  Destination:            u_iface0/u_matmul/grp_matmul_8x8x8_Pipeline_time_loop_fu_1296/fmul_32ns_32ns_32_4_max_dsp_1_U100/matmul_8x8x8_fmul_32ns_32ns_32_4_max_dsp_1_ip_u/U0/<hidden>/<hidden>/<hidden>/<hidden>/<hidden>/<hidden>/<hidden>
                            (rising edge-triggered cell DSP48E1 clocked by clk_out20_unbuf  {rise@0.000ns fall@12.500ns period=25.000ns})
  Path Group:             (none)
  Path Type:              Hold (Min at Slow Process Corner)
  Data Path Delay:        0.002ns  (logic 0.000ns (0.000%)  route 0.002ns (100.000%))
  Logic Levels:           0  
  Clock Uncertainty:      0.179ns  ((TSJ^2 + DJ^2)^1/2) / 2 + PE
    Total System Jitter     (TSJ):    0.050ns
    Discrete Jitter          (DJ):    0.154ns
    Phase Error              (PE):    0.099ns

    Location             Delay type                Incr(ns)  Path(ns)    Netlist Resource(s)
  -------------------------------------------------------------------    -------------------
    DSP48_X5Y50          DSP48E1                      0.000     0.000 r  u_iface0/u_matmul/grp_matmul_8x8x8_Pipeline_time_loop_fu_1296/fmul_32ns_32ns_32_4_max_dsp_1_U100/matmul_8x8x8_fmul_32ns_32ns_32_4_max_dsp_1_ip_u/U0/<hidden>/<hidden>/<hidden>/<hidden>/<hidden>/<hidden>/<hidden>
                         net (fo=1, routed)           0.002     0.002    u_iface0/u_matmul/grp_matmul_8x8x8_Pipeline_time_loop_fu_1296/fmul_32ns_32ns_32_4_max_dsp_1_U100/matmul_8x8x8_fmul_32ns_32ns_32_4_max_dsp_1_ip_u/U0/<hidden>/<hidden>/<hidden>/<hidden>/<hidden>/<hidden>
    DSP48_X5Y51          DSP48E1                                      r  u_iface0/u_matmul/grp_matmul_8x8x8_Pipeline_time_loop_fu_1296/fmul_32ns_32ns_32_4_max_dsp_1_U100/matmul_8x8x8_fmul_32ns_32ns_32_4_max_dsp_1_ip_u/U0/<hidden>/<hidden>/<hidden>/<hidden>/<hidden>/<hidden>/<hidden>
  -------------------------------------------------------------------    -------------------

                         (clock clk_out20_unbuf rise edge)
                                                      0.000     0.000 r  <hidden>
    R4                                                0.000     0.000 r  clk_pin100
                         net (fo=0)                   0.000     0.000    clk_pin100
    R4                   IBUF (Prop_ibuf_I_O)         1.475     1.475 r  clk_pin100_IBUF_inst/O
                         net (fo=1, routed)           1.233     2.708    u_clk_gen/clk_pin100_IBUF
    MMCME2_ADV_X1Y2      MMCME2_ADV (Prop_mmcme2_adv_CLKIN1_CLKOUT0)
                                                      0.088     2.796 r  u_clk_gen/u_mmcm/CLKOUT0
                         net (fo=1, routed)           1.808     4.605    u_clk_gen/clk_out20_unbuf
    BUFGCTRL_X0Y0        BUFG (Prop_bufg_I_O)         0.096     4.701 r  u_clk_gen/u_bufg/O
                         net (fo=44750, routed)       1.740     6.441    u_iface0/u_matmul/grp_matmul_8x8x8_Pipeline_time_loop_fu_1296/fmul_32ns_32ns_32_4_max_dsp_1_U100/matmul_8x8x8_fmul_32ns_32ns_32_4_max_dsp_1_ip_u/U0/<hidden>/<hidden>/<hidden>/<hidden>/<hidden>/<hidden>
    DSP48_X5Y51          DSP48E1                                      r  u_iface0/u_matmul/grp_matmul_8x8x8_Pipeline_time_loop_fu_1296/fmul_32ns_32ns_32_4_max_dsp_1_U100/matmul_8x8x8_fmul_32ns_32ns_32_4_max_dsp_1_ip_u/U0/<hidden>/<hidden>/<hidden>/<hidden>/<hidden>/<hidden>/<hidden>

Slack:                    inf
  Source:                 u_iface0/u_matmul/grp_matmul_8x8x8_Pipeline_time_loop_fu_1296/fmul_32ns_32ns_32_4_max_dsp_1_U100/matmul_8x8x8_fmul_32ns_32ns_32_4_max_dsp_1_ip_u/U0/<hidden>/<hidden>/<hidden>/<hidden>/<hidden>/<hidden>/<hidden>
                            (internal pin)
  Destination:            u_iface0/u_matmul/grp_matmul_8x8x8_Pipeline_time_loop_fu_1296/fmul_32ns_32ns_32_4_max_dsp_1_U100/matmul_8x8x8_fmul_32ns_32ns_32_4_max_dsp_1_ip_u/U0/<hidden>/<hidden>/<hidden>/<hidden>/<hidden>/<hidden>/<hidden>
                            (rising edge-triggered cell DSP48E1 clocked by clk_out20_unbuf  {rise@0.000ns fall@12.500ns period=25.000ns})
  Path Group:             (none)
  Path Type:              Hold (Min at Slow Process Corner)
  Data Path Delay:        0.002ns  (logic 0.000ns (0.000%)  route 0.002ns (100.000%))
  Logic Levels:           0  
  Clock Uncertainty:      0.179ns  ((TSJ^2 + DJ^2)^1/2) / 2 + PE
    Total System Jitter     (TSJ):    0.050ns
    Discrete Jitter          (DJ):    0.154ns
    Phase Error              (PE):    0.099ns

    Location             Delay type                Incr(ns)  Path(ns)    Netlist Resource(s)
  -------------------------------------------------------------------    -------------------
    DSP48_X5Y50          DSP48E1                      0.000     0.000 r  u_iface0/u_matmul/grp_matmul_8x8x8_Pipeline_time_loop_fu_1296/fmul_32ns_32ns_32_4_max_dsp_1_U100/matmul_8x8x8_fmul_32ns_32ns_32_4_max_dsp_1_ip_u/U0/<hidden>/<hidden>/<hidden>/<hidden>/<hidden>/<hidden>/<hidden>
                         net (fo=1, routed)           0.002     0.002    u_iface0/u_matmul/grp_matmul_8x8x8_Pipeline_time_loop_fu_1296/fmul_32ns_32ns_32_4_max_dsp_1_U100/matmul_8x8x8_fmul_32ns_32ns_32_4_max_dsp_1_ip_u/U0/<hidden>/<hidden>/<hidden>/<hidden>/<hidden>/<hidden>
    DSP48_X5Y51          DSP48E1                                      r  u_iface0/u_matmul/grp_matmul_8x8x8_Pipeline_time_loop_fu_1296/fmul_32ns_32ns_32_4_max_dsp_1_U100/matmul_8x8x8_fmul_32ns_32ns_32_4_max_dsp_1_ip_u/U0/<hidden>/<hidden>/<hidden>/<hidden>/<hidden>/<hidden>/<hidden>
  -------------------------------------------------------------------    -------------------

                         (clock clk_out20_unbuf rise edge)
                                                      0.000     0.000 r  <hidden>
    R4                                                0.000     0.000 r  clk_pin100
                         net (fo=0)                   0.000     0.000    clk_pin100
    R4                   IBUF (Prop_ibuf_I_O)         1.475     1.475 r  clk_pin100_IBUF_inst/O
                         net (fo=1, routed)           1.233     2.708    u_clk_gen/clk_pin100_IBUF
    MMCME2_ADV_X1Y2      MMCME2_ADV (Prop_mmcme2_adv_CLKIN1_CLKOUT0)
                                                      0.088     2.796 r  u_clk_gen/u_mmcm/CLKOUT0
                         net (fo=1, routed)           1.808     4.605    u_clk_gen/clk_out20_unbuf
    BUFGCTRL_X0Y0        BUFG (Prop_bufg_I_O)         0.096     4.701 r  u_clk_gen/u_bufg/O
                         net (fo=44750, routed)       1.740     6.441    u_iface0/u_matmul/grp_matmul_8x8x8_Pipeline_time_loop_fu_1296/fmul_32ns_32ns_32_4_max_dsp_1_U100/matmul_8x8x8_fmul_32ns_32ns_32_4_max_dsp_1_ip_u/U0/<hidden>/<hidden>/<hidden>/<hidden>/<hidden>/<hidden>
    DSP48_X5Y51          DSP48E1                                      r  u_iface0/u_matmul/grp_matmul_8x8x8_Pipeline_time_loop_fu_1296/fmul_32ns_32ns_32_4_max_dsp_1_U100/matmul_8x8x8_fmul_32ns_32ns_32_4_max_dsp_1_ip_u/U0/<hidden>/<hidden>/<hidden>/<hidden>/<hidden>/<hidden>/<hidden>

Slack:                    inf
  Source:                 u_iface0/u_matmul/grp_matmul_8x8x8_Pipeline_time_loop_fu_1296/fmul_32ns_32ns_32_4_max_dsp_1_U100/matmul_8x8x8_fmul_32ns_32ns_32_4_max_dsp_1_ip_u/U0/<hidden>/<hidden>/<hidden>/<hidden>/<hidden>/<hidden>/<hidden>
                            (internal pin)
  Destination:            u_iface0/u_matmul/grp_matmul_8x8x8_Pipeline_time_loop_fu_1296/fmul_32ns_32ns_32_4_max_dsp_1_U100/matmul_8x8x8_fmul_32ns_32ns_32_4_max_dsp_1_ip_u/U0/<hidden>/<hidden>/<hidden>/<hidden>/<hidden>/<hidden>/<hidden>
                            (rising edge-triggered cell DSP48E1 clocked by clk_out20_unbuf  {rise@0.000ns fall@12.500ns period=25.000ns})
  Path Group:             (none)
  Path Type:              Hold (Min at Slow Process Corner)
  Data Path Delay:        0.002ns  (logic 0.000ns (0.000%)  route 0.002ns (100.000%))
  Logic Levels:           0  
  Clock Uncertainty:      0.179ns  ((TSJ^2 + DJ^2)^1/2) / 2 + PE
    Total System Jitter     (TSJ):    0.050ns
    Discrete Jitter          (DJ):    0.154ns
    Phase Error              (PE):    0.099ns

    Location             Delay type                Incr(ns)  Path(ns)    Netlist Resource(s)
  -------------------------------------------------------------------    -------------------
    DSP48_X5Y50          DSP48E1                      0.000     0.000 r  u_iface0/u_matmul/grp_matmul_8x8x8_Pipeline_time_loop_fu_1296/fmul_32ns_32ns_32_4_max_dsp_1_U100/matmul_8x8x8_fmul_32ns_32ns_32_4_max_dsp_1_ip_u/U0/<hidden>/<hidden>/<hidden>/<hidden>/<hidden>/<hidden>/<hidden>
                         net (fo=1, routed)           0.002     0.002    u_iface0/u_matmul/grp_matmul_8x8x8_Pipeline_time_loop_fu_1296/fmul_32ns_32ns_32_4_max_dsp_1_U100/matmul_8x8x8_fmul_32ns_32ns_32_4_max_dsp_1_ip_u/U0/<hidden>/<hidden>/<hidden>/<hidden>/<hidden>/<hidden>
    DSP48_X5Y51          DSP48E1                                      r  u_iface0/u_matmul/grp_matmul_8x8x8_Pipeline_time_loop_fu_1296/fmul_32ns_32ns_32_4_max_dsp_1_U100/matmul_8x8x8_fmul_32ns_32ns_32_4_max_dsp_1_ip_u/U0/<hidden>/<hidden>/<hidden>/<hidden>/<hidden>/<hidden>/<hidden>
  -------------------------------------------------------------------    -------------------

                         (clock clk_out20_unbuf rise edge)
                                                      0.000     0.000 r  <hidden>
    R4                                                0.000     0.000 r  clk_pin100
                         net (fo=0)                   0.000     0.000    clk_pin100
    R4                   IBUF (Prop_ibuf_I_O)         1.475     1.475 r  clk_pin100_IBUF_inst/O
                         net (fo=1, routed)           1.233     2.708    u_clk_gen/clk_pin100_IBUF
    MMCME2_ADV_X1Y2      MMCME2_ADV (Prop_mmcme2_adv_CLKIN1_CLKOUT0)
                                                      0.088     2.796 r  u_clk_gen/u_mmcm/CLKOUT0
                         net (fo=1, routed)           1.808     4.605    u_clk_gen/clk_out20_unbuf
    BUFGCTRL_X0Y0        BUFG (Prop_bufg_I_O)         0.096     4.701 r  u_clk_gen/u_bufg/O
                         net (fo=44750, routed)       1.740     6.441    u_iface0/u_matmul/grp_matmul_8x8x8_Pipeline_time_loop_fu_1296/fmul_32ns_32ns_32_4_max_dsp_1_U100/matmul_8x8x8_fmul_32ns_32ns_32_4_max_dsp_1_ip_u/U0/<hidden>/<hidden>/<hidden>/<hidden>/<hidden>/<hidden>
    DSP48_X5Y51          DSP48E1                                      r  u_iface0/u_matmul/grp_matmul_8x8x8_Pipeline_time_loop_fu_1296/fmul_32ns_32ns_32_4_max_dsp_1_U100/matmul_8x8x8_fmul_32ns_32ns_32_4_max_dsp_1_ip_u/U0/<hidden>/<hidden>/<hidden>/<hidden>/<hidden>/<hidden>/<hidden>

Slack:                    inf
  Source:                 u_iface0/u_matmul/grp_matmul_8x8x8_Pipeline_time_loop_fu_1296/fmul_32ns_32ns_32_4_max_dsp_1_U100/matmul_8x8x8_fmul_32ns_32ns_32_4_max_dsp_1_ip_u/U0/<hidden>/<hidden>/<hidden>/<hidden>/<hidden>/<hidden>/<hidden>
                            (internal pin)
  Destination:            u_iface0/u_matmul/grp_matmul_8x8x8_Pipeline_time_loop_fu_1296/fmul_32ns_32ns_32_4_max_dsp_1_U100/matmul_8x8x8_fmul_32ns_32ns_32_4_max_dsp_1_ip_u/U0/<hidden>/<hidden>/<hidden>/<hidden>/<hidden>/<hidden>/<hidden>
                            (rising edge-triggered cell DSP48E1 clocked by clk_out20_unbuf  {rise@0.000ns fall@12.500ns period=25.000ns})
  Path Group:             (none)
  Path Type:              Hold (Min at Slow Process Corner)
  Data Path Delay:        0.002ns  (logic 0.000ns (0.000%)  route 0.002ns (100.000%))
  Logic Levels:           0  
  Clock Uncertainty:      0.179ns  ((TSJ^2 + DJ^2)^1/2) / 2 + PE
    Total System Jitter     (TSJ):    0.050ns
    Discrete Jitter          (DJ):    0.154ns
    Phase Error              (PE):    0.099ns

    Location             Delay type                Incr(ns)  Path(ns)    Netlist Resource(s)
  -------------------------------------------------------------------    -------------------
    DSP48_X5Y50          DSP48E1                      0.000     0.000 r  u_iface0/u_matmul/grp_matmul_8x8x8_Pipeline_time_loop_fu_1296/fmul_32ns_32ns_32_4_max_dsp_1_U100/matmul_8x8x8_fmul_32ns_32ns_32_4_max_dsp_1_ip_u/U0/<hidden>/<hidden>/<hidden>/<hidden>/<hidden>/<hidden>/<hidden>
                         net (fo=1, routed)           0.002     0.002    u_iface0/u_matmul/grp_matmul_8x8x8_Pipeline_time_loop_fu_1296/fmul_32ns_32ns_32_4_max_dsp_1_U100/matmul_8x8x8_fmul_32ns_32ns_32_4_max_dsp_1_ip_u/U0/<hidden>/<hidden>/<hidden>/<hidden>/<hidden>/<hidden>
    DSP48_X5Y51          DSP48E1                                      r  u_iface0/u_matmul/grp_matmul_8x8x8_Pipeline_time_loop_fu_1296/fmul_32ns_32ns_32_4_max_dsp_1_U100/matmul_8x8x8_fmul_32ns_32ns_32_4_max_dsp_1_ip_u/U0/<hidden>/<hidden>/<hidden>/<hidden>/<hidden>/<hidden>/<hidden>
  -------------------------------------------------------------------    -------------------

                         (clock clk_out20_unbuf rise edge)
                                                      0.000     0.000 r  <hidden>
    R4                                                0.000     0.000 r  clk_pin100
                         net (fo=0)                   0.000     0.000    clk_pin100
    R4                   IBUF (Prop_ibuf_I_O)         1.475     1.475 r  clk_pin100_IBUF_inst/O
                         net (fo=1, routed)           1.233     2.708    u_clk_gen/clk_pin100_IBUF
    MMCME2_ADV_X1Y2      MMCME2_ADV (Prop_mmcme2_adv_CLKIN1_CLKOUT0)
                                                      0.088     2.796 r  u_clk_gen/u_mmcm/CLKOUT0
                         net (fo=1, routed)           1.808     4.605    u_clk_gen/clk_out20_unbuf
    BUFGCTRL_X0Y0        BUFG (Prop_bufg_I_O)         0.096     4.701 r  u_clk_gen/u_bufg/O
                         net (fo=44750, routed)       1.740     6.441    u_iface0/u_matmul/grp_matmul_8x8x8_Pipeline_time_loop_fu_1296/fmul_32ns_32ns_32_4_max_dsp_1_U100/matmul_8x8x8_fmul_32ns_32ns_32_4_max_dsp_1_ip_u/U0/<hidden>/<hidden>/<hidden>/<hidden>/<hidden>/<hidden>
    DSP48_X5Y51          DSP48E1                                      r  u_iface0/u_matmul/grp_matmul_8x8x8_Pipeline_time_loop_fu_1296/fmul_32ns_32ns_32_4_max_dsp_1_U100/matmul_8x8x8_fmul_32ns_32ns_32_4_max_dsp_1_ip_u/U0/<hidden>/<hidden>/<hidden>/<hidden>/<hidden>/<hidden>/<hidden>

Slack:                    inf
  Source:                 u_iface0/u_matmul/grp_matmul_8x8x8_Pipeline_time_loop_fu_1296/fmul_32ns_32ns_32_4_max_dsp_1_U100/matmul_8x8x8_fmul_32ns_32ns_32_4_max_dsp_1_ip_u/U0/<hidden>/<hidden>/<hidden>/<hidden>/<hidden>/<hidden>/<hidden>
                            (internal pin)
  Destination:            u_iface0/u_matmul/grp_matmul_8x8x8_Pipeline_time_loop_fu_1296/fmul_32ns_32ns_32_4_max_dsp_1_U100/matmul_8x8x8_fmul_32ns_32ns_32_4_max_dsp_1_ip_u/U0/<hidden>/<hidden>/<hidden>/<hidden>/<hidden>/<hidden>/<hidden>
                            (rising edge-triggered cell DSP48E1 clocked by clk_out20_unbuf  {rise@0.000ns fall@12.500ns period=25.000ns})
  Path Group:             (none)
  Path Type:              Hold (Min at Slow Process Corner)
  Data Path Delay:        0.002ns  (logic 0.000ns (0.000%)  route 0.002ns (100.000%))
  Logic Levels:           0  
  Clock Uncertainty:      0.179ns  ((TSJ^2 + DJ^2)^1/2) / 2 + PE
    Total System Jitter     (TSJ):    0.050ns
    Discrete Jitter          (DJ):    0.154ns
    Phase Error              (PE):    0.099ns

    Location             Delay type                Incr(ns)  Path(ns)    Netlist Resource(s)
  -------------------------------------------------------------------    -------------------
    DSP48_X5Y50          DSP48E1                      0.000     0.000 r  u_iface0/u_matmul/grp_matmul_8x8x8_Pipeline_time_loop_fu_1296/fmul_32ns_32ns_32_4_max_dsp_1_U100/matmul_8x8x8_fmul_32ns_32ns_32_4_max_dsp_1_ip_u/U0/<hidden>/<hidden>/<hidden>/<hidden>/<hidden>/<hidden>/<hidden>
                         net (fo=1, routed)           0.002     0.002    u_iface0/u_matmul/grp_matmul_8x8x8_Pipeline_time_loop_fu_1296/fmul_32ns_32ns_32_4_max_dsp_1_U100/matmul_8x8x8_fmul_32ns_32ns_32_4_max_dsp_1_ip_u/U0/<hidden>/<hidden>/<hidden>/<hidden>/<hidden>/<hidden>
    DSP48_X5Y51          DSP48E1                                      r  u_iface0/u_matmul/grp_matmul_8x8x8_Pipeline_time_loop_fu_1296/fmul_32ns_32ns_32_4_max_dsp_1_U100/matmul_8x8x8_fmul_32ns_32ns_32_4_max_dsp_1_ip_u/U0/<hidden>/<hidden>/<hidden>/<hidden>/<hidden>/<hidden>/<hidden>
  -------------------------------------------------------------------    -------------------

                         (clock clk_out20_unbuf rise edge)
                                                      0.000     0.000 r  <hidden>
    R4                                                0.000     0.000 r  clk_pin100
                         net (fo=0)                   0.000     0.000    clk_pin100
    R4                   IBUF (Prop_ibuf_I_O)         1.475     1.475 r  clk_pin100_IBUF_inst/O
                         net (fo=1, routed)           1.233     2.708    u_clk_gen/clk_pin100_IBUF
    MMCME2_ADV_X1Y2      MMCME2_ADV (Prop_mmcme2_adv_CLKIN1_CLKOUT0)
                                                      0.088     2.796 r  u_clk_gen/u_mmcm/CLKOUT0
                         net (fo=1, routed)           1.808     4.605    u_clk_gen/clk_out20_unbuf
    BUFGCTRL_X0Y0        BUFG (Prop_bufg_I_O)         0.096     4.701 r  u_clk_gen/u_bufg/O
                         net (fo=44750, routed)       1.740     6.441    u_iface0/u_matmul/grp_matmul_8x8x8_Pipeline_time_loop_fu_1296/fmul_32ns_32ns_32_4_max_dsp_1_U100/matmul_8x8x8_fmul_32ns_32ns_32_4_max_dsp_1_ip_u/U0/<hidden>/<hidden>/<hidden>/<hidden>/<hidden>/<hidden>
    DSP48_X5Y51          DSP48E1                                      r  u_iface0/u_matmul/grp_matmul_8x8x8_Pipeline_time_loop_fu_1296/fmul_32ns_32ns_32_4_max_dsp_1_U100/matmul_8x8x8_fmul_32ns_32ns_32_4_max_dsp_1_ip_u/U0/<hidden>/<hidden>/<hidden>/<hidden>/<hidden>/<hidden>/<hidden>

Slack:                    inf
  Source:                 u_iface0/u_matmul/grp_matmul_8x8x8_Pipeline_time_loop_fu_1296/fmul_32ns_32ns_32_4_max_dsp_1_U100/matmul_8x8x8_fmul_32ns_32ns_32_4_max_dsp_1_ip_u/U0/<hidden>/<hidden>/<hidden>/<hidden>/<hidden>/<hidden>/<hidden>
                            (internal pin)
  Destination:            u_iface0/u_matmul/grp_matmul_8x8x8_Pipeline_time_loop_fu_1296/fmul_32ns_32ns_32_4_max_dsp_1_U100/matmul_8x8x8_fmul_32ns_32ns_32_4_max_dsp_1_ip_u/U0/<hidden>/<hidden>/<hidden>/<hidden>/<hidden>/<hidden>/<hidden>
                            (rising edge-triggered cell DSP48E1 clocked by clk_out20_unbuf  {rise@0.000ns fall@12.500ns period=25.000ns})
  Path Group:             (none)
  Path Type:              Hold (Min at Slow Process Corner)
  Data Path Delay:        0.002ns  (logic 0.000ns (0.000%)  route 0.002ns (100.000%))
  Logic Levels:           0  
  Clock Uncertainty:      0.179ns  ((TSJ^2 + DJ^2)^1/2) / 2 + PE
    Total System Jitter     (TSJ):    0.050ns
    Discrete Jitter          (DJ):    0.154ns
    Phase Error              (PE):    0.099ns

    Location             Delay type                Incr(ns)  Path(ns)    Netlist Resource(s)
  -------------------------------------------------------------------    -------------------
    DSP48_X5Y50          DSP48E1                      0.000     0.000 r  u_iface0/u_matmul/grp_matmul_8x8x8_Pipeline_time_loop_fu_1296/fmul_32ns_32ns_32_4_max_dsp_1_U100/matmul_8x8x8_fmul_32ns_32ns_32_4_max_dsp_1_ip_u/U0/<hidden>/<hidden>/<hidden>/<hidden>/<hidden>/<hidden>/<hidden>
                         net (fo=1, routed)           0.002     0.002    u_iface0/u_matmul/grp_matmul_8x8x8_Pipeline_time_loop_fu_1296/fmul_32ns_32ns_32_4_max_dsp_1_U100/matmul_8x8x8_fmul_32ns_32ns_32_4_max_dsp_1_ip_u/U0/<hidden>/<hidden>/<hidden>/<hidden>/<hidden>/<hidden>
    DSP48_X5Y51          DSP48E1                                      r  u_iface0/u_matmul/grp_matmul_8x8x8_Pipeline_time_loop_fu_1296/fmul_32ns_32ns_32_4_max_dsp_1_U100/matmul_8x8x8_fmul_32ns_32ns_32_4_max_dsp_1_ip_u/U0/<hidden>/<hidden>/<hidden>/<hidden>/<hidden>/<hidden>/<hidden>
  -------------------------------------------------------------------    -------------------

                         (clock clk_out20_unbuf rise edge)
                                                      0.000     0.000 r  <hidden>
    R4                                                0.000     0.000 r  clk_pin100
                         net (fo=0)                   0.000     0.000    clk_pin100
    R4                   IBUF (Prop_ibuf_I_O)         1.475     1.475 r  clk_pin100_IBUF_inst/O
                         net (fo=1, routed)           1.233     2.708    u_clk_gen/clk_pin100_IBUF
    MMCME2_ADV_X1Y2      MMCME2_ADV (Prop_mmcme2_adv_CLKIN1_CLKOUT0)
                                                      0.088     2.796 r  u_clk_gen/u_mmcm/CLKOUT0
                         net (fo=1, routed)           1.808     4.605    u_clk_gen/clk_out20_unbuf
    BUFGCTRL_X0Y0        BUFG (Prop_bufg_I_O)         0.096     4.701 r  u_clk_gen/u_bufg/O
                         net (fo=44750, routed)       1.740     6.441    u_iface0/u_matmul/grp_matmul_8x8x8_Pipeline_time_loop_fu_1296/fmul_32ns_32ns_32_4_max_dsp_1_U100/matmul_8x8x8_fmul_32ns_32ns_32_4_max_dsp_1_ip_u/U0/<hidden>/<hidden>/<hidden>/<hidden>/<hidden>/<hidden>
    DSP48_X5Y51          DSP48E1                                      r  u_iface0/u_matmul/grp_matmul_8x8x8_Pipeline_time_loop_fu_1296/fmul_32ns_32ns_32_4_max_dsp_1_U100/matmul_8x8x8_fmul_32ns_32ns_32_4_max_dsp_1_ip_u/U0/<hidden>/<hidden>/<hidden>/<hidden>/<hidden>/<hidden>/<hidden>





