Copyright 1986-2022 Xilinx, Inc. All Rights Reserved. Copyright 2022-2026 Advanced Micro Devices, Inc. All Rights Reserved.
---------------------------------------------------------------------------------------------------------------------------------------------------------------------------------------------------------------------------------------------------------
| Tool Version : Vivado v.2026.1 (lin64) Build 6511674 Tue Jun 16 11:01:26 MDT 2026
| Date         : Wed Jul 29 16:54:04 2026
| Host         : steven-studio-System-Product-Name running 64-bit Ubuntu 24.04.3 LTS
| Command      : report_timing_summary -max_paths 10 -routable_nets -report_unconstrained -file matmul_top_dual_timing_summary_routed.rpt -pb matmul_top_dual_timing_summary_routed.pb -rpx matmul_top_dual_timing_summary_routed.rpx -warn_on_violation
| Design       : matmul_top_dual
| Device       : 7a35ti-csg324
| Speed File   : -1L  PRODUCTION 1.23 2018-06-13
| Design State : Routed
---------------------------------------------------------------------------------------------------------------------------------------------------------------------------------------------------------------------------------------------------------

Timing Summary Report

------------------------------------------------------------------------------------------------
| Timer Settings
| --------------
------------------------------------------------------------------------------------------------

  Enable Multi Corner Analysis               :  Yes
  Enable Pessimism Removal                   :  Yes
  Pessimism Removal Resolution               :  Nearest Common Node
  Enable Input Delay Default Clock           :  No
  Enable Preset / Clear Arcs                 :  No
  Disable Flight Delays                      :  No
  Ignore I/O Paths                           :  No
  Timing Early Launch at Borrowing Latches   :  No
  Borrow Time for Max Delay Exceptions       :  Yes
  Merge Timing Exceptions                    :  Yes
  Inter-SLR Compensation                     :  Conservative

  Corner  Analyze    Analyze    
  Name    Max Paths  Min Paths  
  ------  ---------  ---------  
  Slow    Yes        Yes        
  Fast    Yes        Yes        


------------------------------------------------------------------------------------------------
| Report Methodology
| ------------------
------------------------------------------------------------------------------------------------

No report available as report_methodology has not been run prior. Run report_methodology on the current design for the summary of methodology violations.



check_timing report

Table of Contents
-----------------
1. checking no_clock (0)
2. checking constant_clock (0)
3. checking pulse_width_clock (0)
4. checking unconstrained_internal_endpoints (0)
5. checking no_input_delay (2)
6. checking no_output_delay (2)
7. checking multiple_clock (0)
8. checking generated_clocks (0)
9. checking loops (0)
10. checking partial_input_delay (0)
11. checking partial_output_delay (0)
12. checking latch_loops (0)

1. checking no_clock (0)
------------------------
 There are 0 register/latch pins with no clock.


2. checking constant_clock (0)
------------------------------
 There are 0 register/latch pins with constant_clock.


3. checking pulse_width_clock (0)
---------------------------------
 There are 0 register/latch pins which need pulse_width check


4. checking unconstrained_internal_endpoints (0)
------------------------------------------------
 There are 0 pins that are not constrained for maximum delay.

 There are 0 pins that are not constrained for maximum delay due to constant clock.


5. checking no_input_delay (2)
------------------------------
 There are 2 input ports with no input delay specified. (HIGH)

 There are 0 input ports with no input delay but user has a false path constraint.


6. checking no_output_delay (2)
-------------------------------
 There are 2 ports with no output delay specified. (HIGH)

 There are 0 ports with no output delay but user has a false path constraint

 There are 0 ports with no output delay but with a timing clock defined on it or propagating through it


7. checking multiple_clock (0)
------------------------------
 There are 0 register/latch pins with multiple clocks.


8. checking generated_clocks (0)
--------------------------------
 There are 0 generated clocks that are not connected to a clock source.


9. checking loops (0)
---------------------
 There are 0 combinational loops in the design.


10. checking partial_input_delay (0)
------------------------------------
 There are 0 input ports with partial input delay specified.


11. checking partial_output_delay (0)
-------------------------------------
 There are 0 ports with partial output delay specified.


12. checking latch_loops (0)
----------------------------
 There are 0 combinational latch loops in the design through latch input



------------------------------------------------------------------------------------------------
| Design Timing Summary
| ---------------------
------------------------------------------------------------------------------------------------

    WNS(ns)      TNS(ns)  TNS Failing Endpoints  TNS Total Endpoints      WHS(ns)      THS(ns)  THS Failing Endpoints  THS Total Endpoints     WPWS(ns)     TPWS(ns)  TPWS Failing Endpoints  TPWS Total Endpoints  
    -------      -------  ---------------------  -------------------      -------      -------  ---------------------  -------------------     --------     --------  ----------------------  --------------------  
     36.359        0.000                      0                30583        0.019        0.000                      0                30583        3.000        0.000                       0                 13845  


All user specified timing constraints are met.


------------------------------------------------------------------------------------------------
| Clock Summary
| -------------
------------------------------------------------------------------------------------------------

Clock              Waveform(ns)       Period(ns)      Frequency(MHz)
-----              ------------       ----------      --------------
sys_clk_pin        {0.000 5.000}      10.000          100.000         
  clk_out20_unbuf  {0.000 25.000}     50.000          20.000          
  clkfb            {0.000 5.000}      10.000          100.000         


------------------------------------------------------------------------------------------------
| Intra Clock Table
| -----------------
------------------------------------------------------------------------------------------------

Clock                  WNS(ns)      TNS(ns)  TNS Failing Endpoints  TNS Total Endpoints      WHS(ns)      THS(ns)  THS Failing Endpoints  THS Total Endpoints     WPWS(ns)     TPWS(ns)  TPWS Failing Endpoints  TPWS Total Endpoints  
-----                  -------      -------  ---------------------  -------------------      -------      -------  ---------------------  -------------------     --------     --------  ----------------------  --------------------  
sys_clk_pin                                                                                                                                                          3.000        0.000                       0                     1  
  clk_out20_unbuf       36.359        0.000                      0                30583        0.019        0.000                      0                30583       24.020        0.000                       0                 13842  
  clkfb                                                                                                                                                              8.751        0.000                       0                     2  


------------------------------------------------------------------------------------------------
| Inter Clock Table
| -----------------
------------------------------------------------------------------------------------------------

From Clock    To Clock          WNS(ns)      TNS(ns)  TNS Failing Endpoints  TNS Total Endpoints      WHS(ns)      THS(ns)  THS Failing Endpoints  THS Total Endpoints  
----------    --------          -------      -------  ---------------------  -------------------      -------      -------  ---------------------  -------------------  


------------------------------------------------------------------------------------------------
| Other Path Groups Table
| -----------------------
------------------------------------------------------------------------------------------------

Path Group    From Clock    To Clock          WNS(ns)      TNS(ns)  TNS Failing Endpoints  TNS Total Endpoints      WHS(ns)      THS(ns)  THS Failing Endpoints  THS Total Endpoints  
----------    ----------    --------          -------      -------  ---------------------  -------------------      -------      -------  ---------------------  -------------------  


------------------------------------------------------------------------------------------------
| User Ignored Path Table
| -----------------------
------------------------------------------------------------------------------------------------

Path Group    From Clock    To Clock    
----------    ----------    --------    


------------------------------------------------------------------------------------------------
| Unconstrained Path Table
| ------------------------
------------------------------------------------------------------------------------------------

Path Group       From Clock       To Clock       
----------       ----------       --------       
(none)           clk_out20_unbuf                   
(none)                            clk_out20_unbuf  


------------------------------------------------------------------------------------------------
| Timing Details
| --------------
------------------------------------------------------------------------------------------------


---------------------------------------------------------------------------------------------------
From Clock:  sys_clk_pin
  To Clock:  sys_clk_pin

Setup :           NA  Failing Endpoints,  Worst Slack           NA  ,  Total Violation           NA
Hold  :           NA  Failing Endpoints,  Worst Slack           NA  ,  Total Violation           NA
PW    :            0  Failing Endpoints,  Worst Slack        3.000ns,  Total Violation        0.000ns
---------------------------------------------------------------------------------------------------


Pulse Width Checks
--------------------------------------------------------------------------------------
Clock Name:         sys_clk_pin
Waveform(ns):       { 0.000 5.000 }
Period(ns):         10.000
Sources:            { clk_pin100 }

Check Type        Corner  Lib Pin            Reference Pin  Required(ns)  Actual(ns)  Slack(ns)  Location         Pin
Min Period        n/a     MMCME2_ADV/CLKIN1  n/a            1.249         10.000      8.751      MMCME2_ADV_X1Y1  u_clk_gen/u_mmcm/CLKIN1
Max Period        n/a     MMCME2_ADV/CLKIN1  n/a            100.000       10.000      90.000     MMCME2_ADV_X1Y1  u_clk_gen/u_mmcm/CLKIN1
Low Pulse Width   Slow    MMCME2_ADV/CLKIN1  n/a            2.000         5.000       3.000      MMCME2_ADV_X1Y1  u_clk_gen/u_mmcm/CLKIN1
Low Pulse Width   Fast    MMCME2_ADV/CLKIN1  n/a            2.000         5.000       3.000      MMCME2_ADV_X1Y1  u_clk_gen/u_mmcm/CLKIN1
High Pulse Width  Slow    MMCME2_ADV/CLKIN1  n/a            2.000         5.000       3.000      MMCME2_ADV_X1Y1  u_clk_gen/u_mmcm/CLKIN1
High Pulse Width  Fast    MMCME2_ADV/CLKIN1  n/a            2.000         5.000       3.000      MMCME2_ADV_X1Y1  u_clk_gen/u_mmcm/CLKIN1



---------------------------------------------------------------------------------------------------
From Clock:  clk_out20_unbuf
  To Clock:  clk_out20_unbuf

Setup :            0  Failing Endpoints,  Worst Slack       36.359ns,  Total Violation        0.000ns
Hold  :            0  Failing Endpoints,  Worst Slack        0.019ns,  Total Violation        0.000ns
PW    :            0  Failing Endpoints,  Worst Slack       24.020ns,  Total Violation        0.000ns
---------------------------------------------------------------------------------------------------


Max Delay Paths
--------------------------------------------------------------------------------------
Slack (MET) :             36.359ns  (required time - arrival time)
  Source:                 u_iface0/u_matmul/grp_matmul_4x4x4_Pipeline_time_loop_fu_778/k_fu_376_reg[0]/C
                            (rising edge-triggered cell FDRE clocked by clk_out20_unbuf  {rise@0.000ns fall@25.000ns period=50.000ns})
  Destination:            u_iface0/u_matmul/grp_matmul_4x4x4_Pipeline_time_loop_fu_778/b_in_8_fu_412_reg[1]/CE
                            (rising edge-triggered cell FDRE clocked by clk_out20_unbuf  {rise@0.000ns fall@25.000ns period=50.000ns})
  Path Group:             clk_out20_unbuf
  Path Type:              Setup (Max at Slow Process Corner)
  Requirement:            50.000ns  (clk_out20_unbuf rise@50.000ns - clk_out20_unbuf rise@0.000ns)
  Data Path Delay:        13.326ns  (logic 0.580ns (4.352%)  route 12.746ns (95.648%))
  Logic Levels:           1  (LUT5=1)
  Clock Path Skew:        -0.052ns (DCD - SCD + CPR)
    Destination Clock Delay (DCD):    5.777ns = ( 55.777 - 50.000 ) 
    Source Clock Delay      (SCD):    6.140ns
    Clock Pessimism Removal (CPR):    0.311ns
  Clock Uncertainty:      0.094ns  ((TSJ^2 + DJ^2)^1/2) / 2 + PE
    Total System Jitter     (TSJ):    0.071ns
    Discrete Jitter          (DJ):    0.175ns
    Phase Error              (PE):    0.000ns

    Location             Delay type                Incr(ns)  Path(ns)    Netlist Resource(s)
  -------------------------------------------------------------------    -------------------
                         (clock clk_out20_unbuf rise edge)
                                                      0.000     0.000 r  <hidden>
    E3                                                0.000     0.000 r  clk_pin100
                         net (fo=0)                   0.000     0.000    clk_pin100
    E3                   IBUF (Prop_ibuf_I_O)         1.489     1.489 r  clk_pin100_IBUF_inst/O
                         net (fo=1, routed)           1.233     2.722    u_clk_gen/clk_in100
    MMCME2_ADV_X1Y1      MMCME2_ADV (Prop_mmcme2_adv_CLKIN1_CLKOUT0)
                                                      0.088     2.810 r  u_clk_gen/u_mmcm/CLKOUT0
                         net (fo=1, routed)           1.661     4.471    u_clk_gen/clk_out20_unbuf
    BUFGCTRL_X0Y16       BUFG (Prop_bufg_I_O)         0.096     4.567 r  u_clk_gen/u_bufg/O
                         net (fo=13848, routed)       1.572     6.140    u_iface0/u_matmul/grp_matmul_4x4x4_Pipeline_time_loop_fu_778/clk_out20
    SLICE_X48Y43         FDRE                                         r  u_iface0/u_matmul/grp_matmul_4x4x4_Pipeline_time_loop_fu_778/k_fu_376_reg[0]/C
  -------------------------------------------------------------------    -------------------
    SLICE_X48Y43         FDRE (Prop_fdre_C_Q)         0.456     6.596 r  u_iface0/u_matmul/grp_matmul_4x4x4_Pipeline_time_loop_fu_778/k_fu_376_reg[0]/Q
                         net (fo=263, routed)         4.212    10.808    u_iface0/u_matmul/grp_matmul_4x4x4_Pipeline_time_loop_fu_778/mul_21s_21s_42_1_1_U127/tmp_product_0[0]
    SLICE_X44Y47         LUT5 (Prop_lut5_I4_O)        0.124    10.932 r  u_iface0/u_matmul/grp_matmul_4x4x4_Pipeline_time_loop_fu_778/mul_21s_21s_42_1_1_U127/a_in_9_fu_424[20]_i_1/O
                         net (fo=310, routed)         8.533    19.466    u_iface0/u_matmul/grp_matmul_4x4x4_Pipeline_time_loop_fu_778/mul_21s_21s_42_1_1_U127_n_27
    SLICE_X46Y18         FDRE                                         r  u_iface0/u_matmul/grp_matmul_4x4x4_Pipeline_time_loop_fu_778/b_in_8_fu_412_reg[1]/CE
  -------------------------------------------------------------------    -------------------

                         (clock clk_out20_unbuf rise edge)
                                                     50.000    50.000 r  <hidden>
    E3                                                0.000    50.000 r  clk_pin100
                         net (fo=0)                   0.000    50.000    clk_pin100
    E3                   IBUF (Prop_ibuf_I_O)         1.418    51.418 r  clk_pin100_IBUF_inst/O
                         net (fo=1, routed)           1.162    52.580    u_clk_gen/clk_in100
    MMCME2_ADV_X1Y1      MMCME2_ADV (Prop_mmcme2_adv_CLKIN1_CLKOUT0)
                                                      0.083    52.663 r  u_clk_gen/u_mmcm/CLKOUT0
                         net (fo=1, routed)           1.581    54.244    u_clk_gen/clk_out20_unbuf
    BUFGCTRL_X0Y16       BUFG (Prop_bufg_I_O)         0.091    54.335 r  u_clk_gen/u_bufg/O
                         net (fo=13848, routed)       1.441    55.777    u_iface0/u_matmul/grp_matmul_4x4x4_Pipeline_time_loop_fu_778/clk_out20
    SLICE_X46Y18         FDRE                                         r  u_iface0/u_matmul/grp_matmul_4x4x4_Pipeline_time_loop_fu_778/b_in_8_fu_412_reg[1]/C
                         clock pessimism              0.311    56.088    <hidden>
                         clock uncertainty           -0.094    55.993    <hidden>
    SLICE_X46Y18         FDRE (Setup_fdre_C_CE)      -0.169    55.824    u_iface0/u_matmul/grp_matmul_4x4x4_Pipeline_time_loop_fu_778/b_in_8_fu_412_reg[1]
  -------------------------------------------------------------------
                         required time                         55.824    <hidden>
                         arrival time                         -19.466    <hidden>
  -------------------------------------------------------------------
                         slack                                 36.359    <hidden>

Slack (MET) :             36.359ns  (required time - arrival time)
  Source:                 u_iface0/u_matmul/grp_matmul_4x4x4_Pipeline_time_loop_fu_778/k_fu_376_reg[0]/C
                            (rising edge-triggered cell FDRE clocked by clk_out20_unbuf  {rise@0.000ns fall@25.000ns period=50.000ns})
  Destination:            u_iface0/u_matmul/grp_matmul_4x4x4_Pipeline_time_loop_fu_778/b_in_8_fu_412_reg[3]/CE
                            (rising edge-triggered cell FDRE clocked by clk_out20_unbuf  {rise@0.000ns fall@25.000ns period=50.000ns})
  Path Group:             clk_out20_unbuf
  Path Type:              Setup (Max at Slow Process Corner)
  Requirement:            50.000ns  (clk_out20_unbuf rise@50.000ns - clk_out20_unbuf rise@0.000ns)
  Data Path Delay:        13.326ns  (logic 0.580ns (4.352%)  route 12.746ns (95.648%))
  Logic Levels:           1  (LUT5=1)
  Clock Path Skew:        -0.052ns (DCD - SCD + CPR)
    Destination Clock Delay (DCD):    5.777ns = ( 55.777 - 50.000 ) 
    Source Clock Delay      (SCD):    6.140ns
    Clock Pessimism Removal (CPR):    0.311ns
  Clock Uncertainty:      0.094ns  ((TSJ^2 + DJ^2)^1/2) / 2 + PE
    Total System Jitter     (TSJ):    0.071ns
    Discrete Jitter          (DJ):    0.175ns
    Phase Error              (PE):    0.000ns

    Location             Delay type                Incr(ns)  Path(ns)    Netlist Resource(s)
  -------------------------------------------------------------------    -------------------
                         (clock clk_out20_unbuf rise edge)
                                                      0.000     0.000 r  <hidden>
    E3                                                0.000     0.000 r  clk_pin100
                         net (fo=0)                   0.000     0.000    clk_pin100
    E3                   IBUF (Prop_ibuf_I_O)         1.489     1.489 r  clk_pin100_IBUF_inst/O
                         net (fo=1, routed)           1.233     2.722    u_clk_gen/clk_in100
    MMCME2_ADV_X1Y1      MMCME2_ADV (Prop_mmcme2_adv_CLKIN1_CLKOUT0)
                                                      0.088     2.810 r  u_clk_gen/u_mmcm/CLKOUT0
                         net (fo=1, routed)           1.661     4.471    u_clk_gen/clk_out20_unbuf
    BUFGCTRL_X0Y16       BUFG (Prop_bufg_I_O)         0.096     4.567 r  u_clk_gen/u_bufg/O
                         net (fo=13848, routed)       1.572     6.140    u_iface0/u_matmul/grp_matmul_4x4x4_Pipeline_time_loop_fu_778/clk_out20
    SLICE_X48Y43         FDRE                                         r  u_iface0/u_matmul/grp_matmul_4x4x4_Pipeline_time_loop_fu_778/k_fu_376_reg[0]/C
  -------------------------------------------------------------------    -------------------
    SLICE_X48Y43         FDRE (Prop_fdre_C_Q)         0.456     6.596 r  u_iface0/u_matmul/grp_matmul_4x4x4_Pipeline_time_loop_fu_778/k_fu_376_reg[0]/Q
                         net (fo=263, routed)         4.212    10.808    u_iface0/u_matmul/grp_matmul_4x4x4_Pipeline_time_loop_fu_778/mul_21s_21s_42_1_1_U127/tmp_product_0[0]
    SLICE_X44Y47         LUT5 (Prop_lut5_I4_O)        0.124    10.932 r  u_iface0/u_matmul/grp_matmul_4x4x4_Pipeline_time_loop_fu_778/mul_21s_21s_42_1_1_U127/a_in_9_fu_424[20]_i_1/O
                         net (fo=310, routed)         8.533    19.466    u_iface0/u_matmul/grp_matmul_4x4x4_Pipeline_time_loop_fu_778/mul_21s_21s_42_1_1_U127_n_27
    SLICE_X46Y18         FDRE                                         r  u_iface0/u_matmul/grp_matmul_4x4x4_Pipeline_time_loop_fu_778/b_in_8_fu_412_reg[3]/CE
  -------------------------------------------------------------------    -------------------

                         (clock clk_out20_unbuf rise edge)
                                                     50.000    50.000 r  <hidden>
    E3                                                0.000    50.000 r  clk_pin100
                         net (fo=0)                   0.000    50.000    clk_pin100
    E3                   IBUF (Prop_ibuf_I_O)         1.418    51.418 r  clk_pin100_IBUF_inst/O
                         net (fo=1, routed)           1.162    52.580    u_clk_gen/clk_in100
    MMCME2_ADV_X1Y1      MMCME2_ADV (Prop_mmcme2_adv_CLKIN1_CLKOUT0)
                                                      0.083    52.663 r  u_clk_gen/u_mmcm/CLKOUT0
                         net (fo=1, routed)           1.581    54.244    u_clk_gen/clk_out20_unbuf
    BUFGCTRL_X0Y16       BUFG (Prop_bufg_I_O)         0.091    54.335 r  u_clk_gen/u_bufg/O
                         net (fo=13848, routed)       1.441    55.777    u_iface0/u_matmul/grp_matmul_4x4x4_Pipeline_time_loop_fu_778/clk_out20
    SLICE_X46Y18         FDRE                                         r  u_iface0/u_matmul/grp_matmul_4x4x4_Pipeline_time_loop_fu_778/b_in_8_fu_412_reg[3]/C
                         clock pessimism              0.311    56.088    <hidden>
                         clock uncertainty           -0.094    55.993    <hidden>
    SLICE_X46Y18         FDRE (Setup_fdre_C_CE)      -0.169    55.824    u_iface0/u_matmul/grp_matmul_4x4x4_Pipeline_time_loop_fu_778/b_in_8_fu_412_reg[3]
  -------------------------------------------------------------------
                         required time                         55.824    <hidden>
                         arrival time                         -19.466    <hidden>
  -------------------------------------------------------------------
                         slack                                 36.359    <hidden>

Slack (MET) :             36.451ns  (required time - arrival time)
  Source:                 u_iface0/u_matmul/grp_matmul_4x4x4_Pipeline_time_loop_fu_778/k_fu_376_reg[0]/C
                            (rising edge-triggered cell FDRE clocked by clk_out20_unbuf  {rise@0.000ns fall@25.000ns period=50.000ns})
  Destination:            u_iface0/u_matmul/grp_matmul_4x4x4_Pipeline_time_loop_fu_778/a_in_2_fu_336_reg[20]/CE
                            (rising edge-triggered cell FDRE clocked by clk_out20_unbuf  {rise@0.000ns fall@25.000ns period=50.000ns})
  Path Group:             clk_out20_unbuf
  Path Type:              Setup (Max at Slow Process Corner)
  Requirement:            50.000ns  (clk_out20_unbuf rise@50.000ns - clk_out20_unbuf rise@0.000ns)
  Data Path Delay:        13.193ns  (logic 0.580ns (4.396%)  route 12.613ns (95.604%))
  Logic Levels:           1  (LUT5=1)
  Clock Path Skew:        -0.057ns (DCD - SCD + CPR)
    Destination Clock Delay (DCD):    5.772ns = ( 55.772 - 50.000 ) 
    Source Clock Delay      (SCD):    6.140ns
    Clock Pessimism Removal (CPR):    0.311ns
  Clock Uncertainty:      0.094ns  ((TSJ^2 + DJ^2)^1/2) / 2 + PE
    Total System Jitter     (TSJ):    0.071ns
    Discrete Jitter          (DJ):    0.175ns
    Phase Error              (PE):    0.000ns

    Location             Delay type                Incr(ns)  Path(ns)    Netlist Resource(s)
  -------------------------------------------------------------------    -------------------
                         (clock clk_out20_unbuf rise edge)
                                                      0.000     0.000 r  <hidden>
    E3                                                0.000     0.000 r  clk_pin100
                         net (fo=0)                   0.000     0.000    clk_pin100
    E3                   IBUF (Prop_ibuf_I_O)         1.489     1.489 r  clk_pin100_IBUF_inst/O
                         net (fo=1, routed)           1.233     2.722    u_clk_gen/clk_in100
    MMCME2_ADV_X1Y1      MMCME2_ADV (Prop_mmcme2_adv_CLKIN1_CLKOUT0)
                                                      0.088     2.810 r  u_clk_gen/u_mmcm/CLKOUT0
                         net (fo=1, routed)           1.661     4.471    u_clk_gen/clk_out20_unbuf
    BUFGCTRL_X0Y16       BUFG (Prop_bufg_I_O)         0.096     4.567 r  u_clk_gen/u_bufg/O
                         net (fo=13848, routed)       1.572     6.140    u_iface0/u_matmul/grp_matmul_4x4x4_Pipeline_time_loop_fu_778/clk_out20
    SLICE_X48Y43         FDRE                                         r  u_iface0/u_matmul/grp_matmul_4x4x4_Pipeline_time_loop_fu_778/k_fu_376_reg[0]/C
  -------------------------------------------------------------------    -------------------
    SLICE_X48Y43         FDRE (Prop_fdre_C_Q)         0.456     6.596 r  u_iface0/u_matmul/grp_matmul_4x4x4_Pipeline_time_loop_fu_778/k_fu_376_reg[0]/Q
                         net (fo=263, routed)         4.212    10.808    u_iface0/u_matmul/grp_matmul_4x4x4_Pipeline_time_loop_fu_778/mul_21s_21s_42_1_1_U127/tmp_product_0[0]
    SLICE_X44Y47         LUT5 (Prop_lut5_I4_O)        0.124    10.932 r  u_iface0/u_matmul/grp_matmul_4x4x4_Pipeline_time_loop_fu_778/mul_21s_21s_42_1_1_U127/a_in_9_fu_424[20]_i_1/O
                         net (fo=310, routed)         8.400    19.333    u_iface0/u_matmul/grp_matmul_4x4x4_Pipeline_time_loop_fu_778/mul_21s_21s_42_1_1_U127_n_27
    SLICE_X45Y23         FDRE                                         r  u_iface0/u_matmul/grp_matmul_4x4x4_Pipeline_time_loop_fu_778/a_in_2_fu_336_reg[20]/CE
  -------------------------------------------------------------------    -------------------

                         (clock clk_out20_unbuf rise edge)
                                                     50.000    50.000 r  <hidden>
    E3                                                0.000    50.000 r  clk_pin100
                         net (fo=0)                   0.000    50.000    clk_pin100
    E3                   IBUF (Prop_ibuf_I_O)         1.418    51.418 r  clk_pin100_IBUF_inst/O
                         net (fo=1, routed)           1.162    52.580    u_clk_gen/clk_in100
    MMCME2_ADV_X1Y1      MMCME2_ADV (Prop_mmcme2_adv_CLKIN1_CLKOUT0)
                                                      0.083    52.663 r  u_clk_gen/u_mmcm/CLKOUT0
                         net (fo=1, routed)           1.581    54.244    u_clk_gen/clk_out20_unbuf
    BUFGCTRL_X0Y16       BUFG (Prop_bufg_I_O)         0.091    54.335 r  u_clk_gen/u_bufg/O
                         net (fo=13848, routed)       1.436    55.772    u_iface0/u_matmul/grp_matmul_4x4x4_Pipeline_time_loop_fu_778/clk_out20
    SLICE_X45Y23         FDRE                                         r  u_iface0/u_matmul/grp_matmul_4x4x4_Pipeline_time_loop_fu_778/a_in_2_fu_336_reg[20]/C
                         clock pessimism              0.311    56.083    <hidden>
                         clock uncertainty           -0.094    55.988    <hidden>
    SLICE_X45Y23         FDRE (Setup_fdre_C_CE)      -0.205    55.783    u_iface0/u_matmul/grp_matmul_4x4x4_Pipeline_time_loop_fu_778/a_in_2_fu_336_reg[20]
  -------------------------------------------------------------------
                         required time                         55.783    <hidden>
                         arrival time                         -19.333    <hidden>
  -------------------------------------------------------------------
                         slack                                 36.451    <hidden>

Slack (MET) :             36.500ns  (required time - arrival time)
  Source:                 u_iface0/u_matmul/grp_matmul_4x4x4_Pipeline_time_loop_fu_778/k_fu_376_reg[0]/C
                            (rising edge-triggered cell FDRE clocked by clk_out20_unbuf  {rise@0.000ns fall@25.000ns period=50.000ns})
  Destination:            u_iface0/u_matmul/grp_matmul_4x4x4_Pipeline_time_loop_fu_778/b_in_8_fu_412_reg[15]/CE
                            (rising edge-triggered cell FDRE clocked by clk_out20_unbuf  {rise@0.000ns fall@25.000ns period=50.000ns})
  Path Group:             clk_out20_unbuf
  Path Type:              Setup (Max at Slow Process Corner)
  Requirement:            50.000ns  (clk_out20_unbuf rise@50.000ns - clk_out20_unbuf rise@0.000ns)
  Data Path Delay:        13.180ns  (logic 0.580ns (4.400%)  route 12.600ns (95.600%))
  Logic Levels:           1  (LUT5=1)
  Clock Path Skew:        -0.056ns (DCD - SCD + CPR)
    Destination Clock Delay (DCD):    5.773ns = ( 55.773 - 50.000 ) 
    Source Clock Delay      (SCD):    6.140ns
    Clock Pessimism Removal (CPR):    0.311ns
  Clock Uncertainty:      0.094ns  ((TSJ^2 + DJ^2)^1/2) / 2 + PE
    Total System Jitter     (TSJ):    0.071ns
    Discrete Jitter          (DJ):    0.175ns
    Phase Error              (PE):    0.000ns

    Location             Delay type                Incr(ns)  Path(ns)    Netlist Resource(s)
  -------------------------------------------------------------------    -------------------
                         (clock clk_out20_unbuf rise edge)
                                                      0.000     0.000 r  <hidden>
    E3                                                0.000     0.000 r  clk_pin100
                         net (fo=0)                   0.000     0.000    clk_pin100
    E3                   IBUF (Prop_ibuf_I_O)         1.489     1.489 r  clk_pin100_IBUF_inst/O
                         net (fo=1, routed)           1.233     2.722    u_clk_gen/clk_in100
    MMCME2_ADV_X1Y1      MMCME2_ADV (Prop_mmcme2_adv_CLKIN1_CLKOUT0)
                                                      0.088     2.810 r  u_clk_gen/u_mmcm/CLKOUT0
                         net (fo=1, routed)           1.661     4.471    u_clk_gen/clk_out20_unbuf
    BUFGCTRL_X0Y16       BUFG (Prop_bufg_I_O)         0.096     4.567 r  u_clk_gen/u_bufg/O
                         net (fo=13848, routed)       1.572     6.140    u_iface0/u_matmul/grp_matmul_4x4x4_Pipeline_time_loop_fu_778/clk_out20
    SLICE_X48Y43         FDRE                                         r  u_iface0/u_matmul/grp_matmul_4x4x4_Pipeline_time_loop_fu_778/k_fu_376_reg[0]/C
  -------------------------------------------------------------------    -------------------
    SLICE_X48Y43         FDRE (Prop_fdre_C_Q)         0.456     6.596 r  u_iface0/u_matmul/grp_matmul_4x4x4_Pipeline_time_loop_fu_778/k_fu_376_reg[0]/Q
                         net (fo=263, routed)         4.212    10.808    u_iface0/u_matmul/grp_matmul_4x4x4_Pipeline_time_loop_fu_778/mul_21s_21s_42_1_1_U127/tmp_product_0[0]
    SLICE_X44Y47         LUT5 (Prop_lut5_I4_O)        0.124    10.932 r  u_iface0/u_matmul/grp_matmul_4x4x4_Pipeline_time_loop_fu_778/mul_21s_21s_42_1_1_U127/a_in_9_fu_424[20]_i_1/O
                         net (fo=310, routed)         8.388    19.320    u_iface0/u_matmul/grp_matmul_4x4x4_Pipeline_time_loop_fu_778/mul_21s_21s_42_1_1_U127_n_27
    SLICE_X46Y22         FDRE                                         r  u_iface0/u_matmul/grp_matmul_4x4x4_Pipeline_time_loop_fu_778/b_in_8_fu_412_reg[15]/CE
  -------------------------------------------------------------------    -------------------

                         (clock clk_out20_unbuf rise edge)
                                                     50.000    50.000 r  <hidden>
    E3                                                0.000    50.000 r  clk_pin100
                         net (fo=0)                   0.000    50.000    clk_pin100
    E3                   IBUF (Prop_ibuf_I_O)         1.418    51.418 r  clk_pin100_IBUF_inst/O
                         net (fo=1, routed)           1.162    52.580    u_clk_gen/clk_in100
    MMCME2_ADV_X1Y1      MMCME2_ADV (Prop_mmcme2_adv_CLKIN1_CLKOUT0)
                                                      0.083    52.663 r  u_clk_gen/u_mmcm/CLKOUT0
                         net (fo=1, routed)           1.581    54.244    u_clk_gen/clk_out20_unbuf
    BUFGCTRL_X0Y16       BUFG (Prop_bufg_I_O)         0.091    54.335 r  u_clk_gen/u_bufg/O
                         net (fo=13848, routed)       1.437    55.773    u_iface0/u_matmul/grp_matmul_4x4x4_Pipeline_time_loop_fu_778/clk_out20
    SLICE_X46Y22         FDRE                                         r  u_iface0/u_matmul/grp_matmul_4x4x4_Pipeline_time_loop_fu_778/b_in_8_fu_412_reg[15]/C
                         clock pessimism              0.311    56.084    <hidden>
                         clock uncertainty           -0.094    55.989    <hidden>
    SLICE_X46Y22         FDRE (Setup_fdre_C_CE)      -0.169    55.820    u_iface0/u_matmul/grp_matmul_4x4x4_Pipeline_time_loop_fu_778/b_in_8_fu_412_reg[15]
  -------------------------------------------------------------------
                         required time                         55.820    <hidden>
                         arrival time                         -19.320    <hidden>
  -------------------------------------------------------------------
                         slack                                 36.500    <hidden>

Slack (MET) :             36.500ns  (required time - arrival time)
  Source:                 u_iface0/u_matmul/grp_matmul_4x4x4_Pipeline_time_loop_fu_778/k_fu_376_reg[0]/C
                            (rising edge-triggered cell FDRE clocked by clk_out20_unbuf  {rise@0.000ns fall@25.000ns period=50.000ns})
  Destination:            u_iface0/u_matmul/grp_matmul_4x4x4_Pipeline_time_loop_fu_778/b_in_8_fu_412_reg[16]/CE
                            (rising edge-triggered cell FDRE clocked by clk_out20_unbuf  {rise@0.000ns fall@25.000ns period=50.000ns})
  Path Group:             clk_out20_unbuf
  Path Type:              Setup (Max at Slow Process Corner)
  Requirement:            50.000ns  (clk_out20_unbuf rise@50.000ns - clk_out20_unbuf rise@0.000ns)
  Data Path Delay:        13.180ns  (logic 0.580ns (4.400%)  route 12.600ns (95.600%))
  Logic Levels:           1  (LUT5=1)
  Clock Path Skew:        -0.056ns (DCD - SCD + CPR)
    Destination Clock Delay (DCD):    5.773ns = ( 55.773 - 50.000 ) 
    Source Clock Delay      (SCD):    6.140ns
    Clock Pessimism Removal (CPR):    0.311ns
  Clock Uncertainty:      0.094ns  ((TSJ^2 + DJ^2)^1/2) / 2 + PE
    Total System Jitter     (TSJ):    0.071ns
    Discrete Jitter          (DJ):    0.175ns
    Phase Error              (PE):    0.000ns

    Location             Delay type                Incr(ns)  Path(ns)    Netlist Resource(s)
  -------------------------------------------------------------------    -------------------
                         (clock clk_out20_unbuf rise edge)
                                                      0.000     0.000 r  <hidden>
    E3                                                0.000     0.000 r  clk_pin100
                         net (fo=0)                   0.000     0.000    clk_pin100
    E3                   IBUF (Prop_ibuf_I_O)         1.489     1.489 r  clk_pin100_IBUF_inst/O
                         net (fo=1, routed)           1.233     2.722    u_clk_gen/clk_in100
    MMCME2_ADV_X1Y1      MMCME2_ADV (Prop_mmcme2_adv_CLKIN1_CLKOUT0)
                                                      0.088     2.810 r  u_clk_gen/u_mmcm/CLKOUT0
                         net (fo=1, routed)           1.661     4.471    u_clk_gen/clk_out20_unbuf
    BUFGCTRL_X0Y16       BUFG (Prop_bufg_I_O)         0.096     4.567 r  u_clk_gen/u_bufg/O
                         net (fo=13848, routed)       1.572     6.140    u_iface0/u_matmul/grp_matmul_4x4x4_Pipeline_time_loop_fu_778/clk_out20
    SLICE_X48Y43         FDRE                                         r  u_iface0/u_matmul/grp_matmul_4x4x4_Pipeline_time_loop_fu_778/k_fu_376_reg[0]/C
  -------------------------------------------------------------------    -------------------
    SLICE_X48Y43         FDRE (Prop_fdre_C_Q)         0.456     6.596 r  u_iface0/u_matmul/grp_matmul_4x4x4_Pipeline_time_loop_fu_778/k_fu_376_reg[0]/Q
                         net (fo=263, routed)         4.212    10.808    u_iface0/u_matmul/grp_matmul_4x4x4_Pipeline_time_loop_fu_778/mul_21s_21s_42_1_1_U127/tmp_product_0[0]
    SLICE_X44Y47         LUT5 (Prop_lut5_I4_O)        0.124    10.932 r  u_iface0/u_matmul/grp_matmul_4x4x4_Pipeline_time_loop_fu_778/mul_21s_21s_42_1_1_U127/a_in_9_fu_424[20]_i_1/O
                         net (fo=310, routed)         8.388    19.320    u_iface0/u_matmul/grp_matmul_4x4x4_Pipeline_time_loop_fu_778/mul_21s_21s_42_1_1_U127_n_27
    SLICE_X46Y22         FDRE                                         r  u_iface0/u_matmul/grp_matmul_4x4x4_Pipeline_time_loop_fu_778/b_in_8_fu_412_reg[16]/CE
  -------------------------------------------------------------------    -------------------

                         (clock clk_out20_unbuf rise edge)
                                                     50.000    50.000 r  <hidden>
    E3                                                0.000    50.000 r  clk_pin100
                         net (fo=0)                   0.000    50.000    clk_pin100
    E3                   IBUF (Prop_ibuf_I_O)         1.418    51.418 r  clk_pin100_IBUF_inst/O
                         net (fo=1, routed)           1.162    52.580    u_clk_gen/clk_in100
    MMCME2_ADV_X1Y1      MMCME2_ADV (Prop_mmcme2_adv_CLKIN1_CLKOUT0)
                                                      0.083    52.663 r  u_clk_gen/u_mmcm/CLKOUT0
                         net (fo=1, routed)           1.581    54.244    u_clk_gen/clk_out20_unbuf
    BUFGCTRL_X0Y16       BUFG (Prop_bufg_I_O)         0.091    54.335 r  u_clk_gen/u_bufg/O
                         net (fo=13848, routed)       1.437    55.773    u_iface0/u_matmul/grp_matmul_4x4x4_Pipeline_time_loop_fu_778/clk_out20
    SLICE_X46Y22         FDRE                                         r  u_iface0/u_matmul/grp_matmul_4x4x4_Pipeline_time_loop_fu_778/b_in_8_fu_412_reg[16]/C
                         clock pessimism              0.311    56.084    <hidden>
                         clock uncertainty           -0.094    55.989    <hidden>
    SLICE_X46Y22         FDRE (Setup_fdre_C_CE)      -0.169    55.820    u_iface0/u_matmul/grp_matmul_4x4x4_Pipeline_time_loop_fu_778/b_in_8_fu_412_reg[16]
  -------------------------------------------------------------------
                         required time                         55.820    <hidden>
                         arrival time                         -19.320    <hidden>
  -------------------------------------------------------------------
                         slack                                 36.500    <hidden>

Slack (MET) :             36.500ns  (required time - arrival time)
  Source:                 u_iface0/u_matmul/grp_matmul_4x4x4_Pipeline_time_loop_fu_778/k_fu_376_reg[0]/C
                            (rising edge-triggered cell FDRE clocked by clk_out20_unbuf  {rise@0.000ns fall@25.000ns period=50.000ns})
  Destination:            u_iface0/u_matmul/grp_matmul_4x4x4_Pipeline_time_loop_fu_778/b_in_8_fu_412_reg[18]/CE
                            (rising edge-triggered cell FDRE clocked by clk_out20_unbuf  {rise@0.000ns fall@25.000ns period=50.000ns})
  Path Group:             clk_out20_unbuf
  Path Type:              Setup (Max at Slow Process Corner)
  Requirement:            50.000ns  (clk_out20_unbuf rise@50.000ns - clk_out20_unbuf rise@0.000ns)
  Data Path Delay:        13.180ns  (logic 0.580ns (4.400%)  route 12.600ns (95.600%))
  Logic Levels:           1  (LUT5=1)
  Clock Path Skew:        -0.056ns (DCD - SCD + CPR)
    Destination Clock Delay (DCD):    5.773ns = ( 55.773 - 50.000 ) 
    Source Clock Delay      (SCD):    6.140ns
    Clock Pessimism Removal (CPR):    0.311ns
  Clock Uncertainty:      0.094ns  ((TSJ^2 + DJ^2)^1/2) / 2 + PE
    Total System Jitter     (TSJ):    0.071ns
    Discrete Jitter          (DJ):    0.175ns
    Phase Error              (PE):    0.000ns

    Location             Delay type                Incr(ns)  Path(ns)    Netlist Resource(s)
  -------------------------------------------------------------------    -------------------
                         (clock clk_out20_unbuf rise edge)
                                                      0.000     0.000 r  <hidden>
    E3                                                0.000     0.000 r  clk_pin100
                         net (fo=0)                   0.000     0.000    clk_pin100
    E3                   IBUF (Prop_ibuf_I_O)         1.489     1.489 r  clk_pin100_IBUF_inst/O
                         net (fo=1, routed)           1.233     2.722    u_clk_gen/clk_in100
    MMCME2_ADV_X1Y1      MMCME2_ADV (Prop_mmcme2_adv_CLKIN1_CLKOUT0)
                                                      0.088     2.810 r  u_clk_gen/u_mmcm/CLKOUT0
                         net (fo=1, routed)           1.661     4.471    u_clk_gen/clk_out20_unbuf
    BUFGCTRL_X0Y16       BUFG (Prop_bufg_I_O)         0.096     4.567 r  u_clk_gen/u_bufg/O
                         net (fo=13848, routed)       1.572     6.140    u_iface0/u_matmul/grp_matmul_4x4x4_Pipeline_time_loop_fu_778/clk_out20
    SLICE_X48Y43         FDRE                                         r  u_iface0/u_matmul/grp_matmul_4x4x4_Pipeline_time_loop_fu_778/k_fu_376_reg[0]/C
  -------------------------------------------------------------------    -------------------
    SLICE_X48Y43         FDRE (Prop_fdre_C_Q)         0.456     6.596 r  u_iface0/u_matmul/grp_matmul_4x4x4_Pipeline_time_loop_fu_778/k_fu_376_reg[0]/Q
                         net (fo=263, routed)         4.212    10.808    u_iface0/u_matmul/grp_matmul_4x4x4_Pipeline_time_loop_fu_778/mul_21s_21s_42_1_1_U127/tmp_product_0[0]
    SLICE_X44Y47         LUT5 (Prop_lut5_I4_O)        0.124    10.932 r  u_iface0/u_matmul/grp_matmul_4x4x4_Pipeline_time_loop_fu_778/mul_21s_21s_42_1_1_U127/a_in_9_fu_424[20]_i_1/O
                         net (fo=310, routed)         8.388    19.320    u_iface0/u_matmul/grp_matmul_4x4x4_Pipeline_time_loop_fu_778/mul_21s_21s_42_1_1_U127_n_27
    SLICE_X46Y22         FDRE                                         r  u_iface0/u_matmul/grp_matmul_4x4x4_Pipeline_time_loop_fu_778/b_in_8_fu_412_reg[18]/CE
  -------------------------------------------------------------------    -------------------

                         (clock clk_out20_unbuf rise edge)
                                                     50.000    50.000 r  <hidden>
    E3                                                0.000    50.000 r  clk_pin100
                         net (fo=0)                   0.000    50.000    clk_pin100
    E3                   IBUF (Prop_ibuf_I_O)         1.418    51.418 r  clk_pin100_IBUF_inst/O
                         net (fo=1, routed)           1.162    52.580    u_clk_gen/clk_in100
    MMCME2_ADV_X1Y1      MMCME2_ADV (Prop_mmcme2_adv_CLKIN1_CLKOUT0)
                                                      0.083    52.663 r  u_clk_gen/u_mmcm/CLKOUT0
                         net (fo=1, routed)           1.581    54.244    u_clk_gen/clk_out20_unbuf
    BUFGCTRL_X0Y16       BUFG (Prop_bufg_I_O)         0.091    54.335 r  u_clk_gen/u_bufg/O
                         net (fo=13848, routed)       1.437    55.773    u_iface0/u_matmul/grp_matmul_4x4x4_Pipeline_time_loop_fu_778/clk_out20
    SLICE_X46Y22         FDRE                                         r  u_iface0/u_matmul/grp_matmul_4x4x4_Pipeline_time_loop_fu_778/b_in_8_fu_412_reg[18]/C
                         clock pessimism              0.311    56.084    <hidden>
                         clock uncertainty           -0.094    55.989    <hidden>
    SLICE_X46Y22         FDRE (Setup_fdre_C_CE)      -0.169    55.820    u_iface0/u_matmul/grp_matmul_4x4x4_Pipeline_time_loop_fu_778/b_in_8_fu_412_reg[18]
  -------------------------------------------------------------------
                         required time                         55.820    <hidden>
                         arrival time                         -19.320    <hidden>
  -------------------------------------------------------------------
                         slack                                 36.500    <hidden>

Slack (MET) :             36.500ns  (required time - arrival time)
  Source:                 u_iface0/u_matmul/grp_matmul_4x4x4_Pipeline_time_loop_fu_778/k_fu_376_reg[0]/C
                            (rising edge-triggered cell FDRE clocked by clk_out20_unbuf  {rise@0.000ns fall@25.000ns period=50.000ns})
  Destination:            u_iface0/u_matmul/grp_matmul_4x4x4_Pipeline_time_loop_fu_778/b_in_8_fu_412_reg[19]/CE
                            (rising edge-triggered cell FDRE clocked by clk_out20_unbuf  {rise@0.000ns fall@25.000ns period=50.000ns})
  Path Group:             clk_out20_unbuf
  Path Type:              Setup (Max at Slow Process Corner)
  Requirement:            50.000ns  (clk_out20_unbuf rise@50.000ns - clk_out20_unbuf rise@0.000ns)
  Data Path Delay:        13.180ns  (logic 0.580ns (4.400%)  route 12.600ns (95.600%))
  Logic Levels:           1  (LUT5=1)
  Clock Path Skew:        -0.056ns (DCD - SCD + CPR)
    Destination Clock Delay (DCD):    5.773ns = ( 55.773 - 50.000 ) 
    Source Clock Delay      (SCD):    6.140ns
    Clock Pessimism Removal (CPR):    0.311ns
  Clock Uncertainty:      0.094ns  ((TSJ^2 + DJ^2)^1/2) / 2 + PE
    Total System Jitter     (TSJ):    0.071ns
    Discrete Jitter          (DJ):    0.175ns
    Phase Error              (PE):    0.000ns

    Location             Delay type                Incr(ns)  Path(ns)    Netlist Resource(s)
  -------------------------------------------------------------------    -------------------
                         (clock clk_out20_unbuf rise edge)
                                                      0.000     0.000 r  <hidden>
    E3                                                0.000     0.000 r  clk_pin100
                         net (fo=0)                   0.000     0.000    clk_pin100
    E3                   IBUF (Prop_ibuf_I_O)         1.489     1.489 r  clk_pin100_IBUF_inst/O
                         net (fo=1, routed)           1.233     2.722    u_clk_gen/clk_in100
    MMCME2_ADV_X1Y1      MMCME2_ADV (Prop_mmcme2_adv_CLKIN1_CLKOUT0)
                                                      0.088     2.810 r  u_clk_gen/u_mmcm/CLKOUT0
                         net (fo=1, routed)           1.661     4.471    u_clk_gen/clk_out20_unbuf
    BUFGCTRL_X0Y16       BUFG (Prop_bufg_I_O)         0.096     4.567 r  u_clk_gen/u_bufg/O
                         net (fo=13848, routed)       1.572     6.140    u_iface0/u_matmul/grp_matmul_4x4x4_Pipeline_time_loop_fu_778/clk_out20
    SLICE_X48Y43         FDRE                                         r  u_iface0/u_matmul/grp_matmul_4x4x4_Pipeline_time_loop_fu_778/k_fu_376_reg[0]/C
  -------------------------------------------------------------------    -------------------
    SLICE_X48Y43         FDRE (Prop_fdre_C_Q)         0.456     6.596 r  u_iface0/u_matmul/grp_matmul_4x4x4_Pipeline_time_loop_fu_778/k_fu_376_reg[0]/Q
                         net (fo=263, routed)         4.212    10.808    u_iface0/u_matmul/grp_matmul_4x4x4_Pipeline_time_loop_fu_778/mul_21s_21s_42_1_1_U127/tmp_product_0[0]
    SLICE_X44Y47         LUT5 (Prop_lut5_I4_O)        0.124    10.932 r  u_iface0/u_matmul/grp_matmul_4x4x4_Pipeline_time_loop_fu_778/mul_21s_21s_42_1_1_U127/a_in_9_fu_424[20]_i_1/O
                         net (fo=310, routed)         8.388    19.320    u_iface0/u_matmul/grp_matmul_4x4x4_Pipeline_time_loop_fu_778/mul_21s_21s_42_1_1_U127_n_27
    SLICE_X46Y22         FDRE                                         r  u_iface0/u_matmul/grp_matmul_4x4x4_Pipeline_time_loop_fu_778/b_in_8_fu_412_reg[19]/CE
  -------------------------------------------------------------------    -------------------

                         (clock clk_out20_unbuf rise edge)
                                                     50.000    50.000 r  <hidden>
    E3                                                0.000    50.000 r  clk_pin100
                         net (fo=0)                   0.000    50.000    clk_pin100
    E3                   IBUF (Prop_ibuf_I_O)         1.418    51.418 r  clk_pin100_IBUF_inst/O
                         net (fo=1, routed)           1.162    52.580    u_clk_gen/clk_in100
    MMCME2_ADV_X1Y1      MMCME2_ADV (Prop_mmcme2_adv_CLKIN1_CLKOUT0)
                                                      0.083    52.663 r  u_clk_gen/u_mmcm/CLKOUT0
                         net (fo=1, routed)           1.581    54.244    u_clk_gen/clk_out20_unbuf
    BUFGCTRL_X0Y16       BUFG (Prop_bufg_I_O)         0.091    54.335 r  u_clk_gen/u_bufg/O
                         net (fo=13848, routed)       1.437    55.773    u_iface0/u_matmul/grp_matmul_4x4x4_Pipeline_time_loop_fu_778/clk_out20
    SLICE_X46Y22         FDRE                                         r  u_iface0/u_matmul/grp_matmul_4x4x4_Pipeline_time_loop_fu_778/b_in_8_fu_412_reg[19]/C
                         clock pessimism              0.311    56.084    <hidden>
                         clock uncertainty           -0.094    55.989    <hidden>
    SLICE_X46Y22         FDRE (Setup_fdre_C_CE)      -0.169    55.820    u_iface0/u_matmul/grp_matmul_4x4x4_Pipeline_time_loop_fu_778/b_in_8_fu_412_reg[19]
  -------------------------------------------------------------------
                         required time                         55.820    <hidden>
                         arrival time                         -19.320    <hidden>
  -------------------------------------------------------------------
                         slack                                 36.500    <hidden>

Slack (MET) :             36.607ns  (required time - arrival time)
  Source:                 u_iface0/u_matmul/grp_matmul_4x4x4_Pipeline_time_loop_fu_778/k_fu_376_reg[0]/C
                            (rising edge-triggered cell FDRE clocked by clk_out20_unbuf  {rise@0.000ns fall@25.000ns period=50.000ns})
  Destination:            u_iface0/u_matmul/grp_matmul_4x4x4_Pipeline_time_loop_fu_778/b_in_8_fu_412_reg[10]/CE
                            (rising edge-triggered cell FDRE clocked by clk_out20_unbuf  {rise@0.000ns fall@25.000ns period=50.000ns})
  Path Group:             clk_out20_unbuf
  Path Type:              Setup (Max at Slow Process Corner)
  Requirement:            50.000ns  (clk_out20_unbuf rise@50.000ns - clk_out20_unbuf rise@0.000ns)
  Data Path Delay:        13.040ns  (logic 0.580ns (4.448%)  route 12.460ns (95.552%))
  Logic Levels:           1  (LUT5=1)
  Clock Path Skew:        -0.054ns (DCD - SCD + CPR)
    Destination Clock Delay (DCD):    5.775ns = ( 55.775 - 50.000 ) 
    Source Clock Delay      (SCD):    6.140ns
    Clock Pessimism Removal (CPR):    0.311ns
  Clock Uncertainty:      0.094ns  ((TSJ^2 + DJ^2)^1/2) / 2 + PE
    Total System Jitter     (TSJ):    0.071ns
    Discrete Jitter          (DJ):    0.175ns
    Phase Error              (PE):    0.000ns

    Location             Delay type                Incr(ns)  Path(ns)    Netlist Resource(s)
  -------------------------------------------------------------------    -------------------
                         (clock clk_out20_unbuf rise edge)
                                                      0.000     0.000 r  <hidden>
    E3                                                0.000     0.000 r  clk_pin100
                         net (fo=0)                   0.000     0.000    clk_pin100
    E3                   IBUF (Prop_ibuf_I_O)         1.489     1.489 r  clk_pin100_IBUF_inst/O
                         net (fo=1, routed)           1.233     2.722    u_clk_gen/clk_in100
    MMCME2_ADV_X1Y1      MMCME2_ADV (Prop_mmcme2_adv_CLKIN1_CLKOUT0)
                                                      0.088     2.810 r  u_clk_gen/u_mmcm/CLKOUT0
                         net (fo=1, routed)           1.661     4.471    u_clk_gen/clk_out20_unbuf
    BUFGCTRL_X0Y16       BUFG (Prop_bufg_I_O)         0.096     4.567 r  u_clk_gen/u_bufg/O
                         net (fo=13848, routed)       1.572     6.140    u_iface0/u_matmul/grp_matmul_4x4x4_Pipeline_time_loop_fu_778/clk_out20
    SLICE_X48Y43         FDRE                                         r  u_iface0/u_matmul/grp_matmul_4x4x4_Pipeline_time_loop_fu_778/k_fu_376_reg[0]/C
  -------------------------------------------------------------------    -------------------
    SLICE_X48Y43         FDRE (Prop_fdre_C_Q)         0.456     6.596 r  u_iface0/u_matmul/grp_matmul_4x4x4_Pipeline_time_loop_fu_778/k_fu_376_reg[0]/Q
                         net (fo=263, routed)         4.212    10.808    u_iface0/u_matmul/grp_matmul_4x4x4_Pipeline_time_loop_fu_778/mul_21s_21s_42_1_1_U127/tmp_product_0[0]
    SLICE_X44Y47         LUT5 (Prop_lut5_I4_O)        0.124    10.932 r  u_iface0/u_matmul/grp_matmul_4x4x4_Pipeline_time_loop_fu_778/mul_21s_21s_42_1_1_U127/a_in_9_fu_424[20]_i_1/O
                         net (fo=310, routed)         8.247    19.179    u_iface0/u_matmul/grp_matmul_4x4x4_Pipeline_time_loop_fu_778/mul_21s_21s_42_1_1_U127_n_27
    SLICE_X45Y21         FDRE                                         r  u_iface0/u_matmul/grp_matmul_4x4x4_Pipeline_time_loop_fu_778/b_in_8_fu_412_reg[10]/CE
  -------------------------------------------------------------------    -------------------

                         (clock clk_out20_unbuf rise edge)
                                                     50.000    50.000 r  <hidden>
    E3                                                0.000    50.000 r  clk_pin100
                         net (fo=0)                   0.000    50.000    clk_pin100
    E3                   IBUF (Prop_ibuf_I_O)         1.418    51.418 r  clk_pin100_IBUF_inst/O
                         net (fo=1, routed)           1.162    52.580    u_clk_gen/clk_in100
    MMCME2_ADV_X1Y1      MMCME2_ADV (Prop_mmcme2_adv_CLKIN1_CLKOUT0)
                                                      0.083    52.663 r  u_clk_gen/u_mmcm/CLKOUT0
                         net (fo=1, routed)           1.581    54.244    u_clk_gen/clk_out20_unbuf
    BUFGCTRL_X0Y16       BUFG (Prop_bufg_I_O)         0.091    54.335 r  u_clk_gen/u_bufg/O
                         net (fo=13848, routed)       1.439    55.775    u_iface0/u_matmul/grp_matmul_4x4x4_Pipeline_time_loop_fu_778/clk_out20
    SLICE_X45Y21         FDRE                                         r  u_iface0/u_matmul/grp_matmul_4x4x4_Pipeline_time_loop_fu_778/b_in_8_fu_412_reg[10]/C
                         clock pessimism              0.311    56.086    <hidden>
                         clock uncertainty           -0.094    55.991    <hidden>
    SLICE_X45Y21         FDRE (Setup_fdre_C_CE)      -0.205    55.786    u_iface0/u_matmul/grp_matmul_4x4x4_Pipeline_time_loop_fu_778/b_in_8_fu_412_reg[10]
  -------------------------------------------------------------------
                         required time                         55.786    <hidden>
                         arrival time                         -19.179    <hidden>
  -------------------------------------------------------------------
                         slack                                 36.607    <hidden>

Slack (MET) :             36.607ns  (required time - arrival time)
  Source:                 u_iface0/u_matmul/grp_matmul_4x4x4_Pipeline_time_loop_fu_778/k_fu_376_reg[0]/C
                            (rising edge-triggered cell FDRE clocked by clk_out20_unbuf  {rise@0.000ns fall@25.000ns period=50.000ns})
  Destination:            u_iface0/u_matmul/grp_matmul_4x4x4_Pipeline_time_loop_fu_778/b_in_8_fu_412_reg[11]/CE
                            (rising edge-triggered cell FDRE clocked by clk_out20_unbuf  {rise@0.000ns fall@25.000ns period=50.000ns})
  Path Group:             clk_out20_unbuf
  Path Type:              Setup (Max at Slow Process Corner)
  Requirement:            50.000ns  (clk_out20_unbuf rise@50.000ns - clk_out20_unbuf rise@0.000ns)
  Data Path Delay:        13.040ns  (logic 0.580ns (4.448%)  route 12.460ns (95.552%))
  Logic Levels:           1  (LUT5=1)
  Clock Path Skew:        -0.054ns (DCD - SCD + CPR)
    Destination Clock Delay (DCD):    5.775ns = ( 55.775 - 50.000 ) 
    Source Clock Delay      (SCD):    6.140ns
    Clock Pessimism Removal (CPR):    0.311ns
  Clock Uncertainty:      0.094ns  ((TSJ^2 + DJ^2)^1/2) / 2 + PE
    Total System Jitter     (TSJ):    0.071ns
    Discrete Jitter          (DJ):    0.175ns
    Phase Error              (PE):    0.000ns

    Location             Delay type                Incr(ns)  Path(ns)    Netlist Resource(s)
  -------------------------------------------------------------------    -------------------
                         (clock clk_out20_unbuf rise edge)
                                                      0.000     0.000 r  <hidden>
    E3                                                0.000     0.000 r  clk_pin100
                         net (fo=0)                   0.000     0.000    clk_pin100
    E3                   IBUF (Prop_ibuf_I_O)         1.489     1.489 r  clk_pin100_IBUF_inst/O
                         net (fo=1, routed)           1.233     2.722    u_clk_gen/clk_in100
    MMCME2_ADV_X1Y1      MMCME2_ADV (Prop_mmcme2_adv_CLKIN1_CLKOUT0)
                                                      0.088     2.810 r  u_clk_gen/u_mmcm/CLKOUT0
                         net (fo=1, routed)           1.661     4.471    u_clk_gen/clk_out20_unbuf
    BUFGCTRL_X0Y16       BUFG (Prop_bufg_I_O)         0.096     4.567 r  u_clk_gen/u_bufg/O
                         net (fo=13848, routed)       1.572     6.140    u_iface0/u_matmul/grp_matmul_4x4x4_Pipeline_time_loop_fu_778/clk_out20
    SLICE_X48Y43         FDRE                                         r  u_iface0/u_matmul/grp_matmul_4x4x4_Pipeline_time_loop_fu_778/k_fu_376_reg[0]/C
  -------------------------------------------------------------------    -------------------
    SLICE_X48Y43         FDRE (Prop_fdre_C_Q)         0.456     6.596 r  u_iface0/u_matmul/grp_matmul_4x4x4_Pipeline_time_loop_fu_778/k_fu_376_reg[0]/Q
                         net (fo=263, routed)         4.212    10.808    u_iface0/u_matmul/grp_matmul_4x4x4_Pipeline_time_loop_fu_778/mul_21s_21s_42_1_1_U127/tmp_product_0[0]
    SLICE_X44Y47         LUT5 (Prop_lut5_I4_O)        0.124    10.932 r  u_iface0/u_matmul/grp_matmul_4x4x4_Pipeline_time_loop_fu_778/mul_21s_21s_42_1_1_U127/a_in_9_fu_424[20]_i_1/O
                         net (fo=310, routed)         8.247    19.179    u_iface0/u_matmul/grp_matmul_4x4x4_Pipeline_time_loop_fu_778/mul_21s_21s_42_1_1_U127_n_27
    SLICE_X45Y21         FDRE                                         r  u_iface0/u_matmul/grp_matmul_4x4x4_Pipeline_time_loop_fu_778/b_in_8_fu_412_reg[11]/CE
  -------------------------------------------------------------------    -------------------

                         (clock clk_out20_unbuf rise edge)
                                                     50.000    50.000 r  <hidden>
    E3                                                0.000    50.000 r  clk_pin100
                         net (fo=0)                   0.000    50.000    clk_pin100
    E3                   IBUF (Prop_ibuf_I_O)         1.418    51.418 r  clk_pin100_IBUF_inst/O
                         net (fo=1, routed)           1.162    52.580    u_clk_gen/clk_in100
    MMCME2_ADV_X1Y1      MMCME2_ADV (Prop_mmcme2_adv_CLKIN1_CLKOUT0)
                                                      0.083    52.663 r  u_clk_gen/u_mmcm/CLKOUT0
                         net (fo=1, routed)           1.581    54.244    u_clk_gen/clk_out20_unbuf
    BUFGCTRL_X0Y16       BUFG (Prop_bufg_I_O)         0.091    54.335 r  u_clk_gen/u_bufg/O
                         net (fo=13848, routed)       1.439    55.775    u_iface0/u_matmul/grp_matmul_4x4x4_Pipeline_time_loop_fu_778/clk_out20
    SLICE_X45Y21         FDRE                                         r  u_iface0/u_matmul/grp_matmul_4x4x4_Pipeline_time_loop_fu_778/b_in_8_fu_412_reg[11]/C
                         clock pessimism              0.311    56.086    <hidden>
                         clock uncertainty           -0.094    55.991    <hidden>
    SLICE_X45Y21         FDRE (Setup_fdre_C_CE)      -0.205    55.786    u_iface0/u_matmul/grp_matmul_4x4x4_Pipeline_time_loop_fu_778/b_in_8_fu_412_reg[11]
  -------------------------------------------------------------------
                         required time                         55.786    <hidden>
                         arrival time                         -19.179    <hidden>
  -------------------------------------------------------------------
                         slack                                 36.607    <hidden>

Slack (MET) :             36.607ns  (required time - arrival time)
  Source:                 u_iface0/u_matmul/grp_matmul_4x4x4_Pipeline_time_loop_fu_778/k_fu_376_reg[0]/C
                            (rising edge-triggered cell FDRE clocked by clk_out20_unbuf  {rise@0.000ns fall@25.000ns period=50.000ns})
  Destination:            u_iface0/u_matmul/grp_matmul_4x4x4_Pipeline_time_loop_fu_778/b_in_8_fu_412_reg[17]/CE
                            (rising edge-triggered cell FDRE clocked by clk_out20_unbuf  {rise@0.000ns fall@25.000ns period=50.000ns})
  Path Group:             clk_out20_unbuf
  Path Type:              Setup (Max at Slow Process Corner)
  Requirement:            50.000ns  (clk_out20_unbuf rise@50.000ns - clk_out20_unbuf rise@0.000ns)
  Data Path Delay:        13.040ns  (logic 0.580ns (4.448%)  route 12.460ns (95.552%))
  Logic Levels:           1  (LUT5=1)
  Clock Path Skew:        -0.054ns (DCD - SCD + CPR)
    Destination Clock Delay (DCD):    5.775ns = ( 55.775 - 50.000 ) 
    Source Clock Delay      (SCD):    6.140ns
    Clock Pessimism Removal (CPR):    0.311ns
  Clock Uncertainty:      0.094ns  ((TSJ^2 + DJ^2)^1/2) / 2 + PE
    Total System Jitter     (TSJ):    0.071ns
    Discrete Jitter          (DJ):    0.175ns
    Phase Error              (PE):    0.000ns

    Location             Delay type                Incr(ns)  Path(ns)    Netlist Resource(s)
  -------------------------------------------------------------------    -------------------
                         (clock clk_out20_unbuf rise edge)
                                                      0.000     0.000 r  <hidden>
    E3                                                0.000     0.000 r  clk_pin100
                         net (fo=0)                   0.000     0.000    clk_pin100
    E3                   IBUF (Prop_ibuf_I_O)         1.489     1.489 r  clk_pin100_IBUF_inst/O
                         net (fo=1, routed)           1.233     2.722    u_clk_gen/clk_in100
    MMCME2_ADV_X1Y1      MMCME2_ADV (Prop_mmcme2_adv_CLKIN1_CLKOUT0)
                                                      0.088     2.810 r  u_clk_gen/u_mmcm/CLKOUT0
                         net (fo=1, routed)           1.661     4.471    u_clk_gen/clk_out20_unbuf
    BUFGCTRL_X0Y16       BUFG (Prop_bufg_I_O)         0.096     4.567 r  u_clk_gen/u_bufg/O
                         net (fo=13848, routed)       1.572     6.140    u_iface0/u_matmul/grp_matmul_4x4x4_Pipeline_time_loop_fu_778/clk_out20
    SLICE_X48Y43         FDRE                                         r  u_iface0/u_matmul/grp_matmul_4x4x4_Pipeline_time_loop_fu_778/k_fu_376_reg[0]/C
  -------------------------------------------------------------------    -------------------
    SLICE_X48Y43         FDRE (Prop_fdre_C_Q)         0.456     6.596 r  u_iface0/u_matmul/grp_matmul_4x4x4_Pipeline_time_loop_fu_778/k_fu_376_reg[0]/Q
                         net (fo=263, routed)         4.212    10.808    u_iface0/u_matmul/grp_matmul_4x4x4_Pipeline_time_loop_fu_778/mul_21s_21s_42_1_1_U127/tmp_product_0[0]
    SLICE_X44Y47         LUT5 (Prop_lut5_I4_O)        0.124    10.932 r  u_iface0/u_matmul/grp_matmul_4x4x4_Pipeline_time_loop_fu_778/mul_21s_21s_42_1_1_U127/a_in_9_fu_424[20]_i_1/O
                         net (fo=310, routed)         8.247    19.179    u_iface0/u_matmul/grp_matmul_4x4x4_Pipeline_time_loop_fu_778/mul_21s_21s_42_1_1_U127_n_27
    SLICE_X45Y21         FDRE                                         r  u_iface0/u_matmul/grp_matmul_4x4x4_Pipeline_time_loop_fu_778/b_in_8_fu_412_reg[17]/CE
  -------------------------------------------------------------------    -------------------

                         (clock clk_out20_unbuf rise edge)
                                                     50.000    50.000 r  <hidden>
    E3                                                0.000    50.000 r  clk_pin100
                         net (fo=0)                   0.000    50.000    clk_pin100
    E3                   IBUF (Prop_ibuf_I_O)         1.418    51.418 r  clk_pin100_IBUF_inst/O
                         net (fo=1, routed)           1.162    52.580    u_clk_gen/clk_in100
    MMCME2_ADV_X1Y1      MMCME2_ADV (Prop_mmcme2_adv_CLKIN1_CLKOUT0)
                                                      0.083    52.663 r  u_clk_gen/u_mmcm/CLKOUT0
                         net (fo=1, routed)           1.581    54.244    u_clk_gen/clk_out20_unbuf
    BUFGCTRL_X0Y16       BUFG (Prop_bufg_I_O)         0.091    54.335 r  u_clk_gen/u_bufg/O
                         net (fo=13848, routed)       1.439    55.775    u_iface0/u_matmul/grp_matmul_4x4x4_Pipeline_time_loop_fu_778/clk_out20
    SLICE_X45Y21         FDRE                                         r  u_iface0/u_matmul/grp_matmul_4x4x4_Pipeline_time_loop_fu_778/b_in_8_fu_412_reg[17]/C
                         clock pessimism              0.311    56.086    <hidden>
                         clock uncertainty           -0.094    55.991    <hidden>
    SLICE_X45Y21         FDRE (Setup_fdre_C_CE)      -0.205    55.786    u_iface0/u_matmul/grp_matmul_4x4x4_Pipeline_time_loop_fu_778/b_in_8_fu_412_reg[17]
  -------------------------------------------------------------------
                         required time                         55.786    <hidden>
                         arrival time                         -19.179    <hidden>
  -------------------------------------------------------------------
                         slack                                 36.607    <hidden>





Min Delay Paths
--------------------------------------------------------------------------------------
Slack (MET) :             0.019ns  (arrival time - required time)
  Source:                 arg0_flat_reg[492]/C
                            (rising edge-triggered cell FDRE clocked by clk_out20_unbuf  {rise@0.000ns fall@25.000ns period=50.000ns})
  Destination:            u_iface0/u_matmul/bitcast_ln64_15_reg_1933_reg[12]/D
                            (rising edge-triggered cell FDRE clocked by clk_out20_unbuf  {rise@0.000ns fall@25.000ns period=50.000ns})
  Path Group:             clk_out20_unbuf
  Path Type:              Hold (Min at Fast Process Corner)
  Requirement:            0.000ns  (clk_out20_unbuf rise@0.000ns - clk_out20_unbuf rise@0.000ns)
  Data Path Delay:        0.342ns  (logic 0.141ns (41.204%)  route 0.201ns (58.796%))
  Logic Levels:           0  
  Clock Path Skew:        0.260ns (DCD - SCD - CPR)
    Destination Clock Delay (DCD):    2.435ns
    Source Clock Delay      (SCD):    1.889ns
    Clock Pessimism Removal (CPR):    0.287ns

    Location             Delay type                Incr(ns)  Path(ns)    Netlist Resource(s)
  -------------------------------------------------------------------    -------------------
                         (clock clk_out20_unbuf rise edge)
                                                      0.000     0.000 r  <hidden>
    E3                                                0.000     0.000 r  clk_pin100
                         net (fo=0)                   0.000     0.000    clk_pin100
    E3                   IBUF (Prop_ibuf_I_O)         0.257     0.257 r  clk_pin100_IBUF_inst/O
                         net (fo=1, routed)           0.440     0.697    u_clk_gen/clk_in100
    MMCME2_ADV_X1Y1      MMCME2_ADV (Prop_mmcme2_adv_CLKIN1_CLKOUT0)
                                                      0.050     0.747 r  u_clk_gen/u_mmcm/CLKOUT0
                         net (fo=1, routed)           0.486     1.233    u_clk_gen/clk_out20_unbuf
    BUFGCTRL_X0Y16       BUFG (Prop_bufg_I_O)         0.026     1.259 r  u_clk_gen/u_bufg/O
                         net (fo=13848, routed)       0.630     1.889    clk
    SLICE_X35Y122        FDRE                                         r  arg0_flat_reg[492]/C
  -------------------------------------------------------------------    -------------------
    SLICE_X35Y122        FDRE (Prop_fdre_C_Q)         0.141     2.030 r  arg0_flat_reg[492]/Q
                         net (fo=2, routed)           0.201     2.231    u_iface0/u_matmul/A_3_3[12]
    SLICE_X38Y123        FDRE                                         r  u_iface0/u_matmul/bitcast_ln64_15_reg_1933_reg[12]/D
  -------------------------------------------------------------------    -------------------

                         (clock clk_out20_unbuf rise edge)
                                                      0.000     0.000 r  <hidden>
    E3                                                0.000     0.000 r  clk_pin100
                         net (fo=0)                   0.000     0.000    clk_pin100
    E3                   IBUF (Prop_ibuf_I_O)         0.445     0.445 r  clk_pin100_IBUF_inst/O
                         net (fo=1, routed)           0.480     0.925    u_clk_gen/clk_in100
    MMCME2_ADV_X1Y1      MMCME2_ADV (Prop_mmcme2_adv_CLKIN1_CLKOUT0)
                                                      0.053     0.978 r  u_clk_gen/u_mmcm/CLKOUT0
                         net (fo=1, routed)           0.530     1.507    u_clk_gen/clk_out20_unbuf
    BUFGCTRL_X0Y16       BUFG (Prop_bufg_I_O)         0.029     1.536 r  u_clk_gen/u_bufg/O
                         net (fo=13848, routed)       0.899     2.435    u_iface0/u_matmul/clk_out20
    SLICE_X38Y123        FDRE                                         r  u_iface0/u_matmul/bitcast_ln64_15_reg_1933_reg[12]/C
                         clock pessimism             -0.287     2.149    <hidden>
    SLICE_X38Y123        FDRE (Hold_fdre_C_D)         0.063     2.212    u_iface0/u_matmul/bitcast_ln64_15_reg_1933_reg[12]
  -------------------------------------------------------------------
                         required time                         -2.212    <hidden>
                         arrival time                           2.231    <hidden>
  -------------------------------------------------------------------
                         slack                                  0.019    <hidden>

Slack (MET) :             0.024ns  (arrival time - required time)
  Source:                 u_iface0/u_matmul/grp_matmul_4x4x4_Pipeline_init_conv_a_i_init_conv_a_k_fu_706/tmp_11_reg_1641_reg[15]/C
                            (rising edge-triggered cell FDRE clocked by clk_out20_unbuf  {rise@0.000ns fall@25.000ns period=50.000ns})
  Destination:            u_iface0/u_matmul/grp_matmul_4x4x4_Pipeline_init_conv_a_i_init_conv_a_k_fu_706/fpext_32ns_64_2_no_dsp_1_U44/din0_buf1_reg[15]/D
                            (rising edge-triggered cell FDRE clocked by clk_out20_unbuf  {rise@0.000ns fall@25.000ns period=50.000ns})
  Path Group:             clk_out20_unbuf
  Path Type:              Hold (Min at Fast Process Corner)
  Requirement:            0.000ns  (clk_out20_unbuf rise@0.000ns - clk_out20_unbuf rise@0.000ns)
  Data Path Delay:        0.339ns  (logic 0.164ns (48.357%)  route 0.175ns (51.643%))
  Logic Levels:           0  
  Clock Path Skew:        0.263ns (DCD - SCD - CPR)
    Destination Clock Delay (DCD):    2.438ns
    Source Clock Delay      (SCD):    1.889ns
    Clock Pessimism Removal (CPR):    0.287ns

    Location             Delay type                Incr(ns)  Path(ns)    Netlist Resource(s)
  -------------------------------------------------------------------    -------------------
                         (clock clk_out20_unbuf rise edge)
                                                      0.000     0.000 r  <hidden>
    E3                                                0.000     0.000 r  clk_pin100
                         net (fo=0)                   0.000     0.000    clk_pin100
    E3                   IBUF (Prop_ibuf_I_O)         0.257     0.257 r  clk_pin100_IBUF_inst/O
                         net (fo=1, routed)           0.440     0.697    u_clk_gen/clk_in100
    MMCME2_ADV_X1Y1      MMCME2_ADV (Prop_mmcme2_adv_CLKIN1_CLKOUT0)
                                                      0.050     0.747 r  u_clk_gen/u_mmcm/CLKOUT0
                         net (fo=1, routed)           0.486     1.233    u_clk_gen/clk_out20_unbuf
    BUFGCTRL_X0Y16       BUFG (Prop_bufg_I_O)         0.026     1.259 r  u_clk_gen/u_bufg/O
                         net (fo=13848, routed)       0.630     1.889    u_iface0/u_matmul/grp_matmul_4x4x4_Pipeline_init_conv_a_i_init_conv_a_k_fu_706/clk_out20
    SLICE_X34Y128        FDRE                                         r  u_iface0/u_matmul/grp_matmul_4x4x4_Pipeline_init_conv_a_i_init_conv_a_k_fu_706/tmp_11_reg_1641_reg[15]/C
  -------------------------------------------------------------------    -------------------
    SLICE_X34Y128        FDRE (Prop_fdre_C_Q)         0.164     2.053 r  u_iface0/u_matmul/grp_matmul_4x4x4_Pipeline_init_conv_a_i_init_conv_a_k_fu_706/tmp_11_reg_1641_reg[15]/Q
                         net (fo=1, routed)           0.175     2.228    u_iface0/u_matmul/grp_matmul_4x4x4_Pipeline_init_conv_a_i_init_conv_a_k_fu_706/fpext_32ns_64_2_no_dsp_1_U44/tmp_11_reg_1641[15]
    SLICE_X42Y128        FDRE                                         r  u_iface0/u_matmul/grp_matmul_4x4x4_Pipeline_init_conv_a_i_init_conv_a_k_fu_706/fpext_32ns_64_2_no_dsp_1_U44/din0_buf1_reg[15]/D
  -------------------------------------------------------------------    -------------------

                         (clock clk_out20_unbuf rise edge)
                                                      0.000     0.000 r  <hidden>
    E3                                                0.000     0.000 r  clk_pin100
                         net (fo=0)                   0.000     0.000    clk_pin100
    E3                   IBUF (Prop_ibuf_I_O)         0.445     0.445 r  clk_pin100_IBUF_inst/O
                         net (fo=1, routed)           0.480     0.925    u_clk_gen/clk_in100
    MMCME2_ADV_X1Y1      MMCME2_ADV (Prop_mmcme2_adv_CLKIN1_CLKOUT0)
                                                      0.053     0.978 r  u_clk_gen/u_mmcm/CLKOUT0
                         net (fo=1, routed)           0.530     1.507    u_clk_gen/clk_out20_unbuf
    BUFGCTRL_X0Y16       BUFG (Prop_bufg_I_O)         0.029     1.536 r  u_clk_gen/u_bufg/O
                         net (fo=13848, routed)       0.902     2.438    u_iface0/u_matmul/grp_matmul_4x4x4_Pipeline_init_conv_a_i_init_conv_a_k_fu_706/fpext_32ns_64_2_no_dsp_1_U44/clk_out20
    SLICE_X42Y128        FDRE                                         r  u_iface0/u_matmul/grp_matmul_4x4x4_Pipeline_init_conv_a_i_init_conv_a_k_fu_706/fpext_32ns_64_2_no_dsp_1_U44/din0_buf1_reg[15]/C
                         clock pessimism             -0.287     2.152    <hidden>
    SLICE_X42Y128        FDRE (Hold_fdre_C_D)         0.052     2.204    u_iface0/u_matmul/grp_matmul_4x4x4_Pipeline_init_conv_a_i_init_conv_a_k_fu_706/fpext_32ns_64_2_no_dsp_1_U44/din0_buf1_reg[15]
  -------------------------------------------------------------------
                         required time                         -2.204    <hidden>
                         arrival time                           2.228    <hidden>
  -------------------------------------------------------------------
                         slack                                  0.024    <hidden>

Slack (MET) :             0.026ns  (arrival time - required time)
  Source:                 arg0_flat_reg[238]/C
                            (rising edge-triggered cell FDRE clocked by clk_out20_unbuf  {rise@0.000ns fall@25.000ns period=50.000ns})
  Destination:            u_iface0/u_matmul/bitcast_ln64_7_reg_1893_reg[14]/D
                            (rising edge-triggered cell FDRE clocked by clk_out20_unbuf  {rise@0.000ns fall@25.000ns period=50.000ns})
  Path Group:             clk_out20_unbuf
  Path Type:              Hold (Min at Fast Process Corner)
  Requirement:            0.000ns  (clk_out20_unbuf rise@0.000ns - clk_out20_unbuf rise@0.000ns)
  Data Path Delay:        0.357ns  (logic 0.164ns (45.972%)  route 0.193ns (54.028%))
  Logic Levels:           0  
  Clock Path Skew:        0.268ns (DCD - SCD - CPR)
    Destination Clock Delay (DCD):    2.445ns
    Source Clock Delay      (SCD):    1.891ns
    Clock Pessimism Removal (CPR):    0.287ns

    Location             Delay type                Incr(ns)  Path(ns)    Netlist Resource(s)
  -------------------------------------------------------------------    -------------------
                         (clock clk_out20_unbuf rise edge)
                                                      0.000     0.000 r  <hidden>
    E3                                                0.000     0.000 r  clk_pin100
                         net (fo=0)                   0.000     0.000    clk_pin100
    E3                   IBUF (Prop_ibuf_I_O)         0.257     0.257 r  clk_pin100_IBUF_inst/O
                         net (fo=1, routed)           0.440     0.697    u_clk_gen/clk_in100
    MMCME2_ADV_X1Y1      MMCME2_ADV (Prop_mmcme2_adv_CLKIN1_CLKOUT0)
                                                      0.050     0.747 r  u_clk_gen/u_mmcm/CLKOUT0
                         net (fo=1, routed)           0.486     1.233    u_clk_gen/clk_out20_unbuf
    BUFGCTRL_X0Y16       BUFG (Prop_bufg_I_O)         0.026     1.259 r  u_clk_gen/u_bufg/O
                         net (fo=13848, routed)       0.632     1.891    clk
    SLICE_X34Y130        FDRE                                         r  arg0_flat_reg[238]/C
  -------------------------------------------------------------------    -------------------
    SLICE_X34Y130        FDRE (Prop_fdre_C_Q)         0.164     2.055 r  arg0_flat_reg[238]/Q
                         net (fo=2, routed)           0.193     2.248    u_iface0/u_matmul/A_1_3[14]
    SLICE_X38Y135        FDRE                                         r  u_iface0/u_matmul/bitcast_ln64_7_reg_1893_reg[14]/D
  -------------------------------------------------------------------    -------------------

                         (clock clk_out20_unbuf rise edge)
                                                      0.000     0.000 r  <hidden>
    E3                                                0.000     0.000 r  clk_pin100
                         net (fo=0)                   0.000     0.000    clk_pin100
    E3                   IBUF (Prop_ibuf_I_O)         0.445     0.445 r  clk_pin100_IBUF_inst/O
                         net (fo=1, routed)           0.480     0.925    u_clk_gen/clk_in100
    MMCME2_ADV_X1Y1      MMCME2_ADV (Prop_mmcme2_adv_CLKIN1_CLKOUT0)
                                                      0.053     0.978 r  u_clk_gen/u_mmcm/CLKOUT0
                         net (fo=1, routed)           0.530     1.507    u_clk_gen/clk_out20_unbuf
    BUFGCTRL_X0Y16       BUFG (Prop_bufg_I_O)         0.029     1.536 r  u_clk_gen/u_bufg/O
                         net (fo=13848, routed)       0.909     2.445    u_iface0/u_matmul/clk_out20
    SLICE_X38Y135        FDRE                                         r  u_iface0/u_matmul/bitcast_ln64_7_reg_1893_reg[14]/C
                         clock pessimism             -0.287     2.159    <hidden>
    SLICE_X38Y135        FDRE (Hold_fdre_C_D)         0.063     2.222    u_iface0/u_matmul/bitcast_ln64_7_reg_1893_reg[14]
  -------------------------------------------------------------------
                         required time                         -2.222    <hidden>
                         arrival time                           2.248    <hidden>
  -------------------------------------------------------------------
                         slack                                  0.026    <hidden>

Slack (MET) :             0.028ns  (arrival time - required time)
  Source:                 arg0_flat_reg[158]/C
                            (rising edge-triggered cell FDRE clocked by clk_out20_unbuf  {rise@0.000ns fall@25.000ns period=50.000ns})
  Destination:            u_iface0/u_matmul/bitcast_ln64_4_reg_1878_reg[30]/D
                            (rising edge-triggered cell FDRE clocked by clk_out20_unbuf  {rise@0.000ns fall@25.000ns period=50.000ns})
  Path Group:             clk_out20_unbuf
  Path Type:              Hold (Min at Fast Process Corner)
  Requirement:            0.000ns  (clk_out20_unbuf rise@0.000ns - clk_out20_unbuf rise@0.000ns)
  Data Path Delay:        0.363ns  (logic 0.141ns (38.862%)  route 0.222ns (61.138%))
  Logic Levels:           0  
  Clock Path Skew:        0.265ns (DCD - SCD - CPR)
    Destination Clock Delay (DCD):    2.438ns
    Source Clock Delay      (SCD):    1.887ns
    Clock Pessimism Removal (CPR):    0.287ns

    Location             Delay type                Incr(ns)  Path(ns)    Netlist Resource(s)
  -------------------------------------------------------------------    -------------------
                         (clock clk_out20_unbuf rise edge)
                                                      0.000     0.000 r  <hidden>
    E3                                                0.000     0.000 r  clk_pin100
                         net (fo=0)                   0.000     0.000    clk_pin100
    E3                   IBUF (Prop_ibuf_I_O)         0.257     0.257 r  clk_pin100_IBUF_inst/O
                         net (fo=1, routed)           0.440     0.697    u_clk_gen/clk_in100
    MMCME2_ADV_X1Y1      MMCME2_ADV (Prop_mmcme2_adv_CLKIN1_CLKOUT0)
                                                      0.050     0.747 r  u_clk_gen/u_mmcm/CLKOUT0
                         net (fo=1, routed)           0.486     1.233    u_clk_gen/clk_out20_unbuf
    BUFGCTRL_X0Y16       BUFG (Prop_bufg_I_O)         0.026     1.259 r  u_clk_gen/u_bufg/O
                         net (fo=13848, routed)       0.628     1.887    clk
    SLICE_X35Y123        FDRE                                         r  arg0_flat_reg[158]/C
  -------------------------------------------------------------------    -------------------
    SLICE_X35Y123        FDRE (Prop_fdre_C_Q)         0.141     2.028 r  arg0_flat_reg[158]/Q
                         net (fo=2, routed)           0.222     2.250    u_iface0/u_matmul/A_1_0[30]
    SLICE_X36Y121        FDRE                                         r  u_iface0/u_matmul/bitcast_ln64_4_reg_1878_reg[30]/D
  -------------------------------------------------------------------    -------------------

                         (clock clk_out20_unbuf rise edge)
                                                      0.000     0.000 r  <hidden>
    E3                                                0.000     0.000 r  clk_pin100
                         net (fo=0)                   0.000     0.000    clk_pin100
    E3                   IBUF (Prop_ibuf_I_O)         0.445     0.445 r  clk_pin100_IBUF_inst/O
                         net (fo=1, routed)           0.480     0.925    u_clk_gen/clk_in100
    MMCME2_ADV_X1Y1      MMCME2_ADV (Prop_mmcme2_adv_CLKIN1_CLKOUT0)
                                                      0.053     0.978 r  u_clk_gen/u_mmcm/CLKOUT0
                         net (fo=1, routed)           0.530     1.507    u_clk_gen/clk_out20_unbuf
    BUFGCTRL_X0Y16       BUFG (Prop_bufg_I_O)         0.029     1.536 r  u_clk_gen/u_bufg/O
                         net (fo=13848, routed)       0.902     2.438    u_iface0/u_matmul/clk_out20
    SLICE_X36Y121        FDRE                                         r  u_iface0/u_matmul/bitcast_ln64_4_reg_1878_reg[30]/C
                         clock pessimism             -0.287     2.152    <hidden>
    SLICE_X36Y121        FDRE (Hold_fdre_C_D)         0.070     2.222    u_iface0/u_matmul/bitcast_ln64_4_reg_1878_reg[30]
  -------------------------------------------------------------------
                         required time                         -2.222    <hidden>
                         arrival time                           2.250    <hidden>
  -------------------------------------------------------------------
                         slack                                  0.028    <hidden>

Slack (MET) :             0.037ns  (arrival time - required time)
  Source:                 tx_data_reg[4]/C
                            (rising edge-triggered cell FDRE clocked by clk_out20_unbuf  {rise@0.000ns fall@25.000ns period=50.000ns})
  Destination:            u_tx/shift_reg_reg[4]/D
                            (rising edge-triggered cell FDRE clocked by clk_out20_unbuf  {rise@0.000ns fall@25.000ns period=50.000ns})
  Path Group:             clk_out20_unbuf
  Path Type:              Hold (Min at Fast Process Corner)
  Requirement:            0.000ns  (clk_out20_unbuf rise@0.000ns - clk_out20_unbuf rise@0.000ns)
  Data Path Delay:        0.376ns  (logic 0.141ns (37.474%)  route 0.235ns (62.526%))
  Logic Levels:           0  
  Clock Path Skew:        0.264ns (DCD - SCD - CPR)
    Destination Clock Delay (DCD):    2.450ns
    Source Clock Delay      (SCD):    1.900ns
    Clock Pessimism Removal (CPR):    0.287ns

    Location             Delay type                Incr(ns)  Path(ns)    Netlist Resource(s)
  -------------------------------------------------------------------    -------------------
                         (clock clk_out20_unbuf rise edge)
                                                      0.000     0.000 r  <hidden>
    E3                                                0.000     0.000 r  clk_pin100
                         net (fo=0)                   0.000     0.000    clk_pin100
    E3                   IBUF (Prop_ibuf_I_O)         0.257     0.257 r  clk_pin100_IBUF_inst/O
                         net (fo=1, routed)           0.440     0.697    u_clk_gen/clk_in100
    MMCME2_ADV_X1Y1      MMCME2_ADV (Prop_mmcme2_adv_CLKIN1_CLKOUT0)
                                                      0.050     0.747 r  u_clk_gen/u_mmcm/CLKOUT0
                         net (fo=1, routed)           0.486     1.233    u_clk_gen/clk_out20_unbuf
    BUFGCTRL_X0Y16       BUFG (Prop_bufg_I_O)         0.026     1.259 r  u_clk_gen/u_bufg/O
                         net (fo=13848, routed)       0.641     1.900    clk
    SLICE_X40Y106        FDRE                                         r  tx_data_reg[4]/C
  -------------------------------------------------------------------    -------------------
    SLICE_X40Y106        FDRE (Prop_fdre_C_Q)         0.141     2.041 r  tx_data_reg[4]/Q
                         net (fo=1, routed)           0.235     2.276    u_tx/Q[4]
    SLICE_X31Y104        FDRE                                         r  u_tx/shift_reg_reg[4]/D
  -------------------------------------------------------------------    -------------------

                         (clock clk_out20_unbuf rise edge)
                                                      0.000     0.000 r  <hidden>
    E3                                                0.000     0.000 r  clk_pin100
                         net (fo=0)                   0.000     0.000    clk_pin100
    E3                   IBUF (Prop_ibuf_I_O)         0.445     0.445 r  clk_pin100_IBUF_inst/O
                         net (fo=1, routed)           0.480     0.925    u_clk_gen/clk_in100
    MMCME2_ADV_X1Y1      MMCME2_ADV (Prop_mmcme2_adv_CLKIN1_CLKOUT0)
                                                      0.053     0.978 r  u_clk_gen/u_mmcm/CLKOUT0
                         net (fo=1, routed)           0.530     1.507    u_clk_gen/clk_out20_unbuf
    BUFGCTRL_X0Y16       BUFG (Prop_bufg_I_O)         0.029     1.536 r  u_clk_gen/u_bufg/O
                         net (fo=13848, routed)       0.914     2.450    u_tx/clk_out20
    SLICE_X31Y104        FDRE                                         r  u_tx/shift_reg_reg[4]/C
                         clock pessimism             -0.287     2.164    <hidden>
    SLICE_X31Y104        FDRE (Hold_fdre_C_D)         0.075     2.239    u_tx/shift_reg_reg[4]
  -------------------------------------------------------------------
                         required time                         -2.239    <hidden>
                         arrival time                           2.276    <hidden>
  -------------------------------------------------------------------
                         slack                                  0.037    <hidden>

Slack (MET) :             0.038ns  (arrival time - required time)
  Source:                 arg0_flat_reg[491]/C
                            (rising edge-triggered cell FDRE clocked by clk_out20_unbuf  {rise@0.000ns fall@25.000ns period=50.000ns})
  Destination:            u_iface1/u_matmul/bitcast_ln64_15_reg_1933_reg[11]/D
                            (rising edge-triggered cell FDRE clocked by clk_out20_unbuf  {rise@0.000ns fall@25.000ns period=50.000ns})
  Path Group:             clk_out20_unbuf
  Path Type:              Hold (Min at Fast Process Corner)
  Requirement:            0.000ns  (clk_out20_unbuf rise@0.000ns - clk_out20_unbuf rise@0.000ns)
  Data Path Delay:        0.369ns  (logic 0.141ns (38.200%)  route 0.228ns (61.800%))
  Logic Levels:           0  
  Clock Path Skew:        0.259ns (DCD - SCD - CPR)
    Destination Clock Delay (DCD):    2.434ns
    Source Clock Delay      (SCD):    1.889ns
    Clock Pessimism Removal (CPR):    0.287ns

    Location             Delay type                Incr(ns)  Path(ns)    Netlist Resource(s)
  -------------------------------------------------------------------    -------------------
                         (clock clk_out20_unbuf rise edge)
                                                      0.000     0.000 r  <hidden>
    E3                                                0.000     0.000 r  clk_pin100
                         net (fo=0)                   0.000     0.000    clk_pin100
    E3                   IBUF (Prop_ibuf_I_O)         0.257     0.257 r  clk_pin100_IBUF_inst/O
                         net (fo=1, routed)           0.440     0.697    u_clk_gen/clk_in100
    MMCME2_ADV_X1Y1      MMCME2_ADV (Prop_mmcme2_adv_CLKIN1_CLKOUT0)
                                                      0.050     0.747 r  u_clk_gen/u_mmcm/CLKOUT0
                         net (fo=1, routed)           0.486     1.233    u_clk_gen/clk_out20_unbuf
    BUFGCTRL_X0Y16       BUFG (Prop_bufg_I_O)         0.026     1.259 r  u_clk_gen/u_bufg/O
                         net (fo=13848, routed)       0.630     1.889    clk
    SLICE_X35Y122        FDRE                                         r  arg0_flat_reg[491]/C
  -------------------------------------------------------------------    -------------------
    SLICE_X35Y122        FDRE (Prop_fdre_C_Q)         0.141     2.030 r  arg0_flat_reg[491]/Q
                         net (fo=2, routed)           0.228     2.258    u_iface1/u_matmul/A_3_3[11]
    SLICE_X36Y124        FDRE                                         r  u_iface1/u_matmul/bitcast_ln64_15_reg_1933_reg[11]/D
  -------------------------------------------------------------------    -------------------

                         (clock clk_out20_unbuf rise edge)
                                                      0.000     0.000 r  <hidden>
    E3                                                0.000     0.000 r  clk_pin100
                         net (fo=0)                   0.000     0.000    clk_pin100
    E3                   IBUF (Prop_ibuf_I_O)         0.445     0.445 r  clk_pin100_IBUF_inst/O
                         net (fo=1, routed)           0.480     0.925    u_clk_gen/clk_in100
    MMCME2_ADV_X1Y1      MMCME2_ADV (Prop_mmcme2_adv_CLKIN1_CLKOUT0)
                                                      0.053     0.978 r  u_clk_gen/u_mmcm/CLKOUT0
                         net (fo=1, routed)           0.530     1.507    u_clk_gen/clk_out20_unbuf
    BUFGCTRL_X0Y16       BUFG (Prop_bufg_I_O)         0.029     1.536 r  u_clk_gen/u_bufg/O
                         net (fo=13848, routed)       0.898     2.434    u_iface1/u_matmul/clk_out20
    SLICE_X36Y124        FDRE                                         r  u_iface1/u_matmul/bitcast_ln64_15_reg_1933_reg[11]/C
                         clock pessimism             -0.287     2.148    <hidden>
    SLICE_X36Y124        FDRE (Hold_fdre_C_D)         0.072     2.220    u_iface1/u_matmul/bitcast_ln64_15_reg_1933_reg[11]
  -------------------------------------------------------------------
                         required time                         -2.220    <hidden>
                         arrival time                           2.258    <hidden>
  -------------------------------------------------------------------
                         slack                                  0.038    <hidden>

Slack (MET) :             0.040ns  (arrival time - required time)
  Source:                 arg0_flat_reg[46]/C
                            (rising edge-triggered cell FDRE clocked by clk_out20_unbuf  {rise@0.000ns fall@25.000ns period=50.000ns})
  Destination:            u_iface1/u_matmul/bitcast_ln64_1_reg_1863_reg[14]/D
                            (rising edge-triggered cell FDRE clocked by clk_out20_unbuf  {rise@0.000ns fall@25.000ns period=50.000ns})
  Path Group:             clk_out20_unbuf
  Path Type:              Hold (Min at Fast Process Corner)
  Requirement:            0.000ns  (clk_out20_unbuf rise@0.000ns - clk_out20_unbuf rise@0.000ns)
  Data Path Delay:        0.352ns  (logic 0.164ns (46.548%)  route 0.188ns (53.452%))
  Logic Levels:           0  
  Clock Path Skew:        0.266ns (DCD - SCD - CPR)
    Destination Clock Delay (DCD):    2.442ns
    Source Clock Delay      (SCD):    1.890ns
    Clock Pessimism Removal (CPR):    0.287ns

    Location             Delay type                Incr(ns)  Path(ns)    Netlist Resource(s)
  -------------------------------------------------------------------    -------------------
                         (clock clk_out20_unbuf rise edge)
                                                      0.000     0.000 r  <hidden>
    E3                                                0.000     0.000 r  clk_pin100
                         net (fo=0)                   0.000     0.000    clk_pin100
    E3                   IBUF (Prop_ibuf_I_O)         0.257     0.257 r  clk_pin100_IBUF_inst/O
                         net (fo=1, routed)           0.440     0.697    u_clk_gen/clk_in100
    MMCME2_ADV_X1Y1      MMCME2_ADV (Prop_mmcme2_adv_CLKIN1_CLKOUT0)
                                                      0.050     0.747 r  u_clk_gen/u_mmcm/CLKOUT0
                         net (fo=1, routed)           0.486     1.233    u_clk_gen/clk_out20_unbuf
    BUFGCTRL_X0Y16       BUFG (Prop_bufg_I_O)         0.026     1.259 r  u_clk_gen/u_bufg/O
                         net (fo=13848, routed)       0.631     1.890    clk
    SLICE_X38Y129        FDRE                                         r  arg0_flat_reg[46]/C
  -------------------------------------------------------------------    -------------------
    SLICE_X38Y129        FDRE (Prop_fdre_C_Q)         0.164     2.054 r  arg0_flat_reg[46]/Q
                         net (fo=2, routed)           0.188     2.242    u_iface1/u_matmul/A_0_1[14]
    SLICE_X35Y132        FDRE                                         r  u_iface1/u_matmul/bitcast_ln64_1_reg_1863_reg[14]/D
  -------------------------------------------------------------------    -------------------

                         (clock clk_out20_unbuf rise edge)
                                                      0.000     0.000 r  <hidden>
    E3                                                0.000     0.000 r  clk_pin100
                         net (fo=0)                   0.000     0.000    clk_pin100
    E3                   IBUF (Prop_ibuf_I_O)         0.445     0.445 r  clk_pin100_IBUF_inst/O
                         net (fo=1, routed)           0.480     0.925    u_clk_gen/clk_in100
    MMCME2_ADV_X1Y1      MMCME2_ADV (Prop_mmcme2_adv_CLKIN1_CLKOUT0)
                                                      0.053     0.978 r  u_clk_gen/u_mmcm/CLKOUT0
                         net (fo=1, routed)           0.530     1.507    u_clk_gen/clk_out20_unbuf
    BUFGCTRL_X0Y16       BUFG (Prop_bufg_I_O)         0.029     1.536 r  u_clk_gen/u_bufg/O
                         net (fo=13848, routed)       0.906     2.442    u_iface1/u_matmul/clk_out20
    SLICE_X35Y132        FDRE                                         r  u_iface1/u_matmul/bitcast_ln64_1_reg_1863_reg[14]/C
                         clock pessimism             -0.287     2.156    <hidden>
    SLICE_X35Y132        FDRE (Hold_fdre_C_D)         0.047     2.203    u_iface1/u_matmul/bitcast_ln64_1_reg_1863_reg[14]
  -------------------------------------------------------------------
                         required time                         -2.203    <hidden>
                         arrival time                           2.242    <hidden>
  -------------------------------------------------------------------
                         slack                                  0.040    <hidden>

Slack (MET) :             0.041ns  (arrival time - required time)
  Source:                 tx_data_reg[6]/C
                            (rising edge-triggered cell FDRE clocked by clk_out20_unbuf  {rise@0.000ns fall@25.000ns period=50.000ns})
  Destination:            u_tx/shift_reg_reg[6]/D
                            (rising edge-triggered cell FDRE clocked by clk_out20_unbuf  {rise@0.000ns fall@25.000ns period=50.000ns})
  Path Group:             clk_out20_unbuf
  Path Type:              Hold (Min at Fast Process Corner)
  Requirement:            0.000ns  (clk_out20_unbuf rise@0.000ns - clk_out20_unbuf rise@0.000ns)
  Data Path Delay:        0.375ns  (logic 0.141ns (37.588%)  route 0.234ns (62.412%))
  Logic Levels:           0  
  Clock Path Skew:        0.264ns (DCD - SCD - CPR)
    Destination Clock Delay (DCD):    2.450ns
    Source Clock Delay      (SCD):    1.900ns
    Clock Pessimism Removal (CPR):    0.287ns

    Location             Delay type                Incr(ns)  Path(ns)    Netlist Resource(s)
  -------------------------------------------------------------------    -------------------
                         (clock clk_out20_unbuf rise edge)
                                                      0.000     0.000 r  <hidden>
    E3                                                0.000     0.000 r  clk_pin100
                         net (fo=0)                   0.000     0.000    clk_pin100
    E3                   IBUF (Prop_ibuf_I_O)         0.257     0.257 r  clk_pin100_IBUF_inst/O
                         net (fo=1, routed)           0.440     0.697    u_clk_gen/clk_in100
    MMCME2_ADV_X1Y1      MMCME2_ADV (Prop_mmcme2_adv_CLKIN1_CLKOUT0)
                                                      0.050     0.747 r  u_clk_gen/u_mmcm/CLKOUT0
                         net (fo=1, routed)           0.486     1.233    u_clk_gen/clk_out20_unbuf
    BUFGCTRL_X0Y16       BUFG (Prop_bufg_I_O)         0.026     1.259 r  u_clk_gen/u_bufg/O
                         net (fo=13848, routed)       0.641     1.900    clk
    SLICE_X41Y106        FDRE                                         r  tx_data_reg[6]/C
  -------------------------------------------------------------------    -------------------
    SLICE_X41Y106        FDRE (Prop_fdre_C_Q)         0.141     2.041 r  tx_data_reg[6]/Q
                         net (fo=1, routed)           0.234     2.275    u_tx/Q[6]
    SLICE_X31Y105        FDRE                                         r  u_tx/shift_reg_reg[6]/D
  -------------------------------------------------------------------    -------------------

                         (clock clk_out20_unbuf rise edge)
                                                      0.000     0.000 r  <hidden>
    E3                                                0.000     0.000 r  clk_pin100
                         net (fo=0)                   0.000     0.000    clk_pin100
    E3                   IBUF (Prop_ibuf_I_O)         0.445     0.445 r  clk_pin100_IBUF_inst/O
                         net (fo=1, routed)           0.480     0.925    u_clk_gen/clk_in100
    MMCME2_ADV_X1Y1      MMCME2_ADV (Prop_mmcme2_adv_CLKIN1_CLKOUT0)
                                                      0.053     0.978 r  u_clk_gen/u_mmcm/CLKOUT0
                         net (fo=1, routed)           0.530     1.507    u_clk_gen/clk_out20_unbuf
    BUFGCTRL_X0Y16       BUFG (Prop_bufg_I_O)         0.029     1.536 r  u_clk_gen/u_bufg/O
                         net (fo=13848, routed)       0.914     2.450    u_tx/clk_out20
    SLICE_X31Y105        FDRE                                         r  u_tx/shift_reg_reg[6]/C
                         clock pessimism             -0.287     2.164    <hidden>
    SLICE_X31Y105        FDRE (Hold_fdre_C_D)         0.070     2.234    u_tx/shift_reg_reg[6]
  -------------------------------------------------------------------
                         required time                         -2.234    <hidden>
                         arrival time                           2.275    <hidden>
  -------------------------------------------------------------------
                         slack                                  0.041    <hidden>

Slack (MET) :             0.042ns  (arrival time - required time)
  Source:                 arg1_flat_reg[336]/C
                            (rising edge-triggered cell FDRE clocked by clk_out20_unbuf  {rise@0.000ns fall@25.000ns period=50.000ns})
  Destination:            u_iface0/u_matmul/bitcast_ln71_10_reg_1988_reg[16]/D
                            (rising edge-triggered cell FDRE clocked by clk_out20_unbuf  {rise@0.000ns fall@25.000ns period=50.000ns})
  Path Group:             clk_out20_unbuf
  Path Type:              Hold (Min at Fast Process Corner)
  Requirement:            0.000ns  (clk_out20_unbuf rise@0.000ns - clk_out20_unbuf rise@0.000ns)
  Data Path Delay:        0.352ns  (logic 0.141ns (40.022%)  route 0.211ns (59.977%))
  Logic Levels:           0  
  Clock Path Skew:        0.265ns (DCD - SCD - CPR)
    Destination Clock Delay (DCD):    2.450ns
    Source Clock Delay      (SCD):    1.899ns
    Clock Pessimism Removal (CPR):    0.287ns

    Location             Delay type                Incr(ns)  Path(ns)    Netlist Resource(s)
  -------------------------------------------------------------------    -------------------
                         (clock clk_out20_unbuf rise edge)
                                                      0.000     0.000 r  <hidden>
    E3                                                0.000     0.000 r  clk_pin100
                         net (fo=0)                   0.000     0.000    clk_pin100
    E3                   IBUF (Prop_ibuf_I_O)         0.257     0.257 r  clk_pin100_IBUF_inst/O
                         net (fo=1, routed)           0.440     0.697    u_clk_gen/clk_in100
    MMCME2_ADV_X1Y1      MMCME2_ADV (Prop_mmcme2_adv_CLKIN1_CLKOUT0)
                                                      0.050     0.747 r  u_clk_gen/u_mmcm/CLKOUT0
                         net (fo=1, routed)           0.486     1.233    u_clk_gen/clk_out20_unbuf
    BUFGCTRL_X0Y16       BUFG (Prop_bufg_I_O)         0.026     1.259 r  u_clk_gen/u_bufg/O
                         net (fo=13848, routed)       0.640     1.899    clk
    SLICE_X35Y143        FDRE                                         r  arg1_flat_reg[336]/C
  -------------------------------------------------------------------    -------------------
    SLICE_X35Y143        FDRE (Prop_fdre_C_Q)         0.141     2.040 r  arg1_flat_reg[336]/Q
                         net (fo=2, routed)           0.211     2.251    u_iface0/u_matmul/B_2_2[16]
    SLICE_X37Y144        FDRE                                         r  u_iface0/u_matmul/bitcast_ln71_10_reg_1988_reg[16]/D
  -------------------------------------------------------------------    -------------------

                         (clock clk_out20_unbuf rise edge)
                                                      0.000     0.000 r  <hidden>
    E3                                                0.000     0.000 r  clk_pin100
                         net (fo=0)                   0.000     0.000    clk_pin100
    E3                   IBUF (Prop_ibuf_I_O)         0.445     0.445 r  clk_pin100_IBUF_inst/O
                         net (fo=1, routed)           0.480     0.925    u_clk_gen/clk_in100
    MMCME2_ADV_X1Y1      MMCME2_ADV (Prop_mmcme2_adv_CLKIN1_CLKOUT0)
                                                      0.053     0.978 r  u_clk_gen/u_mmcm/CLKOUT0
                         net (fo=1, routed)           0.530     1.507    u_clk_gen/clk_out20_unbuf
    BUFGCTRL_X0Y16       BUFG (Prop_bufg_I_O)         0.029     1.536 r  u_clk_gen/u_bufg/O
                         net (fo=13848, routed)       0.914     2.450    u_iface0/u_matmul/clk_out20
    SLICE_X37Y144        FDRE                                         r  u_iface0/u_matmul/bitcast_ln71_10_reg_1988_reg[16]/C
                         clock pessimism             -0.287     2.164    <hidden>
    SLICE_X37Y144        FDRE (Hold_fdre_C_D)         0.046     2.210    u_iface0/u_matmul/bitcast_ln71_10_reg_1988_reg[16]
  -------------------------------------------------------------------
                         required time                         -2.210    <hidden>
                         arrival time                           2.251    <hidden>
  -------------------------------------------------------------------
                         slack                                  0.042    <hidden>

Slack (MET) :             0.042ns  (arrival time - required time)
  Source:                 u_iface1/u_matmul/grp_matmul_4x4x4_Pipeline_time_loop_fu_778/a_in_7_fu_400_reg[19]/C
                            (rising edge-triggered cell FDRE clocked by clk_out20_unbuf  {rise@0.000ns fall@25.000ns period=50.000ns})
  Destination:            u_iface1/u_matmul/grp_matmul_4x4x4_Pipeline_time_loop_fu_778/a_in_6_fu_392_reg[19]/D
                            (rising edge-triggered cell FDRE clocked by clk_out20_unbuf  {rise@0.000ns fall@25.000ns period=50.000ns})
  Path Group:             clk_out20_unbuf
  Path Type:              Hold (Min at Fast Process Corner)
  Requirement:            0.000ns  (clk_out20_unbuf rise@0.000ns - clk_out20_unbuf rise@0.000ns)
  Data Path Delay:        0.379ns  (logic 0.141ns (37.196%)  route 0.238ns (62.804%))
  Logic Levels:           0  
  Clock Path Skew:        0.262ns (DCD - SCD - CPR)
    Destination Clock Delay (DCD):    2.358ns
    Source Clock Delay      (SCD):    1.813ns
    Clock Pessimism Removal (CPR):    0.283ns

    Location             Delay type                Incr(ns)  Path(ns)    Netlist Resource(s)
  -------------------------------------------------------------------    -------------------
                         (clock clk_out20_unbuf rise edge)
                                                      0.000     0.000 r  <hidden>
    E3                                                0.000     0.000 r  clk_pin100
                         net (fo=0)                   0.000     0.000    clk_pin100
    E3                   IBUF (Prop_ibuf_I_O)         0.257     0.257 r  clk_pin100_IBUF_inst/O
                         net (fo=1, routed)           0.440     0.697    u_clk_gen/clk_in100
    MMCME2_ADV_X1Y1      MMCME2_ADV (Prop_mmcme2_adv_CLKIN1_CLKOUT0)
                                                      0.050     0.747 r  u_clk_gen/u_mmcm/CLKOUT0
                         net (fo=1, routed)           0.486     1.233    u_clk_gen/clk_out20_unbuf
    BUFGCTRL_X0Y16       BUFG (Prop_bufg_I_O)         0.026     1.259 r  u_clk_gen/u_bufg/O
                         net (fo=13848, routed)       0.555     1.813    u_iface1/u_matmul/grp_matmul_4x4x4_Pipeline_time_loop_fu_778/clk_out20
    SLICE_X41Y86         FDRE                                         r  u_iface1/u_matmul/grp_matmul_4x4x4_Pipeline_time_loop_fu_778/a_in_7_fu_400_reg[19]/C
  -------------------------------------------------------------------    -------------------
    SLICE_X41Y86         FDRE (Prop_fdre_C_Q)         0.141     1.954 r  u_iface1/u_matmul/grp_matmul_4x4x4_Pipeline_time_loop_fu_778/a_in_7_fu_400_reg[19]/Q
                         net (fo=43, routed)          0.238     2.193    u_iface1/u_matmul/grp_matmul_4x4x4_Pipeline_time_loop_fu_778/a_in_7_fu_400[19]
    SLICE_X35Y85         FDRE                                         r  u_iface1/u_matmul/grp_matmul_4x4x4_Pipeline_time_loop_fu_778/a_in_6_fu_392_reg[19]/D
  -------------------------------------------------------------------    -------------------

                         (clock clk_out20_unbuf rise edge)
                                                      0.000     0.000 r  <hidden>
    E3                                                0.000     0.000 r  clk_pin100
                         net (fo=0)                   0.000     0.000    clk_pin100
    E3                   IBUF (Prop_ibuf_I_O)         0.445     0.445 r  clk_pin100_IBUF_inst/O
                         net (fo=1, routed)           0.480     0.925    u_clk_gen/clk_in100
    MMCME2_ADV_X1Y1      MMCME2_ADV (Prop_mmcme2_adv_CLKIN1_CLKOUT0)
                                                      0.053     0.978 r  u_clk_gen/u_mmcm/CLKOUT0
                         net (fo=1, routed)           0.530     1.507    u_clk_gen/clk_out20_unbuf
    BUFGCTRL_X0Y16       BUFG (Prop_bufg_I_O)         0.029     1.536 r  u_clk_gen/u_bufg/O
                         net (fo=13848, routed)       0.822     2.358    u_iface1/u_matmul/grp_matmul_4x4x4_Pipeline_time_loop_fu_778/clk_out20
    SLICE_X35Y85         FDRE                                         r  u_iface1/u_matmul/grp_matmul_4x4x4_Pipeline_time_loop_fu_778/a_in_6_fu_392_reg[19]/C
                         clock pessimism             -0.283     2.075    <hidden>
    SLICE_X35Y85         FDRE (Hold_fdre_C_D)         0.075     2.150    u_iface1/u_matmul/grp_matmul_4x4x4_Pipeline_time_loop_fu_778/a_in_6_fu_392_reg[19]
  -------------------------------------------------------------------
                         required time                         -2.150    <hidden>
                         arrival time                           2.193    <hidden>
  -------------------------------------------------------------------
                         slack                                  0.042    <hidden>





Pulse Width Checks
--------------------------------------------------------------------------------------
Clock Name:         clk_out20_unbuf
Waveform(ns):       { 0.000 25.000 }
Period(ns):         50.000
Sources:            { u_clk_gen/u_mmcm/CLKOUT0 }

Check Type        Corner  Lib Pin             Reference Pin  Required(ns)  Actual(ns)  Slack(ns)  Location         Pin
Min Period        n/a     BUFG/I              n/a            2.155         50.000      47.845     BUFGCTRL_X0Y16   u_clk_gen/u_bufg/I
Min Period        n/a     DSP48E1/CLK         n/a            2.154         50.000      47.846     DSP48_X1Y8       u_iface0/u_matmul/grp_matmul_4x4x4_Pipeline_time_loop_fu_778/mul_21s_21s_42_1_1_U124/tmp_product/CLK
Min Period        n/a     DSP48E1/CLK         n/a            2.154         50.000      47.846     DSP48_X1Y15      u_iface0/u_matmul/grp_matmul_4x4x4_Pipeline_time_loop_fu_778/mul_21s_21s_42_1_1_U125/tmp_product/CLK
Min Period        n/a     DSP48E1/CLK         n/a            2.154         50.000      47.846     DSP48_X1Y14      u_iface0/u_matmul/grp_matmul_4x4x4_Pipeline_time_loop_fu_778/mul_21s_21s_42_1_1_U126/tmp_product/CLK
Min Period        n/a     DSP48E1/CLK         n/a            2.154         50.000      47.846     DSP48_X1Y9       u_iface0/u_matmul/grp_matmul_4x4x4_Pipeline_time_loop_fu_778/mul_21s_21s_42_1_1_U127/tmp_product/CLK
Min Period        n/a     DSP48E1/CLK         n/a            2.154         50.000      47.846     DSP48_X1Y18      u_iface0/u_matmul/grp_matmul_4x4x4_Pipeline_time_loop_fu_778/mul_21s_21s_42_1_1_U128/tmp_product/CLK
Min Period        n/a     DSP48E1/CLK         n/a            2.154         50.000      47.846     DSP48_X1Y16      u_iface0/u_matmul/grp_matmul_4x4x4_Pipeline_time_loop_fu_778/mul_21s_21s_42_1_1_U129/tmp_product/CLK
Min Period        n/a     DSP48E1/CLK         n/a            2.154         50.000      47.846     DSP48_X1Y6       u_iface0/u_matmul/grp_matmul_4x4x4_Pipeline_time_loop_fu_778/mul_21s_21s_42_1_1_U130/tmp_product/CLK
Min Period        n/a     DSP48E1/CLK         n/a            2.154         50.000      47.846     DSP48_X1Y17      u_iface0/u_matmul/grp_matmul_4x4x4_Pipeline_time_loop_fu_778/mul_21s_21s_42_1_1_U131/tmp_product/CLK
Min Period        n/a     DSP48E1/CLK         n/a            2.154         50.000      47.846     DSP48_X1Y10      u_iface0/u_matmul/grp_matmul_4x4x4_Pipeline_time_loop_fu_778/mul_21s_21s_42_1_1_U133/tmp_product/CLK
Max Period        n/a     MMCME2_ADV/CLKOUT0  n/a            213.360       50.000      163.360    MMCME2_ADV_X1Y1  u_clk_gen/u_mmcm/CLKOUT0
Low Pulse Width   Slow    SRL16E/CLK          n/a            0.980         25.000      24.020     SLICE_X56Y93     u_iface0/u_matmul/grp_matmul_4x4x4_Pipeline_drain_i_drain_j_fu_846/trunc_ln114_reg_932_pp0_iter1_reg_reg[0]_srl2/CLK
Low Pulse Width   Fast    SRL16E/CLK          n/a            0.980         25.000      24.020     SLICE_X56Y93     u_iface0/u_matmul/grp_matmul_4x4x4_Pipeline_drain_i_drain_j_fu_846/trunc_ln114_reg_932_pp0_iter1_reg_reg[0]_srl2/CLK
Low Pulse Width   Slow    SRL16E/CLK          n/a            0.980         25.000      24.020     SLICE_X56Y93     u_iface0/u_matmul/grp_matmul_4x4x4_Pipeline_drain_i_drain_j_fu_846/trunc_ln114_reg_932_pp0_iter1_reg_reg[1]_srl2/CLK
Low Pulse Width   Fast    SRL16E/CLK          n/a            0.980         25.000      24.020     SLICE_X56Y93     u_iface0/u_matmul/grp_matmul_4x4x4_Pipeline_drain_i_drain_j_fu_846/trunc_ln114_reg_932_pp0_iter1_reg_reg[1]_srl2/CLK
Low Pulse Width   Slow    SRL16E/CLK          n/a            0.980         25.000      24.020     SLICE_X56Y93     u_iface0/u_matmul/grp_matmul_4x4x4_Pipeline_drain_i_drain_j_fu_846/trunc_ln116_reg_936_pp0_iter1_reg_reg[0]_srl2/CLK
Low Pulse Width   Fast    SRL16E/CLK          n/a            0.980         25.000      24.020     SLICE_X56Y93     u_iface0/u_matmul/grp_matmul_4x4x4_Pipeline_drain_i_drain_j_fu_846/trunc_ln116_reg_936_pp0_iter1_reg_reg[0]_srl2/CLK
Low Pulse Width   Slow    SRL16E/CLK          n/a            0.980         25.000      24.020     SLICE_X56Y93     u_iface0/u_matmul/grp_matmul_4x4x4_Pipeline_drain_i_drain_j_fu_846/trunc_ln116_reg_936_pp0_iter1_reg_reg[1]_srl2/CLK
Low Pulse Width   Fast    SRL16E/CLK          n/a            0.980         25.000      24.020     SLICE_X56Y93     u_iface0/u_matmul/grp_matmul_4x4x4_Pipeline_drain_i_drain_j_fu_846/trunc_ln116_reg_936_pp0_iter1_reg_reg[1]_srl2/CLK
Low Pulse Width   Slow    SRL16E/CLK          n/a            0.980         25.000      24.020     SLICE_X34Y125    u_iface0/u_matmul/grp_matmul_4x4x4_Pipeline_init_conv_a_i_init_conv_a_k_fu_706/ap_loop_exit_ready_pp0_iter3_reg_reg_srl3/CLK
Low Pulse Width   Fast    SRL16E/CLK          n/a            0.980         25.000      24.020     SLICE_X34Y125    u_iface0/u_matmul/grp_matmul_4x4x4_Pipeline_init_conv_a_i_init_conv_a_k_fu_706/ap_loop_exit_ready_pp0_iter3_reg_reg_srl3/CLK
High Pulse Width  Slow    SRL16E/CLK          n/a            0.980         25.000      24.020     SLICE_X56Y93     u_iface0/u_matmul/grp_matmul_4x4x4_Pipeline_drain_i_drain_j_fu_846/trunc_ln114_reg_932_pp0_iter1_reg_reg[0]_srl2/CLK
High Pulse Width  Fast    SRL16E/CLK          n/a            0.980         25.000      24.020     SLICE_X56Y93     u_iface0/u_matmul/grp_matmul_4x4x4_Pipeline_drain_i_drain_j_fu_846/trunc_ln114_reg_932_pp0_iter1_reg_reg[0]_srl2/CLK
High Pulse Width  Slow    SRL16E/CLK          n/a            0.980         25.000      24.020     SLICE_X56Y93     u_iface0/u_matmul/grp_matmul_4x4x4_Pipeline_drain_i_drain_j_fu_846/trunc_ln114_reg_932_pp0_iter1_reg_reg[1]_srl2/CLK
High Pulse Width  Fast    SRL16E/CLK          n/a            0.980         25.000      24.020     SLICE_X56Y93     u_iface0/u_matmul/grp_matmul_4x4x4_Pipeline_drain_i_drain_j_fu_846/trunc_ln114_reg_932_pp0_iter1_reg_reg[1]_srl2/CLK
High Pulse Width  Slow    SRL16E/CLK          n/a            0.980         25.000      24.020     SLICE_X56Y93     u_iface0/u_matmul/grp_matmul_4x4x4_Pipeline_drain_i_drain_j_fu_846/trunc_ln116_reg_936_pp0_iter1_reg_reg[0]_srl2/CLK
High Pulse Width  Fast    SRL16E/CLK          n/a            0.980         25.000      24.020     SLICE_X56Y93     u_iface0/u_matmul/grp_matmul_4x4x4_Pipeline_drain_i_drain_j_fu_846/trunc_ln116_reg_936_pp0_iter1_reg_reg[0]_srl2/CLK
High Pulse Width  Slow    SRL16E/CLK          n/a            0.980         25.000      24.020     SLICE_X56Y93     u_iface0/u_matmul/grp_matmul_4x4x4_Pipeline_drain_i_drain_j_fu_846/trunc_ln116_reg_936_pp0_iter1_reg_reg[1]_srl2/CLK
High Pulse Width  Fast    SRL16E/CLK          n/a            0.980         25.000      24.020     SLICE_X56Y93     u_iface0/u_matmul/grp_matmul_4x4x4_Pipeline_drain_i_drain_j_fu_846/trunc_ln116_reg_936_pp0_iter1_reg_reg[1]_srl2/CLK
High Pulse Width  Slow    SRL16E/CLK          n/a            0.980         25.000      24.020     SLICE_X34Y125    u_iface0/u_matmul/grp_matmul_4x4x4_Pipeline_init_conv_a_i_init_conv_a_k_fu_706/ap_loop_exit_ready_pp0_iter3_reg_reg_srl3/CLK
High Pulse Width  Fast    SRL16E/CLK          n/a            0.980         25.000      24.020     SLICE_X34Y125    u_iface0/u_matmul/grp_matmul_4x4x4_Pipeline_init_conv_a_i_init_conv_a_k_fu_706/ap_loop_exit_ready_pp0_iter3_reg_reg_srl3/CLK



---------------------------------------------------------------------------------------------------
From Clock:  clkfb
  To Clock:  clkfb

Setup :           NA  Failing Endpoints,  Worst Slack           NA  ,  Total Violation           NA
Hold  :           NA  Failing Endpoints,  Worst Slack           NA  ,  Total Violation           NA
PW    :            0  Failing Endpoints,  Worst Slack        8.751ns,  Total Violation        0.000ns
---------------------------------------------------------------------------------------------------


Pulse Width Checks
--------------------------------------------------------------------------------------
Clock Name:         clkfb
Waveform(ns):       { 0.000 5.000 }
Period(ns):         10.000
Sources:            { u_clk_gen/u_mmcm/CLKFBOUT }

Check Type  Corner  Lib Pin              Reference Pin  Required(ns)  Actual(ns)  Slack(ns)  Location         Pin
Min Period  n/a     MMCME2_ADV/CLKFBOUT  n/a            1.249         10.000      8.751      MMCME2_ADV_X1Y1  u_clk_gen/u_mmcm/CLKFBOUT
Min Period  n/a     MMCME2_ADV/CLKFBIN   n/a            1.249         10.000      8.751      MMCME2_ADV_X1Y1  u_clk_gen/u_mmcm/CLKFBIN
Max Period  n/a     MMCME2_ADV/CLKFBIN   n/a            100.000       10.000      90.000     MMCME2_ADV_X1Y1  u_clk_gen/u_mmcm/CLKFBIN
Max Period  n/a     MMCME2_ADV/CLKFBOUT  n/a            213.360       10.000      203.360    MMCME2_ADV_X1Y1  u_clk_gen/u_mmcm/CLKFBOUT



--------------------------------------------------------------------------------------
Path Group:  (none)
From Clock:  clk_out20_unbuf
  To Clock:  

Max Delay             2 Endpoints
Min Delay             2 Endpoints
--------------------------------------------------------------------------------------


Max Delay Paths
--------------------------------------------------------------------------------------
Slack:                    inf
  Source:                 done_led_reg/C
                            (rising edge-triggered cell FDRE clocked by clk_out20_unbuf  {rise@0.000ns fall@25.000ns period=50.000ns})
  Destination:            led_done
                            (output port)
  Path Group:             (none)
  Path Type:              Max at Slow Process Corner
  Data Path Delay:        8.781ns  (logic 3.981ns (45.341%)  route 4.800ns (54.659%))
  Logic Levels:           1  (OBUF=1)
  Clock Uncertainty:      0.190ns  ((TSJ^2 + DJ^2)^1/2) / 2 + PE
    Total System Jitter     (TSJ):    0.050ns
    Discrete Jitter          (DJ):    0.175ns
    Phase Error              (PE):    0.099ns

    Location             Delay type                Incr(ns)  Path(ns)    Netlist Resource(s)
  -------------------------------------------------------------------    -------------------
                         (clock clk_out20_unbuf rise edge)
                                                      0.000     0.000 r  <hidden>
    E3                                                0.000     0.000 r  clk_pin100
                         net (fo=0)                   0.000     0.000    clk_pin100
    E3                   IBUF (Prop_ibuf_I_O)         1.489     1.489 r  clk_pin100_IBUF_inst/O
                         net (fo=1, routed)           1.233     2.722    u_clk_gen/clk_in100
    MMCME2_ADV_X1Y1      MMCME2_ADV (Prop_mmcme2_adv_CLKIN1_CLKOUT0)
                                                      0.088     2.810 r  u_clk_gen/u_mmcm/CLKOUT0
                         net (fo=1, routed)           1.661     4.471    u_clk_gen/clk_out20_unbuf
    BUFGCTRL_X0Y16       BUFG (Prop_bufg_I_O)         0.096     4.567 r  u_clk_gen/u_bufg/O
                         net (fo=13848, routed)       1.732     6.300    clk
    SLICE_X27Y112        FDRE                                         r  done_led_reg/C
  -------------------------------------------------------------------    -------------------
    SLICE_X27Y112        FDRE (Prop_fdre_C_Q)         0.456     6.756 r  done_led_reg/Q
                         net (fo=1, routed)           4.800    11.555    led_done_OBUF
    H5                   OBUF (Prop_obuf_I_O)         3.525    15.081 r  led_done_OBUF_inst/O
                         net (fo=0)                   0.000    15.081    led_done
    H5                                                                r  led_done
  -------------------------------------------------------------------    -------------------

Slack:                    inf
  Source:                 u_tx/tx_reg/C
                            (rising edge-triggered cell FDSE clocked by clk_out20_unbuf  {rise@0.000ns fall@25.000ns period=50.000ns})
  Destination:            uart_tx_pin
                            (output port)
  Path Group:             (none)
  Path Type:              Max at Slow Process Corner
  Data Path Delay:        6.602ns  (logic 3.977ns (60.242%)  route 2.625ns (39.758%))
  Logic Levels:           1  (OBUF=1)
  Clock Uncertainty:      0.190ns  ((TSJ^2 + DJ^2)^1/2) / 2 + PE
    Total System Jitter     (TSJ):    0.050ns
    Discrete Jitter          (DJ):    0.175ns
    Phase Error              (PE):    0.099ns

    Location             Delay type                Incr(ns)  Path(ns)    Netlist Resource(s)
  -------------------------------------------------------------------    -------------------
                         (clock clk_out20_unbuf rise edge)
                                                      0.000     0.000 r  <hidden>
    E3                                                0.000     0.000 r  clk_pin100
                         net (fo=0)                   0.000     0.000    clk_pin100
    E3                   IBUF (Prop_ibuf_I_O)         1.489     1.489 r  clk_pin100_IBUF_inst/O
                         net (fo=1, routed)           1.233     2.722    u_clk_gen/clk_in100
    MMCME2_ADV_X1Y1      MMCME2_ADV (Prop_mmcme2_adv_CLKIN1_CLKOUT0)
                                                      0.088     2.810 r  u_clk_gen/u_mmcm/CLKOUT0
                         net (fo=1, routed)           1.661     4.471    u_clk_gen/clk_out20_unbuf
    BUFGCTRL_X0Y16       BUFG (Prop_bufg_I_O)         0.096     4.567 r  u_clk_gen/u_bufg/O
                         net (fo=13848, routed)       1.737     6.305    u_tx/clk_out20
    SLICE_X23Y105        FDSE                                         r  u_tx/tx_reg/C
  -------------------------------------------------------------------    -------------------
    SLICE_X23Y105        FDSE (Prop_fdse_C_Q)         0.456     6.761 r  u_tx/tx_reg/Q
                         net (fo=1, routed)           2.625     9.386    uart_tx_pin_OBUF
    D10                  OBUF (Prop_obuf_I_O)         3.521    12.907 r  uart_tx_pin_OBUF_inst/O
                         net (fo=0)                   0.000    12.907    uart_tx_pin
    D10                                                               r  uart_tx_pin
  -------------------------------------------------------------------    -------------------





Min Delay Paths
--------------------------------------------------------------------------------------
Slack:                    inf
  Source:                 u_tx/tx_reg/C
                            (rising edge-triggered cell FDSE clocked by clk_out20_unbuf  {rise@0.000ns fall@25.000ns period=50.000ns})
  Destination:            uart_tx_pin
                            (output port)
  Path Group:             (none)
  Path Type:              Min at Fast Process Corner
  Data Path Delay:        2.123ns  (logic 1.363ns (64.210%)  route 0.760ns (35.790%))
  Logic Levels:           1  (OBUF=1)
  Clock Uncertainty:      0.190ns  ((TSJ^2 + DJ^2)^1/2) / 2 + PE
    Total System Jitter     (TSJ):    0.050ns
    Discrete Jitter          (DJ):    0.175ns
    Phase Error              (PE):    0.099ns

    Location             Delay type                Incr(ns)  Path(ns)    Netlist Resource(s)
  -------------------------------------------------------------------    -------------------
                         (clock clk_out20_unbuf rise edge)
                                                      0.000     0.000 r  <hidden>
    E3                                                0.000     0.000 r  clk_pin100
                         net (fo=0)                   0.000     0.000    clk_pin100
    E3                   IBUF (Prop_ibuf_I_O)         0.257     0.257 r  clk_pin100_IBUF_inst/O
                         net (fo=1, routed)           0.440     0.697    u_clk_gen/clk_in100
    MMCME2_ADV_X1Y1      MMCME2_ADV (Prop_mmcme2_adv_CLKIN1_CLKOUT0)
                                                      0.050     0.747 r  u_clk_gen/u_mmcm/CLKOUT0
                         net (fo=1, routed)           0.486     1.233    u_clk_gen/clk_out20_unbuf
    BUFGCTRL_X0Y16       BUFG (Prop_bufg_I_O)         0.026     1.259 r  u_clk_gen/u_bufg/O
                         net (fo=13848, routed)       0.643     1.902    u_tx/clk_out20
    SLICE_X23Y105        FDSE                                         r  u_tx/tx_reg/C
  -------------------------------------------------------------------    -------------------
    SLICE_X23Y105        FDSE (Prop_fdse_C_Q)         0.141     2.043 r  u_tx/tx_reg/Q
                         net (fo=1, routed)           0.760     2.803    uart_tx_pin_OBUF
    D10                  OBUF (Prop_obuf_I_O)         1.222     4.025 r  uart_tx_pin_OBUF_inst/O
                         net (fo=0)                   0.000     4.025    uart_tx_pin
    D10                                                               r  uart_tx_pin
  -------------------------------------------------------------------    -------------------

Slack:                    inf
  Source:                 done_led_reg/C
                            (rising edge-triggered cell FDRE clocked by clk_out20_unbuf  {rise@0.000ns fall@25.000ns period=50.000ns})
  Destination:            led_done
                            (output port)
  Path Group:             (none)
  Path Type:              Min at Fast Process Corner
  Data Path Delay:        3.141ns  (logic 1.367ns (43.533%)  route 1.774ns (56.467%))
  Logic Levels:           1  (OBUF=1)
  Clock Uncertainty:      0.190ns  ((TSJ^2 + DJ^2)^1/2) / 2 + PE
    Total System Jitter     (TSJ):    0.050ns
    Discrete Jitter          (DJ):    0.175ns
    Phase Error              (PE):    0.099ns

    Location             Delay type                Incr(ns)  Path(ns)    Netlist Resource(s)
  -------------------------------------------------------------------    -------------------
                         (clock clk_out20_unbuf rise edge)
                                                      0.000     0.000 r  <hidden>
    E3                                                0.000     0.000 r  clk_pin100
                         net (fo=0)                   0.000     0.000    clk_pin100
    E3                   IBUF (Prop_ibuf_I_O)         0.257     0.257 r  clk_pin100_IBUF_inst/O
                         net (fo=1, routed)           0.440     0.697    u_clk_gen/clk_in100
    MMCME2_ADV_X1Y1      MMCME2_ADV (Prop_mmcme2_adv_CLKIN1_CLKOUT0)
                                                      0.050     0.747 r  u_clk_gen/u_mmcm/CLKOUT0
                         net (fo=1, routed)           0.486     1.233    u_clk_gen/clk_out20_unbuf
    BUFGCTRL_X0Y16       BUFG (Prop_bufg_I_O)         0.026     1.259 r  u_clk_gen/u_bufg/O
                         net (fo=13848, routed)       0.639     1.898    clk
    SLICE_X27Y112        FDRE                                         r  done_led_reg/C
  -------------------------------------------------------------------    -------------------
    SLICE_X27Y112        FDRE (Prop_fdre_C_Q)         0.141     2.039 r  done_led_reg/Q
                         net (fo=1, routed)           1.774     3.812    led_done_OBUF
    H5                   OBUF (Prop_obuf_I_O)         1.226     5.039 r  led_done_OBUF_inst/O
                         net (fo=0)                   0.000     5.039    led_done
    H5                                                                r  led_done
  -------------------------------------------------------------------    -------------------





--------------------------------------------------------------------------------------
Path Group:  (none)
From Clock:  
  To Clock:  clk_out20_unbuf

Max Delay          3329 Endpoints
Min Delay          3329 Endpoints
--------------------------------------------------------------------------------------


Max Delay Paths
--------------------------------------------------------------------------------------
Slack:                    inf
  Source:                 btn_rst
                            (input port)
  Destination:            arg0_flat_reg[497]/CE
                            (rising edge-triggered cell FDRE clocked by clk_out20_unbuf  {rise@0.000ns fall@25.000ns period=50.000ns})
  Path Group:             (none)
  Path Type:              Setup (Max at Slow Process Corner)
  Data Path Delay:        18.708ns  (logic 2.186ns (11.684%)  route 16.522ns (88.316%))
  Logic Levels:           5  (IBUF=1 LUT2=1 LUT4=1 LUT5=1 LUT6=1)
  Clock Path Skew:        5.938ns (DCD - SCD + CPR)
    Destination Clock Delay (DCD):    5.938ns
    Source Clock Delay      (SCD):    0.000ns
    Clock Pessimism Removal (CPR):    0.000ns
  Clock Uncertainty:      0.190ns  ((TSJ^2 + DJ^2)^1/2) / 2 + PE
    Total System Jitter     (TSJ):    0.050ns
    Discrete Jitter          (DJ):    0.175ns
    Phase Error              (PE):    0.099ns

    Location             Delay type                Incr(ns)  Path(ns)    Netlist Resource(s)
  -------------------------------------------------------------------    -------------------
    D9                                                0.000     0.000 f  btn_rst
                         net (fo=0)                   0.000     0.000    btn_rst
    D9                   IBUF (Prop_ibuf_I_O)         1.467     1.467 f  btn_rst_IBUF_inst/O
                         net (fo=5, routed)           5.347     6.814    u_clk_gen/btn_rst_IBUF
    SLICE_X52Y67         LUT2 (Prop_lut2_I0_O)        0.124     6.938 f  u_clk_gen/ap_enable_reg_pp0_iter2_i_1/O
                         net (fo=171, routed)         5.214    12.153    u_rx/rst
    SLICE_X28Y123        LUT6 (Prop_lut6_I3_O)        0.124    12.277 r  u_rx/arg0_flat[511]_i_6/O
                         net (fo=12, routed)          1.011    13.288    u_rx/arg0_flat[511]_i_6_n_0
    SLICE_X28Y126        LUT5 (Prop_lut5_I1_O)        0.152    13.440 r  u_rx/arg0_flat[511]_i_5/O
                         net (fo=8, routed)           0.454    13.894    u_rx/arg0_flat[511]_i_5_n_0
    SLICE_X27Y126        LUT4 (Prop_lut4_I0_O)        0.319    14.213 r  u_rx/arg0_flat[511]_i_2/O
                         net (fo=32, routed)          4.495    18.708    u_rx_n_89
    SLICE_X54Y133        FDRE                                         r  arg0_flat_reg[497]/CE
  -------------------------------------------------------------------    -------------------

                         (clock clk_out20_unbuf rise edge)
                                                      0.000     0.000 r  <hidden>
    E3                                                0.000     0.000 r  clk_pin100
                         net (fo=0)                   0.000     0.000    clk_pin100
    E3                   IBUF (Prop_ibuf_I_O)         1.418     1.418 r  clk_pin100_IBUF_inst/O
                         net (fo=1, routed)           1.162     2.580    u_clk_gen/clk_in100
    MMCME2_ADV_X1Y1      MMCME2_ADV (Prop_mmcme2_adv_CLKIN1_CLKOUT0)
                                                      0.083     2.663 r  u_clk_gen/u_mmcm/CLKOUT0
                         net (fo=1, routed)           1.581     4.244    u_clk_gen/clk_out20_unbuf
    BUFGCTRL_X0Y16       BUFG (Prop_bufg_I_O)         0.091     4.335 r  u_clk_gen/u_bufg/O
                         net (fo=13848, routed)       1.603     5.938    clk
    SLICE_X54Y133        FDRE                                         r  arg0_flat_reg[497]/C

Slack:                    inf
  Source:                 btn_rst
                            (input port)
  Destination:            arg0_flat_reg[498]/CE
                            (rising edge-triggered cell FDRE clocked by clk_out20_unbuf  {rise@0.000ns fall@25.000ns period=50.000ns})
  Path Group:             (none)
  Path Type:              Setup (Max at Slow Process Corner)
  Data Path Delay:        18.708ns  (logic 2.186ns (11.684%)  route 16.522ns (88.316%))
  Logic Levels:           5  (IBUF=1 LUT2=1 LUT4=1 LUT5=1 LUT6=1)
  Clock Path Skew:        5.938ns (DCD - SCD + CPR)
    Destination Clock Delay (DCD):    5.938ns
    Source Clock Delay      (SCD):    0.000ns
    Clock Pessimism Removal (CPR):    0.000ns
  Clock Uncertainty:      0.190ns  ((TSJ^2 + DJ^2)^1/2) / 2 + PE
    Total System Jitter     (TSJ):    0.050ns
    Discrete Jitter          (DJ):    0.175ns
    Phase Error              (PE):    0.099ns

    Location             Delay type                Incr(ns)  Path(ns)    Netlist Resource(s)
  -------------------------------------------------------------------    -------------------
    D9                                                0.000     0.000 f  btn_rst
                         net (fo=0)                   0.000     0.000    btn_rst
    D9                   IBUF (Prop_ibuf_I_O)         1.467     1.467 f  btn_rst_IBUF_inst/O
                         net (fo=5, routed)           5.347     6.814    u_clk_gen/btn_rst_IBUF
    SLICE_X52Y67         LUT2 (Prop_lut2_I0_O)        0.124     6.938 f  u_clk_gen/ap_enable_reg_pp0_iter2_i_1/O
                         net (fo=171, routed)         5.214    12.153    u_rx/rst
    SLICE_X28Y123        LUT6 (Prop_lut6_I3_O)        0.124    12.277 r  u_rx/arg0_flat[511]_i_6/O
                         net (fo=12, routed)          1.011    13.288    u_rx/arg0_flat[511]_i_6_n_0
    SLICE_X28Y126        LUT5 (Prop_lut5_I1_O)        0.152    13.440 r  u_rx/arg0_flat[511]_i_5/O
                         net (fo=8, routed)           0.454    13.894    u_rx/arg0_flat[511]_i_5_n_0
    SLICE_X27Y126        LUT4 (Prop_lut4_I0_O)        0.319    14.213 r  u_rx/arg0_flat[511]_i_2/O
                         net (fo=32, routed)          4.495    18.708    u_rx_n_89
    SLICE_X54Y133        FDRE                                         r  arg0_flat_reg[498]/CE
  -------------------------------------------------------------------    -------------------

                         (clock clk_out20_unbuf rise edge)
                                                      0.000     0.000 r  <hidden>
    E3                                                0.000     0.000 r  clk_pin100
                         net (fo=0)                   0.000     0.000    clk_pin100
    E3                   IBUF (Prop_ibuf_I_O)         1.418     1.418 r  clk_pin100_IBUF_inst/O
                         net (fo=1, routed)           1.162     2.580    u_clk_gen/clk_in100
    MMCME2_ADV_X1Y1      MMCME2_ADV (Prop_mmcme2_adv_CLKIN1_CLKOUT0)
                                                      0.083     2.663 r  u_clk_gen/u_mmcm/CLKOUT0
                         net (fo=1, routed)           1.581     4.244    u_clk_gen/clk_out20_unbuf
    BUFGCTRL_X0Y16       BUFG (Prop_bufg_I_O)         0.091     4.335 r  u_clk_gen/u_bufg/O
                         net (fo=13848, routed)       1.603     5.938    clk
    SLICE_X54Y133        FDRE                                         r  arg0_flat_reg[498]/C

Slack:                    inf
  Source:                 btn_rst
                            (input port)
  Destination:            arg0_flat_reg[502]/CE
                            (rising edge-triggered cell FDRE clocked by clk_out20_unbuf  {rise@0.000ns fall@25.000ns period=50.000ns})
  Path Group:             (none)
  Path Type:              Setup (Max at Slow Process Corner)
  Data Path Delay:        18.708ns  (logic 2.186ns (11.684%)  route 16.522ns (88.316%))
  Logic Levels:           5  (IBUF=1 LUT2=1 LUT4=1 LUT5=1 LUT6=1)
  Clock Path Skew:        5.938ns (DCD - SCD + CPR)
    Destination Clock Delay (DCD):    5.938ns
    Source Clock Delay      (SCD):    0.000ns
    Clock Pessimism Removal (CPR):    0.000ns
  Clock Uncertainty:      0.190ns  ((TSJ^2 + DJ^2)^1/2) / 2 + PE
    Total System Jitter     (TSJ):    0.050ns
    Discrete Jitter          (DJ):    0.175ns
    Phase Error              (PE):    0.099ns

    Location             Delay type                Incr(ns)  Path(ns)    Netlist Resource(s)
  -------------------------------------------------------------------    -------------------
    D9                                                0.000     0.000 f  btn_rst
                         net (fo=0)                   0.000     0.000    btn_rst
    D9                   IBUF (Prop_ibuf_I_O)         1.467     1.467 f  btn_rst_IBUF_inst/O
                         net (fo=5, routed)           5.347     6.814    u_clk_gen/btn_rst_IBUF
    SLICE_X52Y67         LUT2 (Prop_lut2_I0_O)        0.124     6.938 f  u_clk_gen/ap_enable_reg_pp0_iter2_i_1/O
                         net (fo=171, routed)         5.214    12.153    u_rx/rst
    SLICE_X28Y123        LUT6 (Prop_lut6_I3_O)        0.124    12.277 r  u_rx/arg0_flat[511]_i_6/O
                         net (fo=12, routed)          1.011    13.288    u_rx/arg0_flat[511]_i_6_n_0
    SLICE_X28Y126        LUT5 (Prop_lut5_I1_O)        0.152    13.440 r  u_rx/arg0_flat[511]_i_5/O
                         net (fo=8, routed)           0.454    13.894    u_rx/arg0_flat[511]_i_5_n_0
    SLICE_X27Y126        LUT4 (Prop_lut4_I0_O)        0.319    14.213 r  u_rx/arg0_flat[511]_i_2/O
                         net (fo=32, routed)          4.495    18.708    u_rx_n_89
    SLICE_X54Y133        FDRE                                         r  arg0_flat_reg[502]/CE
  -------------------------------------------------------------------    -------------------

                         (clock clk_out20_unbuf rise edge)
                                                      0.000     0.000 r  <hidden>
    E3                                                0.000     0.000 r  clk_pin100
                         net (fo=0)                   0.000     0.000    clk_pin100
    E3                   IBUF (Prop_ibuf_I_O)         1.418     1.418 r  clk_pin100_IBUF_inst/O
                         net (fo=1, routed)           1.162     2.580    u_clk_gen/clk_in100
    MMCME2_ADV_X1Y1      MMCME2_ADV (Prop_mmcme2_adv_CLKIN1_CLKOUT0)
                                                      0.083     2.663 r  u_clk_gen/u_mmcm/CLKOUT0
                         net (fo=1, routed)           1.581     4.244    u_clk_gen/clk_out20_unbuf
    BUFGCTRL_X0Y16       BUFG (Prop_bufg_I_O)         0.091     4.335 r  u_clk_gen/u_bufg/O
                         net (fo=13848, routed)       1.603     5.938    clk
    SLICE_X54Y133        FDRE                                         r  arg0_flat_reg[502]/C

Slack:                    inf
  Source:                 btn_rst
                            (input port)
  Destination:            arg2_in_flat_reg[418]/CE
                            (rising edge-triggered cell FDRE clocked by clk_out20_unbuf  {rise@0.000ns fall@25.000ns period=50.000ns})
  Path Group:             (none)
  Path Type:              Setup (Max at Slow Process Corner)
  Data Path Delay:        18.486ns  (logic 2.193ns (11.862%)  route 16.293ns (88.138%))
  Logic Levels:           5  (IBUF=1 LUT2=1 LUT4=1 LUT6=2)
  Clock Path Skew:        6.012ns (DCD - SCD + CPR)
    Destination Clock Delay (DCD):    6.012ns
    Source Clock Delay      (SCD):    0.000ns
    Clock Pessimism Removal (CPR):    0.000ns
  Clock Uncertainty:      0.190ns  ((TSJ^2 + DJ^2)^1/2) / 2 + PE
    Total System Jitter     (TSJ):    0.050ns
    Discrete Jitter          (DJ):    0.175ns
    Phase Error              (PE):    0.099ns

    Location             Delay type                Incr(ns)  Path(ns)    Netlist Resource(s)
  -------------------------------------------------------------------    -------------------
    D9                                                0.000     0.000 f  btn_rst
                         net (fo=0)                   0.000     0.000    btn_rst
    D9                   IBUF (Prop_ibuf_I_O)         1.467     1.467 f  btn_rst_IBUF_inst/O
                         net (fo=5, routed)           5.347     6.814    u_clk_gen/btn_rst_IBUF
    SLICE_X52Y67         LUT2 (Prop_lut2_I0_O)        0.124     6.938 f  u_clk_gen/ap_enable_reg_pp0_iter2_i_1/O
                         net (fo=171, routed)         5.214    12.153    u_rx/rst
    SLICE_X28Y123        LUT6 (Prop_lut6_I3_O)        0.124    12.277 r  u_rx/arg0_flat[511]_i_6/O
                         net (fo=12, routed)          1.422    13.698    u_rx/arg0_flat[511]_i_6_n_0
    SLICE_X27Y136        LUT4 (Prop_lut4_I1_O)        0.152    13.850 r  u_rx/arg2_in_flat[511]_i_6/O
                         net (fo=8, routed)           0.921    14.771    u_rx/arg2_in_flat[511]_i_6_n_0
    SLICE_X25Y137        LUT6 (Prop_lut6_I0_O)        0.326    15.097 r  u_rx/arg2_in_flat[447]_i_2/O
                         net (fo=32, routed)          3.389    18.486    u_rx_n_55
    SLICE_X5Y139         FDRE                                         r  arg2_in_flat_reg[418]/CE
  -------------------------------------------------------------------    -------------------

                         (clock clk_out20_unbuf rise edge)
                                                      0.000     0.000 r  <hidden>
    E3                                                0.000     0.000 r  clk_pin100
                         net (fo=0)                   0.000     0.000    clk_pin100
    E3                   IBUF (Prop_ibuf_I_O)         1.418     1.418 r  clk_pin100_IBUF_inst/O
                         net (fo=1, routed)           1.162     2.580    u_clk_gen/clk_in100
    MMCME2_ADV_X1Y1      MMCME2_ADV (Prop_mmcme2_adv_CLKIN1_CLKOUT0)
                                                      0.083     2.663 r  u_clk_gen/u_mmcm/CLKOUT0
                         net (fo=1, routed)           1.581     4.244    u_clk_gen/clk_out20_unbuf
    BUFGCTRL_X0Y16       BUFG (Prop_bufg_I_O)         0.091     4.335 r  u_clk_gen/u_bufg/O
                         net (fo=13848, routed)       1.677     6.012    clk
    SLICE_X5Y139         FDRE                                         r  arg2_in_flat_reg[418]/C

Slack:                    inf
  Source:                 btn_rst
                            (input port)
  Destination:            arg2_in_flat_reg[442]/CE
                            (rising edge-triggered cell FDRE clocked by clk_out20_unbuf  {rise@0.000ns fall@25.000ns period=50.000ns})
  Path Group:             (none)
  Path Type:              Setup (Max at Slow Process Corner)
  Data Path Delay:        18.486ns  (logic 2.193ns (11.862%)  route 16.293ns (88.138%))
  Logic Levels:           5  (IBUF=1 LUT2=1 LUT4=1 LUT6=2)
  Clock Path Skew:        6.012ns (DCD - SCD + CPR)
    Destination Clock Delay (DCD):    6.012ns
    Source Clock Delay      (SCD):    0.000ns
    Clock Pessimism Removal (CPR):    0.000ns
  Clock Uncertainty:      0.190ns  ((TSJ^2 + DJ^2)^1/2) / 2 + PE
    Total System Jitter     (TSJ):    0.050ns
    Discrete Jitter          (DJ):    0.175ns
    Phase Error              (PE):    0.099ns

    Location             Delay type                Incr(ns)  Path(ns)    Netlist Resource(s)
  -------------------------------------------------------------------    -------------------
    D9                                                0.000     0.000 f  btn_rst
                         net (fo=0)                   0.000     0.000    btn_rst
    D9                   IBUF (Prop_ibuf_I_O)         1.467     1.467 f  btn_rst_IBUF_inst/O
                         net (fo=5, routed)           5.347     6.814    u_clk_gen/btn_rst_IBUF
    SLICE_X52Y67         LUT2 (Prop_lut2_I0_O)        0.124     6.938 f  u_clk_gen/ap_enable_reg_pp0_iter2_i_1/O
                         net (fo=171, routed)         5.214    12.153    u_rx/rst
    SLICE_X28Y123        LUT6 (Prop_lut6_I3_O)        0.124    12.277 r  u_rx/arg0_flat[511]_i_6/O
                         net (fo=12, routed)          1.422    13.698    u_rx/arg0_flat[511]_i_6_n_0
    SLICE_X27Y136        LUT4 (Prop_lut4_I1_O)        0.152    13.850 r  u_rx/arg2_in_flat[511]_i_6/O
                         net (fo=8, routed)           0.921    14.771    u_rx/arg2_in_flat[511]_i_6_n_0
    SLICE_X25Y137        LUT6 (Prop_lut6_I0_O)        0.326    15.097 r  u_rx/arg2_in_flat[447]_i_2/O
                         net (fo=32, routed)          3.389    18.486    u_rx_n_55
    SLICE_X5Y139         FDRE                                         r  arg2_in_flat_reg[442]/CE
  -------------------------------------------------------------------    -------------------

                         (clock clk_out20_unbuf rise edge)
                                                      0.000     0.000 r  <hidden>
    E3                                                0.000     0.000 r  clk_pin100
                         net (fo=0)                   0.000     0.000    clk_pin100
    E3                   IBUF (Prop_ibuf_I_O)         1.418     1.418 r  clk_pin100_IBUF_inst/O
                         net (fo=1, routed)           1.162     2.580    u_clk_gen/clk_in100
    MMCME2_ADV_X1Y1      MMCME2_ADV (Prop_mmcme2_adv_CLKIN1_CLKOUT0)
                                                      0.083     2.663 r  u_clk_gen/u_mmcm/CLKOUT0
                         net (fo=1, routed)           1.581     4.244    u_clk_gen/clk_out20_unbuf
    BUFGCTRL_X0Y16       BUFG (Prop_bufg_I_O)         0.091     4.335 r  u_clk_gen/u_bufg/O
                         net (fo=13848, routed)       1.677     6.012    clk
    SLICE_X5Y139         FDRE                                         r  arg2_in_flat_reg[442]/C

Slack:                    inf
  Source:                 btn_rst
                            (input port)
  Destination:            arg2_in_flat_reg[443]/CE
                            (rising edge-triggered cell FDRE clocked by clk_out20_unbuf  {rise@0.000ns fall@25.000ns period=50.000ns})
  Path Group:             (none)
  Path Type:              Setup (Max at Slow Process Corner)
  Data Path Delay:        18.486ns  (logic 2.193ns (11.862%)  route 16.293ns (88.138%))
  Logic Levels:           5  (IBUF=1 LUT2=1 LUT4=1 LUT6=2)
  Clock Path Skew:        6.012ns (DCD - SCD + CPR)
    Destination Clock Delay (DCD):    6.012ns
    Source Clock Delay      (SCD):    0.000ns
    Clock Pessimism Removal (CPR):    0.000ns
  Clock Uncertainty:      0.190ns  ((TSJ^2 + DJ^2)^1/2) / 2 + PE
    Total System Jitter     (TSJ):    0.050ns
    Discrete Jitter          (DJ):    0.175ns
    Phase Error              (PE):    0.099ns

    Location             Delay type                Incr(ns)  Path(ns)    Netlist Resource(s)
  -------------------------------------------------------------------    -------------------
    D9                                                0.000     0.000 f  btn_rst
                         net (fo=0)                   0.000     0.000    btn_rst
    D9                   IBUF (Prop_ibuf_I_O)         1.467     1.467 f  btn_rst_IBUF_inst/O
                         net (fo=5, routed)           5.347     6.814    u_clk_gen/btn_rst_IBUF
    SLICE_X52Y67         LUT2 (Prop_lut2_I0_O)        0.124     6.938 f  u_clk_gen/ap_enable_reg_pp0_iter2_i_1/O
                         net (fo=171, routed)         5.214    12.153    u_rx/rst
    SLICE_X28Y123        LUT6 (Prop_lut6_I3_O)        0.124    12.277 r  u_rx/arg0_flat[511]_i_6/O
                         net (fo=12, routed)          1.422    13.698    u_rx/arg0_flat[511]_i_6_n_0
    SLICE_X27Y136        LUT4 (Prop_lut4_I1_O)        0.152    13.850 r  u_rx/arg2_in_flat[511]_i_6/O
                         net (fo=8, routed)           0.921    14.771    u_rx/arg2_in_flat[511]_i_6_n_0
    SLICE_X25Y137        LUT6 (Prop_lut6_I0_O)        0.326    15.097 r  u_rx/arg2_in_flat[447]_i_2/O
                         net (fo=32, routed)          3.389    18.486    u_rx_n_55
    SLICE_X5Y139         FDRE                                         r  arg2_in_flat_reg[443]/CE
  -------------------------------------------------------------------    -------------------

                         (clock clk_out20_unbuf rise edge)
                                                      0.000     0.000 r  <hidden>
    E3                                                0.000     0.000 r  clk_pin100
                         net (fo=0)                   0.000     0.000    clk_pin100
    E3                   IBUF (Prop_ibuf_I_O)         1.418     1.418 r  clk_pin100_IBUF_inst/O
                         net (fo=1, routed)           1.162     2.580    u_clk_gen/clk_in100
    MMCME2_ADV_X1Y1      MMCME2_ADV (Prop_mmcme2_adv_CLKIN1_CLKOUT0)
                                                      0.083     2.663 r  u_clk_gen/u_mmcm/CLKOUT0
                         net (fo=1, routed)           1.581     4.244    u_clk_gen/clk_out20_unbuf
    BUFGCTRL_X0Y16       BUFG (Prop_bufg_I_O)         0.091     4.335 r  u_clk_gen/u_bufg/O
                         net (fo=13848, routed)       1.677     6.012    clk
    SLICE_X5Y139         FDRE                                         r  arg2_in_flat_reg[443]/C

Slack:                    inf
  Source:                 btn_rst
                            (input port)
  Destination:            arg2_in_flat_reg[444]/CE
                            (rising edge-triggered cell FDRE clocked by clk_out20_unbuf  {rise@0.000ns fall@25.000ns period=50.000ns})
  Path Group:             (none)
  Path Type:              Setup (Max at Slow Process Corner)
  Data Path Delay:        18.486ns  (logic 2.193ns (11.862%)  route 16.293ns (88.138%))
  Logic Levels:           5  (IBUF=1 LUT2=1 LUT4=1 LUT6=2)
  Clock Path Skew:        6.012ns (DCD - SCD + CPR)
    Destination Clock Delay (DCD):    6.012ns
    Source Clock Delay      (SCD):    0.000ns
    Clock Pessimism Removal (CPR):    0.000ns
  Clock Uncertainty:      0.190ns  ((TSJ^2 + DJ^2)^1/2) / 2 + PE
    Total System Jitter     (TSJ):    0.050ns
    Discrete Jitter          (DJ):    0.175ns
    Phase Error              (PE):    0.099ns

    Location             Delay type                Incr(ns)  Path(ns)    Netlist Resource(s)
  -------------------------------------------------------------------    -------------------
    D9                                                0.000     0.000 f  btn_rst
                         net (fo=0)                   0.000     0.000    btn_rst
    D9                   IBUF (Prop_ibuf_I_O)         1.467     1.467 f  btn_rst_IBUF_inst/O
                         net (fo=5, routed)           5.347     6.814    u_clk_gen/btn_rst_IBUF
    SLICE_X52Y67         LUT2 (Prop_lut2_I0_O)        0.124     6.938 f  u_clk_gen/ap_enable_reg_pp0_iter2_i_1/O
                         net (fo=171, routed)         5.214    12.153    u_rx/rst
    SLICE_X28Y123        LUT6 (Prop_lut6_I3_O)        0.124    12.277 r  u_rx/arg0_flat[511]_i_6/O
                         net (fo=12, routed)          1.422    13.698    u_rx/arg0_flat[511]_i_6_n_0
    SLICE_X27Y136        LUT4 (Prop_lut4_I1_O)        0.152    13.850 r  u_rx/arg2_in_flat[511]_i_6/O
                         net (fo=8, routed)           0.921    14.771    u_rx/arg2_in_flat[511]_i_6_n_0
    SLICE_X25Y137        LUT6 (Prop_lut6_I0_O)        0.326    15.097 r  u_rx/arg2_in_flat[447]_i_2/O
                         net (fo=32, routed)          3.389    18.486    u_rx_n_55
    SLICE_X5Y139         FDRE                                         r  arg2_in_flat_reg[444]/CE
  -------------------------------------------------------------------    -------------------

                         (clock clk_out20_unbuf rise edge)
                                                      0.000     0.000 r  <hidden>
    E3                                                0.000     0.000 r  clk_pin100
                         net (fo=0)                   0.000     0.000    clk_pin100
    E3                   IBUF (Prop_ibuf_I_O)         1.418     1.418 r  clk_pin100_IBUF_inst/O
                         net (fo=1, routed)           1.162     2.580    u_clk_gen/clk_in100
    MMCME2_ADV_X1Y1      MMCME2_ADV (Prop_mmcme2_adv_CLKIN1_CLKOUT0)
                                                      0.083     2.663 r  u_clk_gen/u_mmcm/CLKOUT0
                         net (fo=1, routed)           1.581     4.244    u_clk_gen/clk_out20_unbuf
    BUFGCTRL_X0Y16       BUFG (Prop_bufg_I_O)         0.091     4.335 r  u_clk_gen/u_bufg/O
                         net (fo=13848, routed)       1.677     6.012    clk
    SLICE_X5Y139         FDRE                                         r  arg2_in_flat_reg[444]/C

Slack:                    inf
  Source:                 btn_rst
                            (input port)
  Destination:            arg1_flat_reg[391]/CE
                            (rising edge-triggered cell FDRE clocked by clk_out20_unbuf  {rise@0.000ns fall@25.000ns period=50.000ns})
  Path Group:             (none)
  Path Type:              Setup (Max at Slow Process Corner)
  Data Path Delay:        18.413ns  (logic 2.215ns (12.028%)  route 16.198ns (87.972%))
  Logic Levels:           5  (IBUF=1 LUT2=1 LUT5=1 LUT6=2)
  Clock Path Skew:        5.945ns (DCD - SCD + CPR)
    Destination Clock Delay (DCD):    5.945ns
    Source Clock Delay      (SCD):    0.000ns
    Clock Pessimism Removal (CPR):    0.000ns
  Clock Uncertainty:      0.190ns  ((TSJ^2 + DJ^2)^1/2) / 2 + PE
    Total System Jitter     (TSJ):    0.050ns
    Discrete Jitter          (DJ):    0.175ns
    Phase Error              (PE):    0.099ns

    Location             Delay type                Incr(ns)  Path(ns)    Netlist Resource(s)
  -------------------------------------------------------------------    -------------------
    D9                                                0.000     0.000 f  btn_rst
                         net (fo=0)                   0.000     0.000    btn_rst
    D9                   IBUF (Prop_ibuf_I_O)         1.467     1.467 f  btn_rst_IBUF_inst/O
                         net (fo=5, routed)           5.347     6.814    u_clk_gen/btn_rst_IBUF
    SLICE_X52Y67         LUT2 (Prop_lut2_I0_O)        0.124     6.938 f  u_clk_gen/ap_enable_reg_pp0_iter2_i_1/O
                         net (fo=171, routed)         5.214    12.153    u_rx/rst
    SLICE_X28Y123        LUT6 (Prop_lut6_I3_O)        0.124    12.277 r  u_rx/arg0_flat[511]_i_6/O
                         net (fo=12, routed)          1.300    13.577    u_rx/arg0_flat[511]_i_6_n_0
    SLICE_X30Y136        LUT5 (Prop_lut5_I3_O)        0.152    13.729 r  u_rx/arg1_flat[511]_i_6/O
                         net (fo=8, routed)           0.876    14.604    u_rx/arg1_flat[511]_i_6_n_0
    SLICE_X30Y137        LUT6 (Prop_lut6_I0_O)        0.348    14.952 r  u_rx/arg1_flat[415]_i_2/O
                         net (fo=32, routed)          3.461    18.413    u_rx_n_70
    SLICE_X51Y148        FDRE                                         r  arg1_flat_reg[391]/CE
  -------------------------------------------------------------------    -------------------

                         (clock clk_out20_unbuf rise edge)
                                                      0.000     0.000 r  <hidden>
    E3                                                0.000     0.000 r  clk_pin100
                         net (fo=0)                   0.000     0.000    clk_pin100
    E3                   IBUF (Prop_ibuf_I_O)         1.418     1.418 r  clk_pin100_IBUF_inst/O
                         net (fo=1, routed)           1.162     2.580    u_clk_gen/clk_in100
    MMCME2_ADV_X1Y1      MMCME2_ADV (Prop_mmcme2_adv_CLKIN1_CLKOUT0)
                                                      0.083     2.663 r  u_clk_gen/u_mmcm/CLKOUT0
                         net (fo=1, routed)           1.581     4.244    u_clk_gen/clk_out20_unbuf
    BUFGCTRL_X0Y16       BUFG (Prop_bufg_I_O)         0.091     4.335 r  u_clk_gen/u_bufg/O
                         net (fo=13848, routed)       1.610     5.945    clk
    SLICE_X51Y148        FDRE                                         r  arg1_flat_reg[391]/C

Slack:                    inf
  Source:                 btn_rst
                            (input port)
  Destination:            arg1_flat_reg[405]/CE
                            (rising edge-triggered cell FDRE clocked by clk_out20_unbuf  {rise@0.000ns fall@25.000ns period=50.000ns})
  Path Group:             (none)
  Path Type:              Setup (Max at Slow Process Corner)
  Data Path Delay:        18.413ns  (logic 2.215ns (12.028%)  route 16.198ns (87.972%))
  Logic Levels:           5  (IBUF=1 LUT2=1 LUT5=1 LUT6=2)
  Clock Path Skew:        5.945ns (DCD - SCD + CPR)
    Destination Clock Delay (DCD):    5.945ns
    Source Clock Delay      (SCD):    0.000ns
    Clock Pessimism Removal (CPR):    0.000ns
  Clock Uncertainty:      0.190ns  ((TSJ^2 + DJ^2)^1/2) / 2 + PE
    Total System Jitter     (TSJ):    0.050ns
    Discrete Jitter          (DJ):    0.175ns
    Phase Error              (PE):    0.099ns

    Location             Delay type                Incr(ns)  Path(ns)    Netlist Resource(s)
  -------------------------------------------------------------------    -------------------
    D9                                                0.000     0.000 f  btn_rst
                         net (fo=0)                   0.000     0.000    btn_rst
    D9                   IBUF (Prop_ibuf_I_O)         1.467     1.467 f  btn_rst_IBUF_inst/O
                         net (fo=5, routed)           5.347     6.814    u_clk_gen/btn_rst_IBUF
    SLICE_X52Y67         LUT2 (Prop_lut2_I0_O)        0.124     6.938 f  u_clk_gen/ap_enable_reg_pp0_iter2_i_1/O
                         net (fo=171, routed)         5.214    12.153    u_rx/rst
    SLICE_X28Y123        LUT6 (Prop_lut6_I3_O)        0.124    12.277 r  u_rx/arg0_flat[511]_i_6/O
                         net (fo=12, routed)          1.300    13.577    u_rx/arg0_flat[511]_i_6_n_0
    SLICE_X30Y136        LUT5 (Prop_lut5_I3_O)        0.152    13.729 r  u_rx/arg1_flat[511]_i_6/O
                         net (fo=8, routed)           0.876    14.604    u_rx/arg1_flat[511]_i_6_n_0
    SLICE_X30Y137        LUT6 (Prop_lut6_I0_O)        0.348    14.952 r  u_rx/arg1_flat[415]_i_2/O
                         net (fo=32, routed)          3.461    18.413    u_rx_n_70
    SLICE_X51Y148        FDRE                                         r  arg1_flat_reg[405]/CE
  -------------------------------------------------------------------    -------------------

                         (clock clk_out20_unbuf rise edge)
                                                      0.000     0.000 r  <hidden>
    E3                                                0.000     0.000 r  clk_pin100
                         net (fo=0)                   0.000     0.000    clk_pin100
    E3                   IBUF (Prop_ibuf_I_O)         1.418     1.418 r  clk_pin100_IBUF_inst/O
                         net (fo=1, routed)           1.162     2.580    u_clk_gen/clk_in100
    MMCME2_ADV_X1Y1      MMCME2_ADV (Prop_mmcme2_adv_CLKIN1_CLKOUT0)
                                                      0.083     2.663 r  u_clk_gen/u_mmcm/CLKOUT0
                         net (fo=1, routed)           1.581     4.244    u_clk_gen/clk_out20_unbuf
    BUFGCTRL_X0Y16       BUFG (Prop_bufg_I_O)         0.091     4.335 r  u_clk_gen/u_bufg/O
                         net (fo=13848, routed)       1.610     5.945    clk
    SLICE_X51Y148        FDRE                                         r  arg1_flat_reg[405]/C

Slack:                    inf
  Source:                 btn_rst
                            (input port)
  Destination:            arg0_flat_reg[412]/CE
                            (rising edge-triggered cell FDRE clocked by clk_out20_unbuf  {rise@0.000ns fall@25.000ns period=50.000ns})
  Path Group:             (none)
  Path Type:              Setup (Max at Slow Process Corner)
  Data Path Delay:        18.296ns  (logic 2.193ns (11.986%)  route 16.103ns (88.014%))
  Logic Levels:           5  (IBUF=1 LUT2=1 LUT4=1 LUT5=1 LUT6=1)
  Clock Path Skew:        5.933ns (DCD - SCD + CPR)
    Destination Clock Delay (DCD):    5.933ns
    Source Clock Delay      (SCD):    0.000ns
    Clock Pessimism Removal (CPR):    0.000ns
  Clock Uncertainty:      0.190ns  ((TSJ^2 + DJ^2)^1/2) / 2 + PE
    Total System Jitter     (TSJ):    0.050ns
    Discrete Jitter          (DJ):    0.175ns
    Phase Error              (PE):    0.099ns

    Location             Delay type                Incr(ns)  Path(ns)    Netlist Resource(s)
  -------------------------------------------------------------------    -------------------
    D9                                                0.000     0.000 f  btn_rst
                         net (fo=0)                   0.000     0.000    btn_rst
    D9                   IBUF (Prop_ibuf_I_O)         1.467     1.467 f  btn_rst_IBUF_inst/O
                         net (fo=5, routed)           5.347     6.814    u_clk_gen/btn_rst_IBUF
    SLICE_X52Y67         LUT2 (Prop_lut2_I0_O)        0.124     6.938 f  u_clk_gen/ap_enable_reg_pp0_iter2_i_1/O
                         net (fo=171, routed)         5.214    12.153    u_rx/rst
    SLICE_X28Y123        LUT6 (Prop_lut6_I3_O)        0.124    12.277 r  u_rx/arg0_flat[511]_i_6/O
                         net (fo=12, routed)          1.011    13.288    u_rx/arg0_flat[511]_i_6_n_0
    SLICE_X28Y126        LUT5 (Prop_lut5_I1_O)        0.152    13.440 r  u_rx/arg0_flat[511]_i_5/O
                         net (fo=8, routed)           0.859    14.299    u_rx/arg0_flat[511]_i_5_n_0
    SLICE_X27Y126        LUT4 (Prop_lut4_I0_O)        0.326    14.625 r  u_rx/arg0_flat[415]_i_2/O
                         net (fo=32, routed)          3.671    18.296    u_rx_n_86
    SLICE_X51Y129        FDRE                                         r  arg0_flat_reg[412]/CE
  -------------------------------------------------------------------    -------------------

                         (clock clk_out20_unbuf rise edge)
                                                      0.000     0.000 r  <hidden>
    E3                                                0.000     0.000 r  clk_pin100
                         net (fo=0)                   0.000     0.000    clk_pin100
    E3                   IBUF (Prop_ibuf_I_O)         1.418     1.418 r  clk_pin100_IBUF_inst/O
                         net (fo=1, routed)           1.162     2.580    u_clk_gen/clk_in100
    MMCME2_ADV_X1Y1      MMCME2_ADV (Prop_mmcme2_adv_CLKIN1_CLKOUT0)
                                                      0.083     2.663 r  u_clk_gen/u_mmcm/CLKOUT0
                         net (fo=1, routed)           1.581     4.244    u_clk_gen/clk_out20_unbuf
    BUFGCTRL_X0Y16       BUFG (Prop_bufg_I_O)         0.091     4.335 r  u_clk_gen/u_bufg/O
                         net (fo=13848, routed)       1.598     5.933    clk
    SLICE_X51Y129        FDRE                                         r  arg0_flat_reg[412]/C





Min Delay Paths
--------------------------------------------------------------------------------------
Slack:                    inf
  Source:                 uart_rx_pin
                            (input port)
  Destination:            u_rx/rx_ff1_reg/D
                            (rising edge-triggered cell FDRE clocked by clk_out20_unbuf  {rise@0.000ns fall@25.000ns period=50.000ns})
  Path Group:             (none)
  Path Type:              Hold (Min at Fast Process Corner)
  Data Path Delay:        1.039ns  (logic 0.306ns (29.454%)  route 0.733ns (70.546%))
  Logic Levels:           1  (IBUF=1)
  Clock Path Skew:        2.445ns (DCD - SCD - CPR)
    Destination Clock Delay (DCD):    2.445ns
    Source Clock Delay      (SCD):    0.000ns
    Clock Pessimism Removal (CPR):    -0.000ns

    Location             Delay type                Incr(ns)  Path(ns)    Netlist Resource(s)
  -------------------------------------------------------------------    -------------------
    A9                                                0.000     0.000 r  uart_rx_pin
                         net (fo=0)                   0.000     0.000    uart_rx_pin
    A9                   IBUF (Prop_ibuf_I_O)         0.306     0.306 r  uart_rx_pin_IBUF_inst/O
                         net (fo=1, routed)           0.733     1.039    u_rx/rx
    SLICE_X16Y117        FDRE                                         r  u_rx/rx_ff1_reg/D
  -------------------------------------------------------------------    -------------------

                         (clock clk_out20_unbuf rise edge)
                                                      0.000     0.000 r  <hidden>
    E3                                                0.000     0.000 r  clk_pin100
                         net (fo=0)                   0.000     0.000    clk_pin100
    E3                   IBUF (Prop_ibuf_I_O)         0.445     0.445 r  clk_pin100_IBUF_inst/O
                         net (fo=1, routed)           0.480     0.925    u_clk_gen/clk_in100
    MMCME2_ADV_X1Y1      MMCME2_ADV (Prop_mmcme2_adv_CLKIN1_CLKOUT0)
                                                      0.053     0.978 r  u_clk_gen/u_mmcm/CLKOUT0
                         net (fo=1, routed)           0.530     1.507    u_clk_gen/clk_out20_unbuf
    BUFGCTRL_X0Y16       BUFG (Prop_bufg_I_O)         0.029     1.536 r  u_clk_gen/u_bufg/O
                         net (fo=13848, routed)       0.909     2.445    u_rx/clk_out20
    SLICE_X16Y117        FDRE                                         r  u_rx/rx_ff1_reg/C

Slack:                    inf
  Source:                 u_clk_gen/u_mmcm/LOCKED
                            (internal pin)
  Destination:            u_iface0/u_matmul/grp_matmul_4x4x4_Pipeline_init_conv_a_i_init_conv_a_k_fu_706/ap_enable_reg_pp0_iter5_reg/R
                            (rising edge-triggered cell FDRE clocked by clk_out20_unbuf  {rise@0.000ns fall@25.000ns period=50.000ns})
  Path Group:             (none)
  Path Type:              Hold (Min at Fast Process Corner)
  Data Path Delay:        1.111ns  (logic 0.045ns (4.049%)  route 1.066ns (95.951%))
  Logic Levels:           1  (LUT2=1)
  Clock Uncertainty:      0.190ns  ((TSJ^2 + DJ^2)^1/2) / 2 + PE
    Total System Jitter     (TSJ):    0.050ns
    Discrete Jitter          (DJ):    0.175ns
    Phase Error              (PE):    0.099ns

    Location             Delay type                Incr(ns)  Path(ns)    Netlist Resource(s)
  -------------------------------------------------------------------    -------------------
    MMCME2_ADV_X1Y1      MMCME2_ADV                   0.000     0.000 f  u_clk_gen/u_mmcm/LOCKED
                         net (fo=4, routed)           0.864     0.864    u_clk_gen/locked
    SLICE_X52Y67         LUT2 (Prop_lut2_I1_O)        0.045     0.909 r  u_clk_gen/ap_enable_reg_pp0_iter2_i_1/O
                         net (fo=171, routed)         0.202     1.111    u_iface0/u_matmul/grp_matmul_4x4x4_Pipeline_init_conv_a_i_init_conv_a_k_fu_706/rst
    SLICE_X52Y67         FDRE                                         r  u_iface0/u_matmul/grp_matmul_4x4x4_Pipeline_init_conv_a_i_init_conv_a_k_fu_706/ap_enable_reg_pp0_iter5_reg/R
  -------------------------------------------------------------------    -------------------

                         (clock clk_out20_unbuf rise edge)
                                                      0.000     0.000 r  <hidden>
    E3                                                0.000     0.000 r  clk_pin100
                         net (fo=0)                   0.000     0.000    clk_pin100
    E3                   IBUF (Prop_ibuf_I_O)         0.445     0.445 r  clk_pin100_IBUF_inst/O
                         net (fo=1, routed)           0.480     0.925    u_clk_gen/clk_in100
    MMCME2_ADV_X1Y1      MMCME2_ADV (Prop_mmcme2_adv_CLKIN1_CLKOUT0)
                                                      0.053     0.978 r  u_clk_gen/u_mmcm/CLKOUT0
                         net (fo=1, routed)           0.530     1.507    u_clk_gen/clk_out20_unbuf
    BUFGCTRL_X0Y16       BUFG (Prop_bufg_I_O)         0.029     1.536 r  u_clk_gen/u_bufg/O
                         net (fo=13848, routed)       0.824     2.361    u_iface0/u_matmul/grp_matmul_4x4x4_Pipeline_init_conv_a_i_init_conv_a_k_fu_706/clk_out20
    SLICE_X52Y67         FDRE                                         r  u_iface0/u_matmul/grp_matmul_4x4x4_Pipeline_init_conv_a_i_init_conv_a_k_fu_706/ap_enable_reg_pp0_iter5_reg/C

Slack:                    inf
  Source:                 u_clk_gen/u_mmcm/LOCKED
                            (internal pin)
  Destination:            u_iface0/u_matmul/grp_matmul_4x4x4_Pipeline_init_conv_b_k_init_conv_b_j_fu_742/ap_enable_reg_pp0_iter5_reg/R
                            (rising edge-triggered cell FDRE clocked by clk_out20_unbuf  {rise@0.000ns fall@25.000ns period=50.000ns})
  Path Group:             (none)
  Path Type:              Hold (Min at Fast Process Corner)
  Data Path Delay:        1.426ns  (logic 0.045ns (3.156%)  route 1.381ns (96.844%))
  Logic Levels:           1  (LUT2=1)
  Clock Uncertainty:      0.190ns  ((TSJ^2 + DJ^2)^1/2) / 2 + PE
    Total System Jitter     (TSJ):    0.050ns
    Discrete Jitter          (DJ):    0.175ns
    Phase Error              (PE):    0.099ns

    Location             Delay type                Incr(ns)  Path(ns)    Netlist Resource(s)
  -------------------------------------------------------------------    -------------------
    MMCME2_ADV_X1Y1      MMCME2_ADV                   0.000     0.000 f  u_clk_gen/u_mmcm/LOCKED
                         net (fo=4, routed)           0.864     0.864    u_clk_gen/locked
    SLICE_X52Y67         LUT2 (Prop_lut2_I1_O)        0.045     0.909 r  u_clk_gen/ap_enable_reg_pp0_iter2_i_1/O
                         net (fo=171, routed)         0.517     1.426    u_iface0/u_matmul/grp_matmul_4x4x4_Pipeline_init_conv_b_k_init_conv_b_j_fu_742/rst
    SLICE_X36Y61         FDRE                                         r  u_iface0/u_matmul/grp_matmul_4x4x4_Pipeline_init_conv_b_k_init_conv_b_j_fu_742/ap_enable_reg_pp0_iter5_reg/R
  -------------------------------------------------------------------    -------------------

                         (clock clk_out20_unbuf rise edge)
                                                      0.000     0.000 r  <hidden>
    E3                                                0.000     0.000 r  clk_pin100
                         net (fo=0)                   0.000     0.000    clk_pin100
    E3                   IBUF (Prop_ibuf_I_O)         0.445     0.445 r  clk_pin100_IBUF_inst/O
                         net (fo=1, routed)           0.480     0.925    u_clk_gen/clk_in100
    MMCME2_ADV_X1Y1      MMCME2_ADV (Prop_mmcme2_adv_CLKIN1_CLKOUT0)
                                                      0.053     0.978 r  u_clk_gen/u_mmcm/CLKOUT0
                         net (fo=1, routed)           0.530     1.507    u_clk_gen/clk_out20_unbuf
    BUFGCTRL_X0Y16       BUFG (Prop_bufg_I_O)         0.029     1.536 r  u_clk_gen/u_bufg/O
                         net (fo=13848, routed)       0.826     2.362    u_iface0/u_matmul/grp_matmul_4x4x4_Pipeline_init_conv_b_k_init_conv_b_j_fu_742/clk_out20
    SLICE_X36Y61         FDRE                                         r  u_iface0/u_matmul/grp_matmul_4x4x4_Pipeline_init_conv_b_k_init_conv_b_j_fu_742/ap_enable_reg_pp0_iter5_reg/C

Slack:                    inf
  Source:                 btn_rst
                            (input port)
  Destination:            u_rx/shift_reg_reg[1]/D
                            (rising edge-triggered cell FDRE clocked by clk_out20_unbuf  {rise@0.000ns fall@25.000ns period=50.000ns})
  Path Group:             (none)
  Path Type:              Hold (Min at Fast Process Corner)
  Data Path Delay:        1.465ns  (logic 0.325ns (22.178%)  route 1.140ns (77.822%))
  Logic Levels:           3  (IBUF=1 LUT4=1 LUT6=1)
  Clock Path Skew:        2.445ns (DCD - SCD - CPR)
    Destination Clock Delay (DCD):    2.445ns
    Source Clock Delay      (SCD):    0.000ns
    Clock Pessimism Removal (CPR):    -0.000ns

    Location             Delay type                Incr(ns)  Path(ns)    Netlist Resource(s)
  -------------------------------------------------------------------    -------------------
    D9                                                0.000     0.000 f  btn_rst
                         net (fo=0)                   0.000     0.000    btn_rst
    D9                   IBUF (Prop_ibuf_I_O)         0.235     0.235 f  btn_rst_IBUF_inst/O
                         net (fo=5, routed)           1.015     1.250    u_rx/btn_rst_IBUF
    SLICE_X21Y117        LUT4 (Prop_lut4_I0_O)        0.045     1.295 r  u_rx/shift_reg[7]_i_2/O
                         net (fo=8, routed)           0.125     1.420    u_rx/shift_reg[7]_i_2_n_0
    SLICE_X23Y117        LUT6 (Prop_lut6_I4_O)        0.045     1.465 r  u_rx/shift_reg[1]_i_1/O
                         net (fo=1, routed)           0.000     1.465    u_rx/shift_reg[1]_i_1_n_0
    SLICE_X23Y117        FDRE                                         r  u_rx/shift_reg_reg[1]/D
  -------------------------------------------------------------------    -------------------

                         (clock clk_out20_unbuf rise edge)
                                                      0.000     0.000 r  <hidden>
    E3                                                0.000     0.000 r  clk_pin100
                         net (fo=0)                   0.000     0.000    clk_pin100
    E3                   IBUF (Prop_ibuf_I_O)         0.445     0.445 r  clk_pin100_IBUF_inst/O
                         net (fo=1, routed)           0.480     0.925    u_clk_gen/clk_in100
    MMCME2_ADV_X1Y1      MMCME2_ADV (Prop_mmcme2_adv_CLKIN1_CLKOUT0)
                                                      0.053     0.978 r  u_clk_gen/u_mmcm/CLKOUT0
                         net (fo=1, routed)           0.530     1.507    u_clk_gen/clk_out20_unbuf
    BUFGCTRL_X0Y16       BUFG (Prop_bufg_I_O)         0.029     1.536 r  u_clk_gen/u_bufg/O
                         net (fo=13848, routed)       0.909     2.445    u_rx/clk_out20
    SLICE_X23Y117        FDRE                                         r  u_rx/shift_reg_reg[1]/C

Slack:                    inf
  Source:                 btn_rst
                            (input port)
  Destination:            u_rx/shift_reg_reg[3]/D
                            (rising edge-triggered cell FDRE clocked by clk_out20_unbuf  {rise@0.000ns fall@25.000ns period=50.000ns})
  Path Group:             (none)
  Path Type:              Hold (Min at Fast Process Corner)
  Data Path Delay:        1.468ns  (logic 0.325ns (22.133%)  route 1.143ns (77.867%))
  Logic Levels:           3  (IBUF=1 LUT4=1 LUT6=1)
  Clock Path Skew:        2.445ns (DCD - SCD - CPR)
    Destination Clock Delay (DCD):    2.445ns
    Source Clock Delay      (SCD):    0.000ns
    Clock Pessimism Removal (CPR):    -0.000ns

    Location             Delay type                Incr(ns)  Path(ns)    Netlist Resource(s)
  -------------------------------------------------------------------    -------------------
    D9                                                0.000     0.000 f  btn_rst
                         net (fo=0)                   0.000     0.000    btn_rst
    D9                   IBUF (Prop_ibuf_I_O)         0.235     0.235 f  btn_rst_IBUF_inst/O
                         net (fo=5, routed)           1.015     1.250    u_rx/btn_rst_IBUF
    SLICE_X21Y117        LUT4 (Prop_lut4_I0_O)        0.045     1.295 r  u_rx/shift_reg[7]_i_2/O
                         net (fo=8, routed)           0.128     1.423    u_rx/shift_reg[7]_i_2_n_0
    SLICE_X23Y117        LUT6 (Prop_lut6_I4_O)        0.045     1.468 r  u_rx/shift_reg[3]_i_1/O
                         net (fo=1, routed)           0.000     1.468    u_rx/shift_reg[3]_i_1_n_0
    SLICE_X23Y117        FDRE                                         r  u_rx/shift_reg_reg[3]/D
  -------------------------------------------------------------------    -------------------

                         (clock clk_out20_unbuf rise edge)
                                                      0.000     0.000 r  <hidden>
    E3                                                0.000     0.000 r  clk_pin100
                         net (fo=0)                   0.000     0.000    clk_pin100
    E3                   IBUF (Prop_ibuf_I_O)         0.445     0.445 r  clk_pin100_IBUF_inst/O
                         net (fo=1, routed)           0.480     0.925    u_clk_gen/clk_in100
    MMCME2_ADV_X1Y1      MMCME2_ADV (Prop_mmcme2_adv_CLKIN1_CLKOUT0)
                                                      0.053     0.978 r  u_clk_gen/u_mmcm/CLKOUT0
                         net (fo=1, routed)           0.530     1.507    u_clk_gen/clk_out20_unbuf
    BUFGCTRL_X0Y16       BUFG (Prop_bufg_I_O)         0.029     1.536 r  u_clk_gen/u_bufg/O
                         net (fo=13848, routed)       0.909     2.445    u_rx/clk_out20
    SLICE_X23Y117        FDRE                                         r  u_rx/shift_reg_reg[3]/C

Slack:                    inf
  Source:                 btn_rst
                            (input port)
  Destination:            u_rx/shift_reg_reg[0]/D
                            (rising edge-triggered cell FDRE clocked by clk_out20_unbuf  {rise@0.000ns fall@25.000ns period=50.000ns})
  Path Group:             (none)
  Path Type:              Hold (Min at Fast Process Corner)
  Data Path Delay:        1.510ns  (logic 0.325ns (21.512%)  route 1.185ns (78.488%))
  Logic Levels:           3  (IBUF=1 LUT4=1 LUT6=1)
  Clock Path Skew:        2.444ns (DCD - SCD - CPR)
    Destination Clock Delay (DCD):    2.444ns
    Source Clock Delay      (SCD):    0.000ns
    Clock Pessimism Removal (CPR):    -0.000ns

    Location             Delay type                Incr(ns)  Path(ns)    Netlist Resource(s)
  -------------------------------------------------------------------    -------------------
    D9                                                0.000     0.000 f  btn_rst
                         net (fo=0)                   0.000     0.000    btn_rst
    D9                   IBUF (Prop_ibuf_I_O)         0.235     0.235 f  btn_rst_IBUF_inst/O
                         net (fo=5, routed)           1.015     1.250    u_rx/btn_rst_IBUF
    SLICE_X21Y117        LUT4 (Prop_lut4_I0_O)        0.045     1.295 r  u_rx/shift_reg[7]_i_2/O
                         net (fo=8, routed)           0.170     1.465    u_rx/shift_reg[7]_i_2_n_0
    SLICE_X22Y118        LUT6 (Prop_lut6_I4_O)        0.045     1.510 r  u_rx/shift_reg[0]_i_1/O
                         net (fo=1, routed)           0.000     1.510    u_rx/shift_reg[0]_i_1_n_0
    SLICE_X22Y118        FDRE                                         r  u_rx/shift_reg_reg[0]/D
  -------------------------------------------------------------------    -------------------

                         (clock clk_out20_unbuf rise edge)
                                                      0.000     0.000 r  <hidden>
    E3                                                0.000     0.000 r  clk_pin100
                         net (fo=0)                   0.000     0.000    clk_pin100
    E3                   IBUF (Prop_ibuf_I_O)         0.445     0.445 r  clk_pin100_IBUF_inst/O
                         net (fo=1, routed)           0.480     0.925    u_clk_gen/clk_in100
    MMCME2_ADV_X1Y1      MMCME2_ADV (Prop_mmcme2_adv_CLKIN1_CLKOUT0)
                                                      0.053     0.978 r  u_clk_gen/u_mmcm/CLKOUT0
                         net (fo=1, routed)           0.530     1.507    u_clk_gen/clk_out20_unbuf
    BUFGCTRL_X0Y16       BUFG (Prop_bufg_I_O)         0.029     1.536 r  u_clk_gen/u_bufg/O
                         net (fo=13848, routed)       0.908     2.444    u_rx/clk_out20
    SLICE_X22Y118        FDRE                                         r  u_rx/shift_reg_reg[0]/C

Slack:                    inf
  Source:                 u_clk_gen/u_mmcm/LOCKED
                            (internal pin)
  Destination:            u_iface0/u_matmul/grp_matmul_4x4x4_Pipeline_drain_i_drain_j_fu_846/ap_enable_reg_pp0_iter1_reg/D
                            (rising edge-triggered cell FDRE clocked by clk_out20_unbuf  {rise@0.000ns fall@25.000ns period=50.000ns})
  Path Group:             (none)
  Path Type:              Hold (Min at Fast Process Corner)
  Data Path Delay:        1.535ns  (logic 0.090ns (5.864%)  route 1.445ns (94.136%))
  Logic Levels:           2  (LUT2=1 LUT3=1)
  Clock Uncertainty:      0.190ns  ((TSJ^2 + DJ^2)^1/2) / 2 + PE
    Total System Jitter     (TSJ):    0.050ns
    Discrete Jitter          (DJ):    0.175ns
    Phase Error              (PE):    0.099ns

    Location             Delay type                Incr(ns)  Path(ns)    Netlist Resource(s)
  -------------------------------------------------------------------    -------------------
    MMCME2_ADV_X1Y1      MMCME2_ADV                   0.000     0.000 r  u_clk_gen/u_mmcm/LOCKED
                         net (fo=4, routed)           0.864     0.864    u_clk_gen/locked
    SLICE_X52Y67         LUT2 (Prop_lut2_I1_O)        0.045     0.909 f  u_clk_gen/ap_enable_reg_pp0_iter2_i_1/O
                         net (fo=171, routed)         0.581     1.490    u_iface0/u_matmul/grp_matmul_4x4x4_Pipeline_drain_i_drain_j_fu_846/flow_control_loop_pipe_sequential_init_U/rst
    SLICE_X57Y85         LUT3 (Prop_lut3_I2_O)        0.045     1.535 r  u_iface0/u_matmul/grp_matmul_4x4x4_Pipeline_drain_i_drain_j_fu_846/flow_control_loop_pipe_sequential_init_U/ap_enable_reg_pp0_iter1_i_1__1/O
                         net (fo=1, routed)           0.000     1.535    u_iface0/u_matmul/grp_matmul_4x4x4_Pipeline_drain_i_drain_j_fu_846/flow_control_loop_pipe_sequential_init_U_n_0
    SLICE_X57Y85         FDRE                                         r  u_iface0/u_matmul/grp_matmul_4x4x4_Pipeline_drain_i_drain_j_fu_846/ap_enable_reg_pp0_iter1_reg/D
  -------------------------------------------------------------------    -------------------

                         (clock clk_out20_unbuf rise edge)
                                                      0.000     0.000 r  <hidden>
    E3                                                0.000     0.000 r  clk_pin100
                         net (fo=0)                   0.000     0.000    clk_pin100
    E3                   IBUF (Prop_ibuf_I_O)         0.445     0.445 r  clk_pin100_IBUF_inst/O
                         net (fo=1, routed)           0.480     0.925    u_clk_gen/clk_in100
    MMCME2_ADV_X1Y1      MMCME2_ADV (Prop_mmcme2_adv_CLKIN1_CLKOUT0)
                                                      0.053     0.978 r  u_clk_gen/u_mmcm/CLKOUT0
                         net (fo=1, routed)           0.530     1.507    u_clk_gen/clk_out20_unbuf
    BUFGCTRL_X0Y16       BUFG (Prop_bufg_I_O)         0.029     1.536 r  u_clk_gen/u_bufg/O
                         net (fo=13848, routed)       0.827     2.364    u_iface0/u_matmul/grp_matmul_4x4x4_Pipeline_drain_i_drain_j_fu_846/clk_out20
    SLICE_X57Y85         FDRE                                         r  u_iface0/u_matmul/grp_matmul_4x4x4_Pipeline_drain_i_drain_j_fu_846/ap_enable_reg_pp0_iter1_reg/C

Slack:                    inf
  Source:                 u_clk_gen/u_mmcm/LOCKED
                            (internal pin)
  Destination:            u_iface0/u_matmul/grp_matmul_4x4x4_Pipeline_drain_i_drain_j_fu_846/flow_control_loop_pipe_sequential_init_U/ap_loop_init_int_reg/D
                            (rising edge-triggered cell FDRE clocked by clk_out20_unbuf  {rise@0.000ns fall@25.000ns period=50.000ns})
  Path Group:             (none)
  Path Type:              Hold (Min at Fast Process Corner)
  Data Path Delay:        1.536ns  (logic 0.091ns (5.925%)  route 1.445ns (94.075%))
  Logic Levels:           2  (LUT2=1 LUT4=1)
  Clock Uncertainty:      0.190ns  ((TSJ^2 + DJ^2)^1/2) / 2 + PE
    Total System Jitter     (TSJ):    0.050ns
    Discrete Jitter          (DJ):    0.175ns
    Phase Error              (PE):    0.099ns

    Location             Delay type                Incr(ns)  Path(ns)    Netlist Resource(s)
  -------------------------------------------------------------------    -------------------
    MMCME2_ADV_X1Y1      MMCME2_ADV                   0.000     0.000 f  u_clk_gen/u_mmcm/LOCKED
                         net (fo=4, routed)           0.864     0.864    u_clk_gen/locked
    SLICE_X52Y67         LUT2 (Prop_lut2_I1_O)        0.045     0.909 r  u_clk_gen/ap_enable_reg_pp0_iter2_i_1/O
                         net (fo=171, routed)         0.581     1.490    u_iface0/u_matmul/grp_matmul_4x4x4_Pipeline_drain_i_drain_j_fu_846/flow_control_loop_pipe_sequential_init_U/rst
    SLICE_X57Y85         LUT4 (Prop_lut4_I1_O)        0.046     1.536 r  u_iface0/u_matmul/grp_matmul_4x4x4_Pipeline_drain_i_drain_j_fu_846/flow_control_loop_pipe_sequential_init_U/ap_loop_init_int_i_1__3/O
                         net (fo=1, routed)           0.000     1.536    u_iface0/u_matmul/grp_matmul_4x4x4_Pipeline_drain_i_drain_j_fu_846/flow_control_loop_pipe_sequential_init_U/ap_loop_init_int_i_1__3_n_0
    SLICE_X57Y85         FDRE                                         r  u_iface0/u_matmul/grp_matmul_4x4x4_Pipeline_drain_i_drain_j_fu_846/flow_control_loop_pipe_sequential_init_U/ap_loop_init_int_reg/D
  -------------------------------------------------------------------    -------------------

                         (clock clk_out20_unbuf rise edge)
                                                      0.000     0.000 r  <hidden>
    E3                                                0.000     0.000 r  clk_pin100
                         net (fo=0)                   0.000     0.000    clk_pin100
    E3                   IBUF (Prop_ibuf_I_O)         0.445     0.445 r  clk_pin100_IBUF_inst/O
                         net (fo=1, routed)           0.480     0.925    u_clk_gen/clk_in100
    MMCME2_ADV_X1Y1      MMCME2_ADV (Prop_mmcme2_adv_CLKIN1_CLKOUT0)
                                                      0.053     0.978 r  u_clk_gen/u_mmcm/CLKOUT0
                         net (fo=1, routed)           0.530     1.507    u_clk_gen/clk_out20_unbuf
    BUFGCTRL_X0Y16       BUFG (Prop_bufg_I_O)         0.029     1.536 r  u_clk_gen/u_bufg/O
                         net (fo=13848, routed)       0.827     2.364    u_iface0/u_matmul/grp_matmul_4x4x4_Pipeline_drain_i_drain_j_fu_846/flow_control_loop_pipe_sequential_init_U/clk_out20
    SLICE_X57Y85         FDRE                                         r  u_iface0/u_matmul/grp_matmul_4x4x4_Pipeline_drain_i_drain_j_fu_846/flow_control_loop_pipe_sequential_init_U/ap_loop_init_int_reg/C

Slack:                    inf
  Source:                 btn_rst
                            (input port)
  Destination:            u_rx/shift_reg_reg[2]/D
                            (rising edge-triggered cell FDRE clocked by clk_out20_unbuf  {rise@0.000ns fall@25.000ns period=50.000ns})
  Path Group:             (none)
  Path Type:              Hold (Min at Fast Process Corner)
  Data Path Delay:        1.571ns  (logic 0.325ns (20.673%)  route 1.246ns (79.327%))
  Logic Levels:           3  (IBUF=1 LUT4=1 LUT6=1)
  Clock Path Skew:        2.444ns (DCD - SCD - CPR)
    Destination Clock Delay (DCD):    2.444ns
    Source Clock Delay      (SCD):    0.000ns
    Clock Pessimism Removal (CPR):    -0.000ns

    Location             Delay type                Incr(ns)  Path(ns)    Netlist Resource(s)
  -------------------------------------------------------------------    -------------------
    D9                                                0.000     0.000 f  btn_rst
                         net (fo=0)                   0.000     0.000    btn_rst
    D9                   IBUF (Prop_ibuf_I_O)         0.235     0.235 f  btn_rst_IBUF_inst/O
                         net (fo=5, routed)           1.015     1.250    u_rx/btn_rst_IBUF
    SLICE_X21Y117        LUT4 (Prop_lut4_I0_O)        0.045     1.295 r  u_rx/shift_reg[7]_i_2/O
                         net (fo=8, routed)           0.231     1.526    u_rx/shift_reg[7]_i_2_n_0
    SLICE_X22Y118        LUT6 (Prop_lut6_I4_O)        0.045     1.571 r  u_rx/shift_reg[2]_i_1/O
                         net (fo=1, routed)           0.000     1.571    u_rx/shift_reg[2]_i_1_n_0
    SLICE_X22Y118        FDRE                                         r  u_rx/shift_reg_reg[2]/D
  -------------------------------------------------------------------    -------------------

                         (clock clk_out20_unbuf rise edge)
                                                      0.000     0.000 r  <hidden>
    E3                                                0.000     0.000 r  clk_pin100
                         net (fo=0)                   0.000     0.000    clk_pin100
    E3                   IBUF (Prop_ibuf_I_O)         0.445     0.445 r  clk_pin100_IBUF_inst/O
                         net (fo=1, routed)           0.480     0.925    u_clk_gen/clk_in100
    MMCME2_ADV_X1Y1      MMCME2_ADV (Prop_mmcme2_adv_CLKIN1_CLKOUT0)
                                                      0.053     0.978 r  u_clk_gen/u_mmcm/CLKOUT0
                         net (fo=1, routed)           0.530     1.507    u_clk_gen/clk_out20_unbuf
    BUFGCTRL_X0Y16       BUFG (Prop_bufg_I_O)         0.029     1.536 r  u_clk_gen/u_bufg/O
                         net (fo=13848, routed)       0.908     2.444    u_rx/clk_out20
    SLICE_X22Y118        FDRE                                         r  u_rx/shift_reg_reg[2]/C

Slack:                    inf
  Source:                 u_clk_gen/u_mmcm/LOCKED
                            (internal pin)
  Destination:            u_iface0/u_matmul/grp_matmul_4x4x4_Pipeline_init_i_init_j_fu_670/ap_enable_reg_pp0_iter5_reg/R
                            (rising edge-triggered cell FDRE clocked by clk_out20_unbuf  {rise@0.000ns fall@25.000ns period=50.000ns})
  Path Group:             (none)
  Path Type:              Hold (Min at Fast Process Corner)
  Data Path Delay:        1.587ns  (logic 0.045ns (2.835%)  route 1.542ns (97.165%))
  Logic Levels:           1  (LUT2=1)
  Clock Uncertainty:      0.190ns  ((TSJ^2 + DJ^2)^1/2) / 2 + PE
    Total System Jitter     (TSJ):    0.050ns
    Discrete Jitter          (DJ):    0.175ns
    Phase Error              (PE):    0.099ns

    Location             Delay type                Incr(ns)  Path(ns)    Netlist Resource(s)
  -------------------------------------------------------------------    -------------------
    MMCME2_ADV_X1Y1      MMCME2_ADV                   0.000     0.000 f  u_clk_gen/u_mmcm/LOCKED
                         net (fo=4, routed)           0.864     0.864    u_clk_gen/locked
    SLICE_X52Y67         LUT2 (Prop_lut2_I1_O)        0.045     0.909 r  u_clk_gen/ap_enable_reg_pp0_iter2_i_1/O
                         net (fo=171, routed)         0.678     1.587    u_iface0/u_matmul/grp_matmul_4x4x4_Pipeline_init_i_init_j_fu_670/rst
    SLICE_X34Y58         FDRE                                         r  u_iface0/u_matmul/grp_matmul_4x4x4_Pipeline_init_i_init_j_fu_670/ap_enable_reg_pp0_iter5_reg/R
  -------------------------------------------------------------------    -------------------

                         (clock clk_out20_unbuf rise edge)
                                                      0.000     0.000 r  <hidden>
    E3                                                0.000     0.000 r  clk_pin100
                         net (fo=0)                   0.000     0.000    clk_pin100
    E3                   IBUF (Prop_ibuf_I_O)         0.445     0.445 r  clk_pin100_IBUF_inst/O
                         net (fo=1, routed)           0.480     0.925    u_clk_gen/clk_in100
    MMCME2_ADV_X1Y1      MMCME2_ADV (Prop_mmcme2_adv_CLKIN1_CLKOUT0)
                                                      0.053     0.978 r  u_clk_gen/u_mmcm/CLKOUT0
                         net (fo=1, routed)           0.530     1.507    u_clk_gen/clk_out20_unbuf
    BUFGCTRL_X0Y16       BUFG (Prop_bufg_I_O)         0.029     1.536 r  u_clk_gen/u_bufg/O
                         net (fo=13848, routed)       0.826     2.362    u_iface0/u_matmul/grp_matmul_4x4x4_Pipeline_init_i_init_j_fu_670/clk_out20
    SLICE_X34Y58         FDRE                                         r  u_iface0/u_matmul/grp_matmul_4x4x4_Pipeline_init_i_init_j_fu_670/ap_enable_reg_pp0_iter5_reg/C





