Copyright 1986-2022 Xilinx, Inc. All Rights Reserved. Copyright 2022-2026 Advanced Micro Devices, Inc. All Rights Reserved.
------------------------------------------------------------------------------------------------------------------------------------------------------------------------------------------------------------------------------------------
| Tool Version : Vivado v.2026.1 (lin64) Build 6511674 Tue Jun 16 11:01:26 MDT 2026
| Date         : Wed Jul 29 16:04:45 2026
| Host         : steven-studio-System-Product-Name running 64-bit Ubuntu 24.04.3 LTS
| Command      : report_timing_summary -max_paths 10 -routable_nets -report_unconstrained -file matmul_top_timing_summary_routed.rpt -pb matmul_top_timing_summary_routed.pb -rpx matmul_top_timing_summary_routed.rpx -warn_on_violation
| Design       : matmul_top
| Device       : 7a35ti-csg324
| Speed File   : -1L  PRODUCTION 1.23 2018-06-13
| Design State : Routed
------------------------------------------------------------------------------------------------------------------------------------------------------------------------------------------------------------------------------------------

Timing Summary Report

------------------------------------------------------------------------------------------------
| Timer Settings
| --------------
------------------------------------------------------------------------------------------------

  Enable Multi Corner Analysis               :  Yes
  Enable Pessimism Removal                   :  Yes
  Pessimism Removal Resolution               :  Nearest Common Node
  Enable Input Delay Default Clock           :  No
  Enable Preset / Clear Arcs                 :  No
  Disable Flight Delays                      :  No
  Ignore I/O Paths                           :  No
  Timing Early Launch at Borrowing Latches   :  No
  Borrow Time for Max Delay Exceptions       :  Yes
  Merge Timing Exceptions                    :  Yes
  Inter-SLR Compensation                     :  Conservative

  Corner  Analyze    Analyze    
  Name    Max Paths  Min Paths  
  ------  ---------  ---------  
  Slow    Yes        Yes        
  Fast    Yes        Yes        


------------------------------------------------------------------------------------------------
| Report Methodology
| ------------------
------------------------------------------------------------------------------------------------

No report available as report_methodology has not been run prior. Run report_methodology on the current design for the summary of methodology violations.



check_timing report

Table of Contents
-----------------
1. checking no_clock (0)
2. checking constant_clock (0)
3. checking pulse_width_clock (0)
4. checking unconstrained_internal_endpoints (0)
5. checking no_input_delay (2)
6. checking no_output_delay (2)
7. checking multiple_clock (0)
8. checking generated_clocks (0)
9. checking loops (0)
10. checking partial_input_delay (0)
11. checking partial_output_delay (0)
12. checking latch_loops (0)

1. checking no_clock (0)
------------------------
 There are 0 register/latch pins with no clock.


2. checking constant_clock (0)
------------------------------
 There are 0 register/latch pins with constant_clock.


3. checking pulse_width_clock (0)
---------------------------------
 There are 0 register/latch pins which need pulse_width check


4. checking unconstrained_internal_endpoints (0)
------------------------------------------------
 There are 0 pins that are not constrained for maximum delay.

 There are 0 pins that are not constrained for maximum delay due to constant clock.


5. checking no_input_delay (2)
------------------------------
 There are 2 input ports with no input delay specified. (HIGH)

 There are 0 input ports with no input delay but user has a false path constraint.


6. checking no_output_delay (2)
-------------------------------
 There are 2 ports with no output delay specified. (HIGH)

 There are 0 ports with no output delay but user has a false path constraint

 There are 0 ports with no output delay but with a timing clock defined on it or propagating through it


7. checking multiple_clock (0)
------------------------------
 There are 0 register/latch pins with multiple clocks.


8. checking generated_clocks (0)
--------------------------------
 There are 0 generated clocks that are not connected to a clock source.


9. checking loops (0)
---------------------
 There are 0 combinational loops in the design.


10. checking partial_input_delay (0)
------------------------------------
 There are 0 input ports with partial input delay specified.


11. checking partial_output_delay (0)
-------------------------------------
 There are 0 ports with partial output delay specified.


12. checking latch_loops (0)
----------------------------
 There are 0 combinational latch loops in the design through latch input



------------------------------------------------------------------------------------------------
| Design Timing Summary
| ---------------------
------------------------------------------------------------------------------------------------

    WNS(ns)      TNS(ns)  TNS Failing Endpoints  TNS Total Endpoints      WHS(ns)      THS(ns)  THS Failing Endpoints  THS Total Endpoints     WPWS(ns)     TPWS(ns)  TPWS Failing Endpoints  TPWS Total Endpoints  
    -------      -------  ---------------------  -------------------      -------      -------  ---------------------  -------------------     --------     --------  ----------------------  --------------------  
     38.157        0.000                      0                17723        0.023        0.000                      0                17723        3.000        0.000                       0                  7759  


All user specified timing constraints are met.


------------------------------------------------------------------------------------------------
| Clock Summary
| -------------
------------------------------------------------------------------------------------------------

Clock              Waveform(ns)       Period(ns)      Frequency(MHz)
-----              ------------       ----------      --------------
sys_clk_pin        {0.000 5.000}      10.000          100.000         
  clk_out20_unbuf  {0.000 25.000}     50.000          20.000          
  clkfb            {0.000 5.000}      10.000          100.000         


------------------------------------------------------------------------------------------------
| Intra Clock Table
| -----------------
------------------------------------------------------------------------------------------------

Clock                  WNS(ns)      TNS(ns)  TNS Failing Endpoints  TNS Total Endpoints      WHS(ns)      THS(ns)  THS Failing Endpoints  THS Total Endpoints     WPWS(ns)     TPWS(ns)  TPWS Failing Endpoints  TPWS Total Endpoints  
-----                  -------      -------  ---------------------  -------------------      -------      -------  ---------------------  -------------------     --------     --------  ----------------------  --------------------  
sys_clk_pin                                                                                                                                                          3.000        0.000                       0                     1  
  clk_out20_unbuf       38.157        0.000                      0                17723        0.023        0.000                      0                17723       24.020        0.000                       0                  7756  
  clkfb                                                                                                                                                              8.751        0.000                       0                     2  


------------------------------------------------------------------------------------------------
| Inter Clock Table
| -----------------
------------------------------------------------------------------------------------------------

From Clock    To Clock          WNS(ns)      TNS(ns)  TNS Failing Endpoints  TNS Total Endpoints      WHS(ns)      THS(ns)  THS Failing Endpoints  THS Total Endpoints  
----------    --------          -------      -------  ---------------------  -------------------      -------      -------  ---------------------  -------------------  


------------------------------------------------------------------------------------------------
| Other Path Groups Table
| -----------------------
------------------------------------------------------------------------------------------------

Path Group    From Clock    To Clock          WNS(ns)      TNS(ns)  TNS Failing Endpoints  TNS Total Endpoints      WHS(ns)      THS(ns)  THS Failing Endpoints  THS Total Endpoints  
----------    ----------    --------          -------      -------  ---------------------  -------------------      -------      -------  ---------------------  -------------------  


------------------------------------------------------------------------------------------------
| User Ignored Path Table
| -----------------------
------------------------------------------------------------------------------------------------

Path Group    From Clock    To Clock    
----------    ----------    --------    


------------------------------------------------------------------------------------------------
| Unconstrained Path Table
| ------------------------
------------------------------------------------------------------------------------------------

Path Group       From Clock       To Clock       
----------       ----------       --------       
(none)           clk_out20_unbuf                   
(none)                            clk_out20_unbuf  


------------------------------------------------------------------------------------------------
| Timing Details
| --------------
------------------------------------------------------------------------------------------------


---------------------------------------------------------------------------------------------------
From Clock:  sys_clk_pin
  To Clock:  sys_clk_pin

Setup :           NA  Failing Endpoints,  Worst Slack           NA  ,  Total Violation           NA
Hold  :           NA  Failing Endpoints,  Worst Slack           NA  ,  Total Violation           NA
PW    :            0  Failing Endpoints,  Worst Slack        3.000ns,  Total Violation        0.000ns
---------------------------------------------------------------------------------------------------


Pulse Width Checks
--------------------------------------------------------------------------------------
Clock Name:         sys_clk_pin
Waveform(ns):       { 0.000 5.000 }
Period(ns):         10.000
Sources:            { clk_pin100 }

Check Type        Corner  Lib Pin            Reference Pin  Required(ns)  Actual(ns)  Slack(ns)  Location         Pin
Min Period        n/a     MMCME2_ADV/CLKIN1  n/a            1.249         10.000      8.751      MMCME2_ADV_X1Y1  u_clk_gen/u_mmcm/CLKIN1
Max Period        n/a     MMCME2_ADV/CLKIN1  n/a            100.000       10.000      90.000     MMCME2_ADV_X1Y1  u_clk_gen/u_mmcm/CLKIN1
Low Pulse Width   Slow    MMCME2_ADV/CLKIN1  n/a            2.000         5.000       3.000      MMCME2_ADV_X1Y1  u_clk_gen/u_mmcm/CLKIN1
Low Pulse Width   Fast    MMCME2_ADV/CLKIN1  n/a            2.000         5.000       3.000      MMCME2_ADV_X1Y1  u_clk_gen/u_mmcm/CLKIN1
High Pulse Width  Slow    MMCME2_ADV/CLKIN1  n/a            2.000         5.000       3.000      MMCME2_ADV_X1Y1  u_clk_gen/u_mmcm/CLKIN1
High Pulse Width  Fast    MMCME2_ADV/CLKIN1  n/a            2.000         5.000       3.000      MMCME2_ADV_X1Y1  u_clk_gen/u_mmcm/CLKIN1



---------------------------------------------------------------------------------------------------
From Clock:  clk_out20_unbuf
  To Clock:  clk_out20_unbuf

Setup :            0  Failing Endpoints,  Worst Slack       38.157ns,  Total Violation        0.000ns
Hold  :            0  Failing Endpoints,  Worst Slack        0.023ns,  Total Violation        0.000ns
PW    :            0  Failing Endpoints,  Worst Slack       24.020ns,  Total Violation        0.000ns
---------------------------------------------------------------------------------------------------


Max Delay Paths
--------------------------------------------------------------------------------------
Slack (MET) :             38.157ns  (required time - arrival time)
  Source:                 u_iface/u_matmul/grp_matmul_4x4x4_Pipeline_time_loop_fu_778/k_fu_376_reg[3]/C
                            (rising edge-triggered cell FDRE clocked by clk_out20_unbuf  {rise@0.000ns fall@25.000ns period=50.000ns})
  Destination:            u_iface/u_matmul/grp_matmul_4x4x4_Pipeline_time_loop_fu_778/a_in_9_fu_424_reg[1]/CE
                            (rising edge-triggered cell FDRE clocked by clk_out20_unbuf  {rise@0.000ns fall@25.000ns period=50.000ns})
  Path Group:             clk_out20_unbuf
  Path Type:              Setup (Max at Slow Process Corner)
  Requirement:            50.000ns  (clk_out20_unbuf rise@50.000ns - clk_out20_unbuf rise@0.000ns)
  Data Path Delay:        11.343ns  (logic 0.609ns (5.369%)  route 10.734ns (94.631%))
  Logic Levels:           1  (LUT5=1)
  Clock Path Skew:        -0.030ns (DCD - SCD + CPR)
    Destination Clock Delay (DCD):    5.773ns = ( 55.773 - 50.000 ) 
    Source Clock Delay      (SCD):    6.114ns
    Clock Pessimism Removal (CPR):    0.311ns
  Clock Uncertainty:      0.094ns  ((TSJ^2 + DJ^2)^1/2) / 2 + PE
    Total System Jitter     (TSJ):    0.071ns
    Discrete Jitter          (DJ):    0.175ns
    Phase Error              (PE):    0.000ns

    Location             Delay type                Incr(ns)  Path(ns)    Netlist Resource(s)
  -------------------------------------------------------------------    -------------------
                         (clock clk_out20_unbuf rise edge)
                                                      0.000     0.000 r  <hidden>
    E3                                                0.000     0.000 r  clk_pin100
                         net (fo=0)                   0.000     0.000    clk_pin100
    E3                   IBUF (Prop_ibuf_I_O)         1.489     1.489 r  clk_pin100_IBUF_inst/O
                         net (fo=1, routed)           1.233     2.722    u_clk_gen/clk_in100
    MMCME2_ADV_X1Y1      MMCME2_ADV (Prop_mmcme2_adv_CLKIN1_CLKOUT0)
                                                      0.088     2.810 r  u_clk_gen/u_mmcm/CLKOUT0
                         net (fo=1, routed)           1.661     4.471    u_clk_gen/clk_out20_unbuf
    BUFGCTRL_X0Y16       BUFG (Prop_bufg_I_O)         0.096     4.567 r  u_clk_gen/u_bufg/O
                         net (fo=7758, routed)        1.547     6.114    u_iface/u_matmul/grp_matmul_4x4x4_Pipeline_time_loop_fu_778/clk_out20
    SLICE_X36Y87         FDRE                                         r  u_iface/u_matmul/grp_matmul_4x4x4_Pipeline_time_loop_fu_778/k_fu_376_reg[3]/C
  -------------------------------------------------------------------    -------------------
    SLICE_X36Y87         FDRE (Prop_fdre_C_Q)         0.456     6.570 f  u_iface/u_matmul/grp_matmul_4x4x4_Pipeline_time_loop_fu_778/k_fu_376_reg[3]/Q
                         net (fo=134, routed)         3.066     9.636    u_iface/u_matmul/grp_matmul_4x4x4_Pipeline_time_loop_fu_778/mul_21s_21s_42_1_1_U127/tmp_product_0[3]
    SLICE_X34Y85         LUT5 (Prop_lut5_I1_O)        0.153     9.789 r  u_iface/u_matmul/grp_matmul_4x4x4_Pipeline_time_loop_fu_778/mul_21s_21s_42_1_1_U127/a_in_9_fu_424[20]_i_1/O
                         net (fo=310, routed)         7.668    17.457    u_iface/u_matmul/grp_matmul_4x4x4_Pipeline_time_loop_fu_778/mul_21s_21s_42_1_1_U127_n_27
    SLICE_X56Y60         FDRE                                         r  u_iface/u_matmul/grp_matmul_4x4x4_Pipeline_time_loop_fu_778/a_in_9_fu_424_reg[1]/CE
  -------------------------------------------------------------------    -------------------

                         (clock clk_out20_unbuf rise edge)
                                                     50.000    50.000 r  <hidden>
    E3                                                0.000    50.000 r  clk_pin100
                         net (fo=0)                   0.000    50.000    clk_pin100
    E3                   IBUF (Prop_ibuf_I_O)         1.418    51.418 r  clk_pin100_IBUF_inst/O
                         net (fo=1, routed)           1.162    52.580    u_clk_gen/clk_in100
    MMCME2_ADV_X1Y1      MMCME2_ADV (Prop_mmcme2_adv_CLKIN1_CLKOUT0)
                                                      0.083    52.663 r  u_clk_gen/u_mmcm/CLKOUT0
                         net (fo=1, routed)           1.581    54.244    u_clk_gen/clk_out20_unbuf
    BUFGCTRL_X0Y16       BUFG (Prop_bufg_I_O)         0.091    54.335 r  u_clk_gen/u_bufg/O
                         net (fo=7758, routed)        1.438    55.773    u_iface/u_matmul/grp_matmul_4x4x4_Pipeline_time_loop_fu_778/clk_out20
    SLICE_X56Y60         FDRE                                         r  u_iface/u_matmul/grp_matmul_4x4x4_Pipeline_time_loop_fu_778/a_in_9_fu_424_reg[1]/C
                         clock pessimism              0.311    56.084    <hidden>
                         clock uncertainty           -0.094    55.990    <hidden>
    SLICE_X56Y60         FDRE (Setup_fdre_C_CE)      -0.376    55.614    u_iface/u_matmul/grp_matmul_4x4x4_Pipeline_time_loop_fu_778/a_in_9_fu_424_reg[1]
  -------------------------------------------------------------------
                         required time                         55.614    <hidden>
                         arrival time                         -17.457    <hidden>
  -------------------------------------------------------------------
                         slack                                 38.157    <hidden>

Slack (MET) :             38.216ns  (required time - arrival time)
  Source:                 u_iface/u_matmul/grp_matmul_4x4x4_Pipeline_time_loop_fu_778/k_fu_376_reg[3]/C
                            (rising edge-triggered cell FDRE clocked by clk_out20_unbuf  {rise@0.000ns fall@25.000ns period=50.000ns})
  Destination:            u_iface/u_matmul/grp_matmul_4x4x4_Pipeline_time_loop_fu_778/mul_21s_21s_42_1_1_U130/tmp_product/CEB1
                            (rising edge-triggered cell DSP48E1 clocked by clk_out20_unbuf  {rise@0.000ns fall@25.000ns period=50.000ns})
  Path Group:             clk_out20_unbuf
  Path Type:              Setup (Max at Slow Process Corner)
  Requirement:            50.000ns  (clk_out20_unbuf rise@50.000ns - clk_out20_unbuf rise@0.000ns)
  Data Path Delay:        11.026ns  (logic 0.609ns (5.523%)  route 10.417ns (94.477%))
  Logic Levels:           1  (LUT5=1)
  Clock Path Skew:        0.058ns (DCD - SCD + CPR)
    Destination Clock Delay (DCD):    5.860ns = ( 55.860 - 50.000 ) 
    Source Clock Delay      (SCD):    6.114ns
    Clock Pessimism Removal (CPR):    0.311ns
  Clock Uncertainty:      0.094ns  ((TSJ^2 + DJ^2)^1/2) / 2 + PE
    Total System Jitter     (TSJ):    0.071ns
    Discrete Jitter          (DJ):    0.175ns
    Phase Error              (PE):    0.000ns

    Location             Delay type                Incr(ns)  Path(ns)    Netlist Resource(s)
  -------------------------------------------------------------------    -------------------
                         (clock clk_out20_unbuf rise edge)
                                                      0.000     0.000 r  <hidden>
    E3                                                0.000     0.000 r  clk_pin100
                         net (fo=0)                   0.000     0.000    clk_pin100
    E3                   IBUF (Prop_ibuf_I_O)         1.489     1.489 r  clk_pin100_IBUF_inst/O
                         net (fo=1, routed)           1.233     2.722    u_clk_gen/clk_in100
    MMCME2_ADV_X1Y1      MMCME2_ADV (Prop_mmcme2_adv_CLKIN1_CLKOUT0)
                                                      0.088     2.810 r  u_clk_gen/u_mmcm/CLKOUT0
                         net (fo=1, routed)           1.661     4.471    u_clk_gen/clk_out20_unbuf
    BUFGCTRL_X0Y16       BUFG (Prop_bufg_I_O)         0.096     4.567 r  u_clk_gen/u_bufg/O
                         net (fo=7758, routed)        1.547     6.114    u_iface/u_matmul/grp_matmul_4x4x4_Pipeline_time_loop_fu_778/clk_out20
    SLICE_X36Y87         FDRE                                         r  u_iface/u_matmul/grp_matmul_4x4x4_Pipeline_time_loop_fu_778/k_fu_376_reg[3]/C
  -------------------------------------------------------------------    -------------------
    SLICE_X36Y87         FDRE (Prop_fdre_C_Q)         0.456     6.570 f  u_iface/u_matmul/grp_matmul_4x4x4_Pipeline_time_loop_fu_778/k_fu_376_reg[3]/Q
                         net (fo=134, routed)         3.066     9.636    u_iface/u_matmul/grp_matmul_4x4x4_Pipeline_time_loop_fu_778/mul_21s_21s_42_1_1_U127/tmp_product_0[3]
    SLICE_X34Y85         LUT5 (Prop_lut5_I1_O)        0.153     9.789 r  u_iface/u_matmul/grp_matmul_4x4x4_Pipeline_time_loop_fu_778/mul_21s_21s_42_1_1_U127/a_in_9_fu_424[20]_i_1/O
                         net (fo=310, routed)         7.352    17.140    u_iface/u_matmul/grp_matmul_4x4x4_Pipeline_time_loop_fu_778/mul_21s_21s_42_1_1_U130/E[0]
    DSP48_X1Y24          DSP48E1                                      r  u_iface/u_matmul/grp_matmul_4x4x4_Pipeline_time_loop_fu_778/mul_21s_21s_42_1_1_U130/tmp_product/CEB1
  -------------------------------------------------------------------    -------------------

                         (clock clk_out20_unbuf rise edge)
                                                     50.000    50.000 r  <hidden>
    E3                                                0.000    50.000 r  clk_pin100
                         net (fo=0)                   0.000    50.000    clk_pin100
    E3                   IBUF (Prop_ibuf_I_O)         1.418    51.418 r  clk_pin100_IBUF_inst/O
                         net (fo=1, routed)           1.162    52.580    u_clk_gen/clk_in100
    MMCME2_ADV_X1Y1      MMCME2_ADV (Prop_mmcme2_adv_CLKIN1_CLKOUT0)
                                                      0.083    52.663 r  u_clk_gen/u_mmcm/CLKOUT0
                         net (fo=1, routed)           1.581    54.244    u_clk_gen/clk_out20_unbuf
    BUFGCTRL_X0Y16       BUFG (Prop_bufg_I_O)         0.091    54.335 r  u_clk_gen/u_bufg/O
                         net (fo=7758, routed)        1.525    55.860    u_iface/u_matmul/grp_matmul_4x4x4_Pipeline_time_loop_fu_778/mul_21s_21s_42_1_1_U130/clk_out20
    DSP48_X1Y24          DSP48E1                                      r  u_iface/u_matmul/grp_matmul_4x4x4_Pipeline_time_loop_fu_778/mul_21s_21s_42_1_1_U130/tmp_product/CLK
                         clock pessimism              0.311    56.172    <hidden>
                         clock uncertainty           -0.094    56.077    <hidden>
    DSP48_X1Y24          DSP48E1 (Setup_dsp48e1_CLK_CEB1)
                                                     -0.721    55.356    u_iface/u_matmul/grp_matmul_4x4x4_Pipeline_time_loop_fu_778/mul_21s_21s_42_1_1_U130/tmp_product
  -------------------------------------------------------------------
                         required time                         55.356    <hidden>
                         arrival time                         -17.140    <hidden>
  -------------------------------------------------------------------
                         slack                                 38.216    <hidden>

Slack (MET) :             38.216ns  (required time - arrival time)
  Source:                 u_iface/u_matmul/grp_matmul_4x4x4_Pipeline_time_loop_fu_778/k_fu_376_reg[3]/C
                            (rising edge-triggered cell FDRE clocked by clk_out20_unbuf  {rise@0.000ns fall@25.000ns period=50.000ns})
  Destination:            u_iface/u_matmul/grp_matmul_4x4x4_Pipeline_time_loop_fu_778/mul_21s_21s_42_1_1_U130/tmp_product/CEB2
                            (rising edge-triggered cell DSP48E1 clocked by clk_out20_unbuf  {rise@0.000ns fall@25.000ns period=50.000ns})
  Path Group:             clk_out20_unbuf
  Path Type:              Setup (Max at Slow Process Corner)
  Requirement:            50.000ns  (clk_out20_unbuf rise@50.000ns - clk_out20_unbuf rise@0.000ns)
  Data Path Delay:        11.026ns  (logic 0.609ns (5.523%)  route 10.417ns (94.477%))
  Logic Levels:           1  (LUT5=1)
  Clock Path Skew:        0.058ns (DCD - SCD + CPR)
    Destination Clock Delay (DCD):    5.860ns = ( 55.860 - 50.000 ) 
    Source Clock Delay      (SCD):    6.114ns
    Clock Pessimism Removal (CPR):    0.311ns
  Clock Uncertainty:      0.094ns  ((TSJ^2 + DJ^2)^1/2) / 2 + PE
    Total System Jitter     (TSJ):    0.071ns
    Discrete Jitter          (DJ):    0.175ns
    Phase Error              (PE):    0.000ns

    Location             Delay type                Incr(ns)  Path(ns)    Netlist Resource(s)
  -------------------------------------------------------------------    -------------------
                         (clock clk_out20_unbuf rise edge)
                                                      0.000     0.000 r  <hidden>
    E3                                                0.000     0.000 r  clk_pin100
                         net (fo=0)                   0.000     0.000    clk_pin100
    E3                   IBUF (Prop_ibuf_I_O)         1.489     1.489 r  clk_pin100_IBUF_inst/O
                         net (fo=1, routed)           1.233     2.722    u_clk_gen/clk_in100
    MMCME2_ADV_X1Y1      MMCME2_ADV (Prop_mmcme2_adv_CLKIN1_CLKOUT0)
                                                      0.088     2.810 r  u_clk_gen/u_mmcm/CLKOUT0
                         net (fo=1, routed)           1.661     4.471    u_clk_gen/clk_out20_unbuf
    BUFGCTRL_X0Y16       BUFG (Prop_bufg_I_O)         0.096     4.567 r  u_clk_gen/u_bufg/O
                         net (fo=7758, routed)        1.547     6.114    u_iface/u_matmul/grp_matmul_4x4x4_Pipeline_time_loop_fu_778/clk_out20
    SLICE_X36Y87         FDRE                                         r  u_iface/u_matmul/grp_matmul_4x4x4_Pipeline_time_loop_fu_778/k_fu_376_reg[3]/C
  -------------------------------------------------------------------    -------------------
    SLICE_X36Y87         FDRE (Prop_fdre_C_Q)         0.456     6.570 f  u_iface/u_matmul/grp_matmul_4x4x4_Pipeline_time_loop_fu_778/k_fu_376_reg[3]/Q
                         net (fo=134, routed)         3.066     9.636    u_iface/u_matmul/grp_matmul_4x4x4_Pipeline_time_loop_fu_778/mul_21s_21s_42_1_1_U127/tmp_product_0[3]
    SLICE_X34Y85         LUT5 (Prop_lut5_I1_O)        0.153     9.789 r  u_iface/u_matmul/grp_matmul_4x4x4_Pipeline_time_loop_fu_778/mul_21s_21s_42_1_1_U127/a_in_9_fu_424[20]_i_1/O
                         net (fo=310, routed)         7.352    17.140    u_iface/u_matmul/grp_matmul_4x4x4_Pipeline_time_loop_fu_778/mul_21s_21s_42_1_1_U130/E[0]
    DSP48_X1Y24          DSP48E1                                      r  u_iface/u_matmul/grp_matmul_4x4x4_Pipeline_time_loop_fu_778/mul_21s_21s_42_1_1_U130/tmp_product/CEB2
  -------------------------------------------------------------------    -------------------

                         (clock clk_out20_unbuf rise edge)
                                                     50.000    50.000 r  <hidden>
    E3                                                0.000    50.000 r  clk_pin100
                         net (fo=0)                   0.000    50.000    clk_pin100
    E3                   IBUF (Prop_ibuf_I_O)         1.418    51.418 r  clk_pin100_IBUF_inst/O
                         net (fo=1, routed)           1.162    52.580    u_clk_gen/clk_in100
    MMCME2_ADV_X1Y1      MMCME2_ADV (Prop_mmcme2_adv_CLKIN1_CLKOUT0)
                                                      0.083    52.663 r  u_clk_gen/u_mmcm/CLKOUT0
                         net (fo=1, routed)           1.581    54.244    u_clk_gen/clk_out20_unbuf
    BUFGCTRL_X0Y16       BUFG (Prop_bufg_I_O)         0.091    54.335 r  u_clk_gen/u_bufg/O
                         net (fo=7758, routed)        1.525    55.860    u_iface/u_matmul/grp_matmul_4x4x4_Pipeline_time_loop_fu_778/mul_21s_21s_42_1_1_U130/clk_out20
    DSP48_X1Y24          DSP48E1                                      r  u_iface/u_matmul/grp_matmul_4x4x4_Pipeline_time_loop_fu_778/mul_21s_21s_42_1_1_U130/tmp_product/CLK
                         clock pessimism              0.311    56.172    <hidden>
                         clock uncertainty           -0.094    56.077    <hidden>
    DSP48_X1Y24          DSP48E1 (Setup_dsp48e1_CLK_CEB2)
                                                     -0.721    55.356    u_iface/u_matmul/grp_matmul_4x4x4_Pipeline_time_loop_fu_778/mul_21s_21s_42_1_1_U130/tmp_product
  -------------------------------------------------------------------
                         required time                         55.356    <hidden>
                         arrival time                         -17.140    <hidden>
  -------------------------------------------------------------------
                         slack                                 38.216    <hidden>

Slack (MET) :             38.233ns  (required time - arrival time)
  Source:                 u_iface/u_matmul/grp_matmul_4x4x4_Pipeline_time_loop_fu_778/k_fu_376_reg[3]/C
                            (rising edge-triggered cell FDRE clocked by clk_out20_unbuf  {rise@0.000ns fall@25.000ns period=50.000ns})
  Destination:            u_iface/u_matmul/grp_matmul_4x4x4_Pipeline_time_loop_fu_778/mul_21s_21s_42_1_1_U130/tmp_product/CEA2
                            (rising edge-triggered cell DSP48E1 clocked by clk_out20_unbuf  {rise@0.000ns fall@25.000ns period=50.000ns})
  Path Group:             clk_out20_unbuf
  Path Type:              Setup (Max at Slow Process Corner)
  Requirement:            50.000ns  (clk_out20_unbuf rise@50.000ns - clk_out20_unbuf rise@0.000ns)
  Data Path Delay:        11.026ns  (logic 0.609ns (5.523%)  route 10.417ns (94.477%))
  Logic Levels:           1  (LUT5=1)
  Clock Path Skew:        0.058ns (DCD - SCD + CPR)
    Destination Clock Delay (DCD):    5.860ns = ( 55.860 - 50.000 ) 
    Source Clock Delay      (SCD):    6.114ns
    Clock Pessimism Removal (CPR):    0.311ns
  Clock Uncertainty:      0.094ns  ((TSJ^2 + DJ^2)^1/2) / 2 + PE
    Total System Jitter     (TSJ):    0.071ns
    Discrete Jitter          (DJ):    0.175ns
    Phase Error              (PE):    0.000ns

    Location             Delay type                Incr(ns)  Path(ns)    Netlist Resource(s)
  -------------------------------------------------------------------    -------------------
                         (clock clk_out20_unbuf rise edge)
                                                      0.000     0.000 r  <hidden>
    E3                                                0.000     0.000 r  clk_pin100
                         net (fo=0)                   0.000     0.000    clk_pin100
    E3                   IBUF (Prop_ibuf_I_O)         1.489     1.489 r  clk_pin100_IBUF_inst/O
                         net (fo=1, routed)           1.233     2.722    u_clk_gen/clk_in100
    MMCME2_ADV_X1Y1      MMCME2_ADV (Prop_mmcme2_adv_CLKIN1_CLKOUT0)
                                                      0.088     2.810 r  u_clk_gen/u_mmcm/CLKOUT0
                         net (fo=1, routed)           1.661     4.471    u_clk_gen/clk_out20_unbuf
    BUFGCTRL_X0Y16       BUFG (Prop_bufg_I_O)         0.096     4.567 r  u_clk_gen/u_bufg/O
                         net (fo=7758, routed)        1.547     6.114    u_iface/u_matmul/grp_matmul_4x4x4_Pipeline_time_loop_fu_778/clk_out20
    SLICE_X36Y87         FDRE                                         r  u_iface/u_matmul/grp_matmul_4x4x4_Pipeline_time_loop_fu_778/k_fu_376_reg[3]/C
  -------------------------------------------------------------------    -------------------
    SLICE_X36Y87         FDRE (Prop_fdre_C_Q)         0.456     6.570 f  u_iface/u_matmul/grp_matmul_4x4x4_Pipeline_time_loop_fu_778/k_fu_376_reg[3]/Q
                         net (fo=134, routed)         3.066     9.636    u_iface/u_matmul/grp_matmul_4x4x4_Pipeline_time_loop_fu_778/mul_21s_21s_42_1_1_U127/tmp_product_0[3]
    SLICE_X34Y85         LUT5 (Prop_lut5_I1_O)        0.153     9.789 r  u_iface/u_matmul/grp_matmul_4x4x4_Pipeline_time_loop_fu_778/mul_21s_21s_42_1_1_U127/a_in_9_fu_424[20]_i_1/O
                         net (fo=310, routed)         7.352    17.140    u_iface/u_matmul/grp_matmul_4x4x4_Pipeline_time_loop_fu_778/mul_21s_21s_42_1_1_U130/E[0]
    DSP48_X1Y24          DSP48E1                                      r  u_iface/u_matmul/grp_matmul_4x4x4_Pipeline_time_loop_fu_778/mul_21s_21s_42_1_1_U130/tmp_product/CEA2
  -------------------------------------------------------------------    -------------------

                         (clock clk_out20_unbuf rise edge)
                                                     50.000    50.000 r  <hidden>
    E3                                                0.000    50.000 r  clk_pin100
                         net (fo=0)                   0.000    50.000    clk_pin100
    E3                   IBUF (Prop_ibuf_I_O)         1.418    51.418 r  clk_pin100_IBUF_inst/O
                         net (fo=1, routed)           1.162    52.580    u_clk_gen/clk_in100
    MMCME2_ADV_X1Y1      MMCME2_ADV (Prop_mmcme2_adv_CLKIN1_CLKOUT0)
                                                      0.083    52.663 r  u_clk_gen/u_mmcm/CLKOUT0
                         net (fo=1, routed)           1.581    54.244    u_clk_gen/clk_out20_unbuf
    BUFGCTRL_X0Y16       BUFG (Prop_bufg_I_O)         0.091    54.335 r  u_clk_gen/u_bufg/O
                         net (fo=7758, routed)        1.525    55.860    u_iface/u_matmul/grp_matmul_4x4x4_Pipeline_time_loop_fu_778/mul_21s_21s_42_1_1_U130/clk_out20
    DSP48_X1Y24          DSP48E1                                      r  u_iface/u_matmul/grp_matmul_4x4x4_Pipeline_time_loop_fu_778/mul_21s_21s_42_1_1_U130/tmp_product/CLK
                         clock pessimism              0.311    56.172    <hidden>
                         clock uncertainty           -0.094    56.077    <hidden>
    DSP48_X1Y24          DSP48E1 (Setup_dsp48e1_CLK_CEA2)
                                                     -0.704    55.373    u_iface/u_matmul/grp_matmul_4x4x4_Pipeline_time_loop_fu_778/mul_21s_21s_42_1_1_U130/tmp_product
  -------------------------------------------------------------------
                         required time                         55.373    <hidden>
                         arrival time                         -17.140    <hidden>
  -------------------------------------------------------------------
                         slack                                 38.233    <hidden>

Slack (MET) :             38.386ns  (required time - arrival time)
  Source:                 u_iface/u_matmul/grp_matmul_4x4x4_Pipeline_time_loop_fu_778/k_fu_376_reg[3]/C
                            (rising edge-triggered cell FDRE clocked by clk_out20_unbuf  {rise@0.000ns fall@25.000ns period=50.000ns})
  Destination:            u_iface/u_matmul/grp_matmul_4x4x4_Pipeline_time_loop_fu_778/mul_21s_21s_42_1_1_U127/tmp_product/CEB1
                            (rising edge-triggered cell DSP48E1 clocked by clk_out20_unbuf  {rise@0.000ns fall@25.000ns period=50.000ns})
  Path Group:             clk_out20_unbuf
  Path Type:              Setup (Max at Slow Process Corner)
  Requirement:            50.000ns  (clk_out20_unbuf rise@50.000ns - clk_out20_unbuf rise@0.000ns)
  Data Path Delay:        10.854ns  (logic 0.609ns (5.611%)  route 10.245ns (94.389%))
  Logic Levels:           1  (LUT5=1)
  Clock Path Skew:        0.056ns (DCD - SCD + CPR)
    Destination Clock Delay (DCD):    5.858ns = ( 55.858 - 50.000 ) 
    Source Clock Delay      (SCD):    6.114ns
    Clock Pessimism Removal (CPR):    0.311ns
  Clock Uncertainty:      0.094ns  ((TSJ^2 + DJ^2)^1/2) / 2 + PE
    Total System Jitter     (TSJ):    0.071ns
    Discrete Jitter          (DJ):    0.175ns
    Phase Error              (PE):    0.000ns

    Location             Delay type                Incr(ns)  Path(ns)    Netlist Resource(s)
  -------------------------------------------------------------------    -------------------
                         (clock clk_out20_unbuf rise edge)
                                                      0.000     0.000 r  <hidden>
    E3                                                0.000     0.000 r  clk_pin100
                         net (fo=0)                   0.000     0.000    clk_pin100
    E3                   IBUF (Prop_ibuf_I_O)         1.489     1.489 r  clk_pin100_IBUF_inst/O
                         net (fo=1, routed)           1.233     2.722    u_clk_gen/clk_in100
    MMCME2_ADV_X1Y1      MMCME2_ADV (Prop_mmcme2_adv_CLKIN1_CLKOUT0)
                                                      0.088     2.810 r  u_clk_gen/u_mmcm/CLKOUT0
                         net (fo=1, routed)           1.661     4.471    u_clk_gen/clk_out20_unbuf
    BUFGCTRL_X0Y16       BUFG (Prop_bufg_I_O)         0.096     4.567 r  u_clk_gen/u_bufg/O
                         net (fo=7758, routed)        1.547     6.114    u_iface/u_matmul/grp_matmul_4x4x4_Pipeline_time_loop_fu_778/clk_out20
    SLICE_X36Y87         FDRE                                         r  u_iface/u_matmul/grp_matmul_4x4x4_Pipeline_time_loop_fu_778/k_fu_376_reg[3]/C
  -------------------------------------------------------------------    -------------------
    SLICE_X36Y87         FDRE (Prop_fdre_C_Q)         0.456     6.570 f  u_iface/u_matmul/grp_matmul_4x4x4_Pipeline_time_loop_fu_778/k_fu_376_reg[3]/Q
                         net (fo=134, routed)         3.066     9.636    u_iface/u_matmul/grp_matmul_4x4x4_Pipeline_time_loop_fu_778/mul_21s_21s_42_1_1_U127/tmp_product_0[3]
    SLICE_X34Y85         LUT5 (Prop_lut5_I1_O)        0.153     9.789 r  u_iface/u_matmul/grp_matmul_4x4x4_Pipeline_time_loop_fu_778/mul_21s_21s_42_1_1_U127/a_in_9_fu_424[20]_i_1/O
                         net (fo=310, routed)         7.180    16.969    u_iface/u_matmul/grp_matmul_4x4x4_Pipeline_time_loop_fu_778/mul_21s_21s_42_1_1_U127/E[0]
    DSP48_X1Y25          DSP48E1                                      r  u_iface/u_matmul/grp_matmul_4x4x4_Pipeline_time_loop_fu_778/mul_21s_21s_42_1_1_U127/tmp_product/CEB1
  -------------------------------------------------------------------    -------------------

                         (clock clk_out20_unbuf rise edge)
                                                     50.000    50.000 r  <hidden>
    E3                                                0.000    50.000 r  clk_pin100
                         net (fo=0)                   0.000    50.000    clk_pin100
    E3                   IBUF (Prop_ibuf_I_O)         1.418    51.418 r  clk_pin100_IBUF_inst/O
                         net (fo=1, routed)           1.162    52.580    u_clk_gen/clk_in100
    MMCME2_ADV_X1Y1      MMCME2_ADV (Prop_mmcme2_adv_CLKIN1_CLKOUT0)
                                                      0.083    52.663 r  u_clk_gen/u_mmcm/CLKOUT0
                         net (fo=1, routed)           1.581    54.244    u_clk_gen/clk_out20_unbuf
    BUFGCTRL_X0Y16       BUFG (Prop_bufg_I_O)         0.091    54.335 r  u_clk_gen/u_bufg/O
                         net (fo=7758, routed)        1.523    55.858    u_iface/u_matmul/grp_matmul_4x4x4_Pipeline_time_loop_fu_778/mul_21s_21s_42_1_1_U127/clk_out20
    DSP48_X1Y25          DSP48E1                                      r  u_iface/u_matmul/grp_matmul_4x4x4_Pipeline_time_loop_fu_778/mul_21s_21s_42_1_1_U127/tmp_product/CLK
                         clock pessimism              0.311    56.170    <hidden>
                         clock uncertainty           -0.094    56.075    <hidden>
    DSP48_X1Y25          DSP48E1 (Setup_dsp48e1_CLK_CEB1)
                                                     -0.721    55.354    u_iface/u_matmul/grp_matmul_4x4x4_Pipeline_time_loop_fu_778/mul_21s_21s_42_1_1_U127/tmp_product
  -------------------------------------------------------------------
                         required time                         55.354    <hidden>
                         arrival time                         -16.969    <hidden>
  -------------------------------------------------------------------
                         slack                                 38.386    <hidden>

Slack (MET) :             38.386ns  (required time - arrival time)
  Source:                 u_iface/u_matmul/grp_matmul_4x4x4_Pipeline_time_loop_fu_778/k_fu_376_reg[3]/C
                            (rising edge-triggered cell FDRE clocked by clk_out20_unbuf  {rise@0.000ns fall@25.000ns period=50.000ns})
  Destination:            u_iface/u_matmul/grp_matmul_4x4x4_Pipeline_time_loop_fu_778/mul_21s_21s_42_1_1_U127/tmp_product/CEB2
                            (rising edge-triggered cell DSP48E1 clocked by clk_out20_unbuf  {rise@0.000ns fall@25.000ns period=50.000ns})
  Path Group:             clk_out20_unbuf
  Path Type:              Setup (Max at Slow Process Corner)
  Requirement:            50.000ns  (clk_out20_unbuf rise@50.000ns - clk_out20_unbuf rise@0.000ns)
  Data Path Delay:        10.854ns  (logic 0.609ns (5.611%)  route 10.245ns (94.389%))
  Logic Levels:           1  (LUT5=1)
  Clock Path Skew:        0.056ns (DCD - SCD + CPR)
    Destination Clock Delay (DCD):    5.858ns = ( 55.858 - 50.000 ) 
    Source Clock Delay      (SCD):    6.114ns
    Clock Pessimism Removal (CPR):    0.311ns
  Clock Uncertainty:      0.094ns  ((TSJ^2 + DJ^2)^1/2) / 2 + PE
    Total System Jitter     (TSJ):    0.071ns
    Discrete Jitter          (DJ):    0.175ns
    Phase Error              (PE):    0.000ns

    Location             Delay type                Incr(ns)  Path(ns)    Netlist Resource(s)
  -------------------------------------------------------------------    -------------------
                         (clock clk_out20_unbuf rise edge)
                                                      0.000     0.000 r  <hidden>
    E3                                                0.000     0.000 r  clk_pin100
                         net (fo=0)                   0.000     0.000    clk_pin100
    E3                   IBUF (Prop_ibuf_I_O)         1.489     1.489 r  clk_pin100_IBUF_inst/O
                         net (fo=1, routed)           1.233     2.722    u_clk_gen/clk_in100
    MMCME2_ADV_X1Y1      MMCME2_ADV (Prop_mmcme2_adv_CLKIN1_CLKOUT0)
                                                      0.088     2.810 r  u_clk_gen/u_mmcm/CLKOUT0
                         net (fo=1, routed)           1.661     4.471    u_clk_gen/clk_out20_unbuf
    BUFGCTRL_X0Y16       BUFG (Prop_bufg_I_O)         0.096     4.567 r  u_clk_gen/u_bufg/O
                         net (fo=7758, routed)        1.547     6.114    u_iface/u_matmul/grp_matmul_4x4x4_Pipeline_time_loop_fu_778/clk_out20
    SLICE_X36Y87         FDRE                                         r  u_iface/u_matmul/grp_matmul_4x4x4_Pipeline_time_loop_fu_778/k_fu_376_reg[3]/C
  -------------------------------------------------------------------    -------------------
    SLICE_X36Y87         FDRE (Prop_fdre_C_Q)         0.456     6.570 f  u_iface/u_matmul/grp_matmul_4x4x4_Pipeline_time_loop_fu_778/k_fu_376_reg[3]/Q
                         net (fo=134, routed)         3.066     9.636    u_iface/u_matmul/grp_matmul_4x4x4_Pipeline_time_loop_fu_778/mul_21s_21s_42_1_1_U127/tmp_product_0[3]
    SLICE_X34Y85         LUT5 (Prop_lut5_I1_O)        0.153     9.789 r  u_iface/u_matmul/grp_matmul_4x4x4_Pipeline_time_loop_fu_778/mul_21s_21s_42_1_1_U127/a_in_9_fu_424[20]_i_1/O
                         net (fo=310, routed)         7.180    16.969    u_iface/u_matmul/grp_matmul_4x4x4_Pipeline_time_loop_fu_778/mul_21s_21s_42_1_1_U127/E[0]
    DSP48_X1Y25          DSP48E1                                      r  u_iface/u_matmul/grp_matmul_4x4x4_Pipeline_time_loop_fu_778/mul_21s_21s_42_1_1_U127/tmp_product/CEB2
  -------------------------------------------------------------------    -------------------

                         (clock clk_out20_unbuf rise edge)
                                                     50.000    50.000 r  <hidden>
    E3                                                0.000    50.000 r  clk_pin100
                         net (fo=0)                   0.000    50.000    clk_pin100
    E3                   IBUF (Prop_ibuf_I_O)         1.418    51.418 r  clk_pin100_IBUF_inst/O
                         net (fo=1, routed)           1.162    52.580    u_clk_gen/clk_in100
    MMCME2_ADV_X1Y1      MMCME2_ADV (Prop_mmcme2_adv_CLKIN1_CLKOUT0)
                                                      0.083    52.663 r  u_clk_gen/u_mmcm/CLKOUT0
                         net (fo=1, routed)           1.581    54.244    u_clk_gen/clk_out20_unbuf
    BUFGCTRL_X0Y16       BUFG (Prop_bufg_I_O)         0.091    54.335 r  u_clk_gen/u_bufg/O
                         net (fo=7758, routed)        1.523    55.858    u_iface/u_matmul/grp_matmul_4x4x4_Pipeline_time_loop_fu_778/mul_21s_21s_42_1_1_U127/clk_out20
    DSP48_X1Y25          DSP48E1                                      r  u_iface/u_matmul/grp_matmul_4x4x4_Pipeline_time_loop_fu_778/mul_21s_21s_42_1_1_U127/tmp_product/CLK
                         clock pessimism              0.311    56.170    <hidden>
                         clock uncertainty           -0.094    56.075    <hidden>
    DSP48_X1Y25          DSP48E1 (Setup_dsp48e1_CLK_CEB2)
                                                     -0.721    55.354    u_iface/u_matmul/grp_matmul_4x4x4_Pipeline_time_loop_fu_778/mul_21s_21s_42_1_1_U127/tmp_product
  -------------------------------------------------------------------
                         required time                         55.354    <hidden>
                         arrival time                         -16.969    <hidden>
  -------------------------------------------------------------------
                         slack                                 38.386    <hidden>

Slack (MET) :             38.527ns  (required time - arrival time)
  Source:                 u_iface/u_matmul/grp_matmul_4x4x4_Pipeline_init_conv_a_i_init_conv_a_k_fu_706_ap_start_reg_reg/C
                            (rising edge-triggered cell FDRE clocked by clk_out20_unbuf  {rise@0.000ns fall@25.000ns period=50.000ns})
  Destination:            u_iface/u_matmul/grp_matmul_4x4x4_Pipeline_init_conv_a_i_init_conv_a_k_fu_706/tmp_11_reg_1641_reg[6]/D
                            (rising edge-triggered cell FDRE clocked by clk_out20_unbuf  {rise@0.000ns fall@25.000ns period=50.000ns})
  Path Group:             clk_out20_unbuf
  Path Type:              Setup (Max at Slow Process Corner)
  Requirement:            50.000ns  (clk_out20_unbuf rise@50.000ns - clk_out20_unbuf rise@0.000ns)
  Data Path Delay:        11.288ns  (logic 1.185ns (10.498%)  route 10.103ns (89.502%))
  Logic Levels:           4  (LUT3=1 LUT4=1 LUT6=2)
  Clock Path Skew:        -0.119ns (DCD - SCD + CPR)
    Destination Clock Delay (DCD):    5.935ns = ( 55.935 - 50.000 ) 
    Source Clock Delay      (SCD):    6.304ns
    Clock Pessimism Removal (CPR):    0.249ns
  Clock Uncertainty:      0.094ns  ((TSJ^2 + DJ^2)^1/2) / 2 + PE
    Total System Jitter     (TSJ):    0.071ns
    Discrete Jitter          (DJ):    0.175ns
    Phase Error              (PE):    0.000ns

    Location             Delay type                Incr(ns)  Path(ns)    Netlist Resource(s)
  -------------------------------------------------------------------    -------------------
                         (clock clk_out20_unbuf rise edge)
                                                      0.000     0.000 r  <hidden>
    E3                                                0.000     0.000 r  clk_pin100
                         net (fo=0)                   0.000     0.000    clk_pin100
    E3                   IBUF (Prop_ibuf_I_O)         1.489     1.489 r  clk_pin100_IBUF_inst/O
                         net (fo=1, routed)           1.233     2.722    u_clk_gen/clk_in100
    MMCME2_ADV_X1Y1      MMCME2_ADV (Prop_mmcme2_adv_CLKIN1_CLKOUT0)
                                                      0.088     2.810 r  u_clk_gen/u_mmcm/CLKOUT0
                         net (fo=1, routed)           1.661     4.471    u_clk_gen/clk_out20_unbuf
    BUFGCTRL_X0Y16       BUFG (Prop_bufg_I_O)         0.096     4.567 r  u_clk_gen/u_bufg/O
                         net (fo=7758, routed)        1.736     6.304    u_iface/u_matmul/clk_out20
    SLICE_X18Y109        FDRE                                         r  u_iface/u_matmul/grp_matmul_4x4x4_Pipeline_init_conv_a_i_init_conv_a_k_fu_706_ap_start_reg_reg/C
  -------------------------------------------------------------------    -------------------
    SLICE_X18Y109        FDRE (Prop_fdre_C_Q)         0.456     6.760 f  u_iface/u_matmul/grp_matmul_4x4x4_Pipeline_init_conv_a_i_init_conv_a_k_fu_706_ap_start_reg_reg/Q
                         net (fo=11, routed)          1.009     7.769    u_iface/u_matmul/grp_matmul_4x4x4_Pipeline_init_conv_a_i_init_conv_a_k_fu_706/flow_control_loop_pipe_sequential_init_U/grp_matmul_4x4x4_Pipeline_init_conv_a_i_init_conv_a_k_fu_706_ap_start_reg
    SLICE_X19Y112        LUT3 (Prop_lut3_I1_O)        0.154     7.923 r  u_iface/u_matmul/grp_matmul_4x4x4_Pipeline_init_conv_a_i_init_conv_a_k_fu_706/flow_control_loop_pipe_sequential_init_U/trunc_ln63_reg_1637_pp0_iter3_reg_reg[0]_srl4_i_1/O
                         net (fo=97, routed)          7.863    15.786    u_iface/u_matmul/grp_matmul_4x4x4_Pipeline_init_conv_a_i_init_conv_a_k_fu_706/flow_control_loop_pipe_sequential_init_U/ap_loop_init_int_reg_1
    SLICE_X41Y134        LUT6 (Prop_lut6_I4_O)        0.327    16.113 r  u_iface/u_matmul/grp_matmul_4x4x4_Pipeline_init_conv_a_i_init_conv_a_k_fu_706/flow_control_loop_pipe_sequential_init_U/tmp_11_reg_1641[6]_i_5/O
                         net (fo=1, routed)           0.442    16.555    u_iface/u_matmul/grp_matmul_4x4x4_Pipeline_init_conv_a_i_init_conv_a_k_fu_706/flow_control_loop_pipe_sequential_init_U/din2[6]
    SLICE_X39Y135        LUT4 (Prop_lut4_I1_O)        0.124    16.679 r  u_iface/u_matmul/grp_matmul_4x4x4_Pipeline_init_conv_a_i_init_conv_a_k_fu_706/flow_control_loop_pipe_sequential_init_U/tmp_11_reg_1641[6]_i_2/O
                         net (fo=1, routed)           0.789    17.468    u_iface/u_matmul/grp_matmul_4x4x4_Pipeline_init_conv_a_i_init_conv_a_k_fu_706/flow_control_loop_pipe_sequential_init_U/tmp_11_reg_1641[6]_i_2_n_0
    SLICE_X37Y135        LUT6 (Prop_lut6_I0_O)        0.124    17.592 r  u_iface/u_matmul/grp_matmul_4x4x4_Pipeline_init_conv_a_i_init_conv_a_k_fu_706/flow_control_loop_pipe_sequential_init_U/tmp_11_reg_1641[6]_i_1/O
                         net (fo=1, routed)           0.000    17.592    u_iface/u_matmul/grp_matmul_4x4x4_Pipeline_init_conv_a_i_init_conv_a_k_fu_706/dout_tmp[6]
    SLICE_X37Y135        FDRE                                         r  u_iface/u_matmul/grp_matmul_4x4x4_Pipeline_init_conv_a_i_init_conv_a_k_fu_706/tmp_11_reg_1641_reg[6]/D
  -------------------------------------------------------------------    -------------------

                         (clock clk_out20_unbuf rise edge)
                                                     50.000    50.000 r  <hidden>
    E3                                                0.000    50.000 r  clk_pin100
                         net (fo=0)                   0.000    50.000    clk_pin100
    E3                   IBUF (Prop_ibuf_I_O)         1.418    51.418 r  clk_pin100_IBUF_inst/O
                         net (fo=1, routed)           1.162    52.580    u_clk_gen/clk_in100
    MMCME2_ADV_X1Y1      MMCME2_ADV (Prop_mmcme2_adv_CLKIN1_CLKOUT0)
                                                      0.083    52.663 r  u_clk_gen/u_mmcm/CLKOUT0
                         net (fo=1, routed)           1.581    54.244    u_clk_gen/clk_out20_unbuf
    BUFGCTRL_X0Y16       BUFG (Prop_bufg_I_O)         0.091    54.335 r  u_clk_gen/u_bufg/O
                         net (fo=7758, routed)        1.600    55.935    u_iface/u_matmul/grp_matmul_4x4x4_Pipeline_init_conv_a_i_init_conv_a_k_fu_706/clk_out20
    SLICE_X37Y135        FDRE                                         r  u_iface/u_matmul/grp_matmul_4x4x4_Pipeline_init_conv_a_i_init_conv_a_k_fu_706/tmp_11_reg_1641_reg[6]/C
                         clock pessimism              0.249    56.185    <hidden>
                         clock uncertainty           -0.094    56.090    <hidden>
    SLICE_X37Y135        FDRE (Setup_fdre_C_D)        0.029    56.119    u_iface/u_matmul/grp_matmul_4x4x4_Pipeline_init_conv_a_i_init_conv_a_k_fu_706/tmp_11_reg_1641_reg[6]
  -------------------------------------------------------------------
                         required time                         56.119    <hidden>
                         arrival time                         -17.592    <hidden>
  -------------------------------------------------------------------
                         slack                                 38.527    <hidden>

Slack (MET) :             38.555ns  (required time - arrival time)
  Source:                 u_iface/u_matmul/grp_matmul_4x4x4_Pipeline_init_conv_a_i_init_conv_a_k_fu_706_ap_start_reg_reg/C
                            (rising edge-triggered cell FDRE clocked by clk_out20_unbuf  {rise@0.000ns fall@25.000ns period=50.000ns})
  Destination:            u_iface/u_matmul/grp_matmul_4x4x4_Pipeline_init_conv_a_i_init_conv_a_k_fu_706/tmp_11_reg_1641_reg[22]/D
                            (rising edge-triggered cell FDRE clocked by clk_out20_unbuf  {rise@0.000ns fall@25.000ns period=50.000ns})
  Path Group:             clk_out20_unbuf
  Path Type:              Setup (Max at Slow Process Corner)
  Requirement:            50.000ns  (clk_out20_unbuf rise@50.000ns - clk_out20_unbuf rise@0.000ns)
  Data Path Delay:        11.381ns  (logic 1.185ns (10.412%)  route 10.196ns (89.588%))
  Logic Levels:           4  (LUT3=1 LUT4=1 LUT6=2)
  Clock Path Skew:        -0.047ns (DCD - SCD + CPR)
    Destination Clock Delay (DCD):    5.936ns = ( 55.936 - 50.000 ) 
    Source Clock Delay      (SCD):    6.304ns
    Clock Pessimism Removal (CPR):    0.320ns
  Clock Uncertainty:      0.094ns  ((TSJ^2 + DJ^2)^1/2) / 2 + PE
    Total System Jitter     (TSJ):    0.071ns
    Discrete Jitter          (DJ):    0.175ns
    Phase Error              (PE):    0.000ns

    Location             Delay type                Incr(ns)  Path(ns)    Netlist Resource(s)
  -------------------------------------------------------------------    -------------------
                         (clock clk_out20_unbuf rise edge)
                                                      0.000     0.000 r  <hidden>
    E3                                                0.000     0.000 r  clk_pin100
                         net (fo=0)                   0.000     0.000    clk_pin100
    E3                   IBUF (Prop_ibuf_I_O)         1.489     1.489 r  clk_pin100_IBUF_inst/O
                         net (fo=1, routed)           1.233     2.722    u_clk_gen/clk_in100
    MMCME2_ADV_X1Y1      MMCME2_ADV (Prop_mmcme2_adv_CLKIN1_CLKOUT0)
                                                      0.088     2.810 r  u_clk_gen/u_mmcm/CLKOUT0
                         net (fo=1, routed)           1.661     4.471    u_clk_gen/clk_out20_unbuf
    BUFGCTRL_X0Y16       BUFG (Prop_bufg_I_O)         0.096     4.567 r  u_clk_gen/u_bufg/O
                         net (fo=7758, routed)        1.736     6.304    u_iface/u_matmul/clk_out20
    SLICE_X18Y109        FDRE                                         r  u_iface/u_matmul/grp_matmul_4x4x4_Pipeline_init_conv_a_i_init_conv_a_k_fu_706_ap_start_reg_reg/C
  -------------------------------------------------------------------    -------------------
    SLICE_X18Y109        FDRE (Prop_fdre_C_Q)         0.456     6.760 f  u_iface/u_matmul/grp_matmul_4x4x4_Pipeline_init_conv_a_i_init_conv_a_k_fu_706_ap_start_reg_reg/Q
                         net (fo=11, routed)          1.009     7.769    u_iface/u_matmul/grp_matmul_4x4x4_Pipeline_init_conv_a_i_init_conv_a_k_fu_706/flow_control_loop_pipe_sequential_init_U/grp_matmul_4x4x4_Pipeline_init_conv_a_i_init_conv_a_k_fu_706_ap_start_reg
    SLICE_X19Y112        LUT3 (Prop_lut3_I1_O)        0.154     7.923 r  u_iface/u_matmul/grp_matmul_4x4x4_Pipeline_init_conv_a_i_init_conv_a_k_fu_706/flow_control_loop_pipe_sequential_init_U/trunc_ln63_reg_1637_pp0_iter3_reg_reg[0]_srl4_i_1/O
                         net (fo=97, routed)          7.980    15.904    u_iface/u_matmul/grp_matmul_4x4x4_Pipeline_init_conv_a_i_init_conv_a_k_fu_706/flow_control_loop_pipe_sequential_init_U/ap_loop_init_int_reg_1
    SLICE_X35Y137        LUT6 (Prop_lut6_I4_O)        0.327    16.231 r  u_iface/u_matmul/grp_matmul_4x4x4_Pipeline_init_conv_a_i_init_conv_a_k_fu_706/flow_control_loop_pipe_sequential_init_U/tmp_11_reg_1641[22]_i_6/O
                         net (fo=1, routed)           0.526    16.757    u_iface/u_matmul/grp_matmul_4x4x4_Pipeline_init_conv_a_i_init_conv_a_k_fu_706/flow_control_loop_pipe_sequential_init_U/din1[22]
    SLICE_X34Y137        LUT4 (Prop_lut4_I3_O)        0.124    16.881 r  u_iface/u_matmul/grp_matmul_4x4x4_Pipeline_init_conv_a_i_init_conv_a_k_fu_706/flow_control_loop_pipe_sequential_init_U/tmp_11_reg_1641[22]_i_2/O
                         net (fo=1, routed)           0.680    17.561    u_iface/u_matmul/grp_matmul_4x4x4_Pipeline_init_conv_a_i_init_conv_a_k_fu_706/flow_control_loop_pipe_sequential_init_U/tmp_11_reg_1641[22]_i_2_n_0
    SLICE_X34Y137        LUT6 (Prop_lut6_I0_O)        0.124    17.685 r  u_iface/u_matmul/grp_matmul_4x4x4_Pipeline_init_conv_a_i_init_conv_a_k_fu_706/flow_control_loop_pipe_sequential_init_U/tmp_11_reg_1641[22]_i_1/O
                         net (fo=1, routed)           0.000    17.685    u_iface/u_matmul/grp_matmul_4x4x4_Pipeline_init_conv_a_i_init_conv_a_k_fu_706/dout_tmp[22]
    SLICE_X34Y137        FDRE                                         r  u_iface/u_matmul/grp_matmul_4x4x4_Pipeline_init_conv_a_i_init_conv_a_k_fu_706/tmp_11_reg_1641_reg[22]/D
  -------------------------------------------------------------------    -------------------

                         (clock clk_out20_unbuf rise edge)
                                                     50.000    50.000 r  <hidden>
    E3                                                0.000    50.000 r  clk_pin100
                         net (fo=0)                   0.000    50.000    clk_pin100
    E3                   IBUF (Prop_ibuf_I_O)         1.418    51.418 r  clk_pin100_IBUF_inst/O
                         net (fo=1, routed)           1.162    52.580    u_clk_gen/clk_in100
    MMCME2_ADV_X1Y1      MMCME2_ADV (Prop_mmcme2_adv_CLKIN1_CLKOUT0)
                                                      0.083    52.663 r  u_clk_gen/u_mmcm/CLKOUT0
                         net (fo=1, routed)           1.581    54.244    u_clk_gen/clk_out20_unbuf
    BUFGCTRL_X0Y16       BUFG (Prop_bufg_I_O)         0.091    54.335 r  u_clk_gen/u_bufg/O
                         net (fo=7758, routed)        1.601    55.936    u_iface/u_matmul/grp_matmul_4x4x4_Pipeline_init_conv_a_i_init_conv_a_k_fu_706/clk_out20
    SLICE_X34Y137        FDRE                                         r  u_iface/u_matmul/grp_matmul_4x4x4_Pipeline_init_conv_a_i_init_conv_a_k_fu_706/tmp_11_reg_1641_reg[22]/C
                         clock pessimism              0.320    56.257    <hidden>
                         clock uncertainty           -0.094    56.162    <hidden>
    SLICE_X34Y137        FDRE (Setup_fdre_C_D)        0.077    56.239    u_iface/u_matmul/grp_matmul_4x4x4_Pipeline_init_conv_a_i_init_conv_a_k_fu_706/tmp_11_reg_1641_reg[22]
  -------------------------------------------------------------------
                         required time                         56.239    <hidden>
                         arrival time                         -17.685    <hidden>
  -------------------------------------------------------------------
                         slack                                 38.555    <hidden>

Slack (MET) :             38.604ns  (required time - arrival time)
  Source:                 u_iface/u_matmul/grp_matmul_4x4x4_Pipeline_time_loop_fu_778/k_fu_376_reg[3]/C
                            (rising edge-triggered cell FDRE clocked by clk_out20_unbuf  {rise@0.000ns fall@25.000ns period=50.000ns})
  Destination:            u_iface/u_matmul/grp_matmul_4x4x4_Pipeline_time_loop_fu_778/mul_21s_21s_42_1_1_U127/tmp_product/CEA1
                            (rising edge-triggered cell DSP48E1 clocked by clk_out20_unbuf  {rise@0.000ns fall@25.000ns period=50.000ns})
  Path Group:             clk_out20_unbuf
  Path Type:              Setup (Max at Slow Process Corner)
  Requirement:            50.000ns  (clk_out20_unbuf rise@50.000ns - clk_out20_unbuf rise@0.000ns)
  Data Path Delay:        10.654ns  (logic 0.609ns (5.716%)  route 10.045ns (94.284%))
  Logic Levels:           1  (LUT5=1)
  Clock Path Skew:        0.056ns (DCD - SCD + CPR)
    Destination Clock Delay (DCD):    5.858ns = ( 55.858 - 50.000 ) 
    Source Clock Delay      (SCD):    6.114ns
    Clock Pessimism Removal (CPR):    0.311ns
  Clock Uncertainty:      0.094ns  ((TSJ^2 + DJ^2)^1/2) / 2 + PE
    Total System Jitter     (TSJ):    0.071ns
    Discrete Jitter          (DJ):    0.175ns
    Phase Error              (PE):    0.000ns

    Location             Delay type                Incr(ns)  Path(ns)    Netlist Resource(s)
  -------------------------------------------------------------------    -------------------
                         (clock clk_out20_unbuf rise edge)
                                                      0.000     0.000 r  <hidden>
    E3                                                0.000     0.000 r  clk_pin100
                         net (fo=0)                   0.000     0.000    clk_pin100
    E3                   IBUF (Prop_ibuf_I_O)         1.489     1.489 r  clk_pin100_IBUF_inst/O
                         net (fo=1, routed)           1.233     2.722    u_clk_gen/clk_in100
    MMCME2_ADV_X1Y1      MMCME2_ADV (Prop_mmcme2_adv_CLKIN1_CLKOUT0)
                                                      0.088     2.810 r  u_clk_gen/u_mmcm/CLKOUT0
                         net (fo=1, routed)           1.661     4.471    u_clk_gen/clk_out20_unbuf
    BUFGCTRL_X0Y16       BUFG (Prop_bufg_I_O)         0.096     4.567 r  u_clk_gen/u_bufg/O
                         net (fo=7758, routed)        1.547     6.114    u_iface/u_matmul/grp_matmul_4x4x4_Pipeline_time_loop_fu_778/clk_out20
    SLICE_X36Y87         FDRE                                         r  u_iface/u_matmul/grp_matmul_4x4x4_Pipeline_time_loop_fu_778/k_fu_376_reg[3]/C
  -------------------------------------------------------------------    -------------------
    SLICE_X36Y87         FDRE (Prop_fdre_C_Q)         0.456     6.570 f  u_iface/u_matmul/grp_matmul_4x4x4_Pipeline_time_loop_fu_778/k_fu_376_reg[3]/Q
                         net (fo=134, routed)         3.066     9.636    u_iface/u_matmul/grp_matmul_4x4x4_Pipeline_time_loop_fu_778/mul_21s_21s_42_1_1_U127/tmp_product_0[3]
    SLICE_X34Y85         LUT5 (Prop_lut5_I1_O)        0.153     9.789 r  u_iface/u_matmul/grp_matmul_4x4x4_Pipeline_time_loop_fu_778/mul_21s_21s_42_1_1_U127/a_in_9_fu_424[20]_i_1/O
                         net (fo=310, routed)         6.979    16.768    u_iface/u_matmul/grp_matmul_4x4x4_Pipeline_time_loop_fu_778/mul_21s_21s_42_1_1_U127/E[0]
    DSP48_X1Y25          DSP48E1                                      r  u_iface/u_matmul/grp_matmul_4x4x4_Pipeline_time_loop_fu_778/mul_21s_21s_42_1_1_U127/tmp_product/CEA1
  -------------------------------------------------------------------    -------------------

                         (clock clk_out20_unbuf rise edge)
                                                     50.000    50.000 r  <hidden>
    E3                                                0.000    50.000 r  clk_pin100
                         net (fo=0)                   0.000    50.000    clk_pin100
    E3                   IBUF (Prop_ibuf_I_O)         1.418    51.418 r  clk_pin100_IBUF_inst/O
                         net (fo=1, routed)           1.162    52.580    u_clk_gen/clk_in100
    MMCME2_ADV_X1Y1      MMCME2_ADV (Prop_mmcme2_adv_CLKIN1_CLKOUT0)
                                                      0.083    52.663 r  u_clk_gen/u_mmcm/CLKOUT0
                         net (fo=1, routed)           1.581    54.244    u_clk_gen/clk_out20_unbuf
    BUFGCTRL_X0Y16       BUFG (Prop_bufg_I_O)         0.091    54.335 r  u_clk_gen/u_bufg/O
                         net (fo=7758, routed)        1.523    55.858    u_iface/u_matmul/grp_matmul_4x4x4_Pipeline_time_loop_fu_778/mul_21s_21s_42_1_1_U127/clk_out20
    DSP48_X1Y25          DSP48E1                                      r  u_iface/u_matmul/grp_matmul_4x4x4_Pipeline_time_loop_fu_778/mul_21s_21s_42_1_1_U127/tmp_product/CLK
                         clock pessimism              0.311    56.170    <hidden>
                         clock uncertainty           -0.094    56.075    <hidden>
    DSP48_X1Y25          DSP48E1 (Setup_dsp48e1_CLK_CEA1)
                                                     -0.704    55.371    u_iface/u_matmul/grp_matmul_4x4x4_Pipeline_time_loop_fu_778/mul_21s_21s_42_1_1_U127/tmp_product
  -------------------------------------------------------------------
                         required time                         55.371    <hidden>
                         arrival time                         -16.768    <hidden>
  -------------------------------------------------------------------
                         slack                                 38.604    <hidden>

Slack (MET) :             38.604ns  (required time - arrival time)
  Source:                 u_iface/u_matmul/grp_matmul_4x4x4_Pipeline_time_loop_fu_778/k_fu_376_reg[3]/C
                            (rising edge-triggered cell FDRE clocked by clk_out20_unbuf  {rise@0.000ns fall@25.000ns period=50.000ns})
  Destination:            u_iface/u_matmul/grp_matmul_4x4x4_Pipeline_time_loop_fu_778/mul_21s_21s_42_1_1_U127/tmp_product/CEA2
                            (rising edge-triggered cell DSP48E1 clocked by clk_out20_unbuf  {rise@0.000ns fall@25.000ns period=50.000ns})
  Path Group:             clk_out20_unbuf
  Path Type:              Setup (Max at Slow Process Corner)
  Requirement:            50.000ns  (clk_out20_unbuf rise@50.000ns - clk_out20_unbuf rise@0.000ns)
  Data Path Delay:        10.654ns  (logic 0.609ns (5.716%)  route 10.045ns (94.284%))
  Logic Levels:           1  (LUT5=1)
  Clock Path Skew:        0.056ns (DCD - SCD + CPR)
    Destination Clock Delay (DCD):    5.858ns = ( 55.858 - 50.000 ) 
    Source Clock Delay      (SCD):    6.114ns
    Clock Pessimism Removal (CPR):    0.311ns
  Clock Uncertainty:      0.094ns  ((TSJ^2 + DJ^2)^1/2) / 2 + PE
    Total System Jitter     (TSJ):    0.071ns
    Discrete Jitter          (DJ):    0.175ns
    Phase Error              (PE):    0.000ns

    Location             Delay type                Incr(ns)  Path(ns)    Netlist Resource(s)
  -------------------------------------------------------------------    -------------------
                         (clock clk_out20_unbuf rise edge)
                                                      0.000     0.000 r  <hidden>
    E3                                                0.000     0.000 r  clk_pin100
                         net (fo=0)                   0.000     0.000    clk_pin100
    E3                   IBUF (Prop_ibuf_I_O)         1.489     1.489 r  clk_pin100_IBUF_inst/O
                         net (fo=1, routed)           1.233     2.722    u_clk_gen/clk_in100
    MMCME2_ADV_X1Y1      MMCME2_ADV (Prop_mmcme2_adv_CLKIN1_CLKOUT0)
                                                      0.088     2.810 r  u_clk_gen/u_mmcm/CLKOUT0
                         net (fo=1, routed)           1.661     4.471    u_clk_gen/clk_out20_unbuf
    BUFGCTRL_X0Y16       BUFG (Prop_bufg_I_O)         0.096     4.567 r  u_clk_gen/u_bufg/O
                         net (fo=7758, routed)        1.547     6.114    u_iface/u_matmul/grp_matmul_4x4x4_Pipeline_time_loop_fu_778/clk_out20
    SLICE_X36Y87         FDRE                                         r  u_iface/u_matmul/grp_matmul_4x4x4_Pipeline_time_loop_fu_778/k_fu_376_reg[3]/C
  -------------------------------------------------------------------    -------------------
    SLICE_X36Y87         FDRE (Prop_fdre_C_Q)         0.456     6.570 f  u_iface/u_matmul/grp_matmul_4x4x4_Pipeline_time_loop_fu_778/k_fu_376_reg[3]/Q
                         net (fo=134, routed)         3.066     9.636    u_iface/u_matmul/grp_matmul_4x4x4_Pipeline_time_loop_fu_778/mul_21s_21s_42_1_1_U127/tmp_product_0[3]
    SLICE_X34Y85         LUT5 (Prop_lut5_I1_O)        0.153     9.789 r  u_iface/u_matmul/grp_matmul_4x4x4_Pipeline_time_loop_fu_778/mul_21s_21s_42_1_1_U127/a_in_9_fu_424[20]_i_1/O
                         net (fo=310, routed)         6.979    16.768    u_iface/u_matmul/grp_matmul_4x4x4_Pipeline_time_loop_fu_778/mul_21s_21s_42_1_1_U127/E[0]
    DSP48_X1Y25          DSP48E1                                      r  u_iface/u_matmul/grp_matmul_4x4x4_Pipeline_time_loop_fu_778/mul_21s_21s_42_1_1_U127/tmp_product/CEA2
  -------------------------------------------------------------------    -------------------

                         (clock clk_out20_unbuf rise edge)
                                                     50.000    50.000 r  <hidden>
    E3                                                0.000    50.000 r  clk_pin100
                         net (fo=0)                   0.000    50.000    clk_pin100
    E3                   IBUF (Prop_ibuf_I_O)         1.418    51.418 r  clk_pin100_IBUF_inst/O
                         net (fo=1, routed)           1.162    52.580    u_clk_gen/clk_in100
    MMCME2_ADV_X1Y1      MMCME2_ADV (Prop_mmcme2_adv_CLKIN1_CLKOUT0)
                                                      0.083    52.663 r  u_clk_gen/u_mmcm/CLKOUT0
                         net (fo=1, routed)           1.581    54.244    u_clk_gen/clk_out20_unbuf
    BUFGCTRL_X0Y16       BUFG (Prop_bufg_I_O)         0.091    54.335 r  u_clk_gen/u_bufg/O
                         net (fo=7758, routed)        1.523    55.858    u_iface/u_matmul/grp_matmul_4x4x4_Pipeline_time_loop_fu_778/mul_21s_21s_42_1_1_U127/clk_out20
    DSP48_X1Y25          DSP48E1                                      r  u_iface/u_matmul/grp_matmul_4x4x4_Pipeline_time_loop_fu_778/mul_21s_21s_42_1_1_U127/tmp_product/CLK
                         clock pessimism              0.311    56.170    <hidden>
                         clock uncertainty           -0.094    56.075    <hidden>
    DSP48_X1Y25          DSP48E1 (Setup_dsp48e1_CLK_CEA2)
                                                     -0.704    55.371    u_iface/u_matmul/grp_matmul_4x4x4_Pipeline_time_loop_fu_778/mul_21s_21s_42_1_1_U127/tmp_product
  -------------------------------------------------------------------
                         required time                         55.371    <hidden>
                         arrival time                         -16.768    <hidden>
  -------------------------------------------------------------------
                         slack                                 38.604    <hidden>





Min Delay Paths
--------------------------------------------------------------------------------------
Slack (MET) :             0.023ns  (arrival time - required time)
  Source:                 arg1_flat_reg[454]/C
                            (rising edge-triggered cell FDRE clocked by clk_out20_unbuf  {rise@0.000ns fall@25.000ns period=50.000ns})
  Destination:            u_iface/u_matmul/bitcast_ln71_14_reg_2008_reg[6]/D
                            (rising edge-triggered cell FDRE clocked by clk_out20_unbuf  {rise@0.000ns fall@25.000ns period=50.000ns})
  Path Group:             clk_out20_unbuf
  Path Type:              Hold (Min at Fast Process Corner)
  Requirement:            0.000ns  (clk_out20_unbuf rise@0.000ns - clk_out20_unbuf rise@0.000ns)
  Data Path Delay:        0.352ns  (logic 0.141ns (40.067%)  route 0.211ns (59.933%))
  Logic Levels:           0  
  Clock Path Skew:        0.266ns (DCD - SCD - CPR)
    Destination Clock Delay (DCD):    2.443ns
    Source Clock Delay      (SCD):    1.891ns
    Clock Pessimism Removal (CPR):    0.287ns

    Location             Delay type                Incr(ns)  Path(ns)    Netlist Resource(s)
  -------------------------------------------------------------------    -------------------
                         (clock clk_out20_unbuf rise edge)
                                                      0.000     0.000 r  <hidden>
    E3                                                0.000     0.000 r  clk_pin100
                         net (fo=0)                   0.000     0.000    clk_pin100
    E3                   IBUF (Prop_ibuf_I_O)         0.257     0.257 r  clk_pin100_IBUF_inst/O
                         net (fo=1, routed)           0.440     0.697    u_clk_gen/clk_in100
    MMCME2_ADV_X1Y1      MMCME2_ADV (Prop_mmcme2_adv_CLKIN1_CLKOUT0)
                                                      0.050     0.747 r  u_clk_gen/u_mmcm/CLKOUT0
                         net (fo=1, routed)           0.486     1.233    u_clk_gen/clk_out20_unbuf
    BUFGCTRL_X0Y16       BUFG (Prop_bufg_I_O)         0.026     1.259 r  u_clk_gen/u_bufg/O
                         net (fo=7758, routed)        0.632     1.891    clk
    SLICE_X36Y119        FDRE                                         r  arg1_flat_reg[454]/C
  -------------------------------------------------------------------    -------------------
    SLICE_X36Y119        FDRE (Prop_fdre_C_Q)         0.141     2.032 r  arg1_flat_reg[454]/Q
                         net (fo=1, routed)           0.211     2.243    u_iface/u_matmul/B_3_2[6]
    SLICE_X34Y116        FDRE                                         r  u_iface/u_matmul/bitcast_ln71_14_reg_2008_reg[6]/D
  -------------------------------------------------------------------    -------------------

                         (clock clk_out20_unbuf rise edge)
                                                      0.000     0.000 r  <hidden>
    E3                                                0.000     0.000 r  clk_pin100
                         net (fo=0)                   0.000     0.000    clk_pin100
    E3                   IBUF (Prop_ibuf_I_O)         0.445     0.445 r  clk_pin100_IBUF_inst/O
                         net (fo=1, routed)           0.480     0.925    u_clk_gen/clk_in100
    MMCME2_ADV_X1Y1      MMCME2_ADV (Prop_mmcme2_adv_CLKIN1_CLKOUT0)
                                                      0.053     0.978 r  u_clk_gen/u_mmcm/CLKOUT0
                         net (fo=1, routed)           0.530     1.507    u_clk_gen/clk_out20_unbuf
    BUFGCTRL_X0Y16       BUFG (Prop_bufg_I_O)         0.029     1.536 r  u_clk_gen/u_bufg/O
                         net (fo=7758, routed)        0.907     2.443    u_iface/u_matmul/clk_out20
    SLICE_X34Y116        FDRE                                         r  u_iface/u_matmul/bitcast_ln71_14_reg_2008_reg[6]/C
                         clock pessimism             -0.287     2.157    <hidden>
    SLICE_X34Y116        FDRE (Hold_fdre_C_D)         0.063     2.220    u_iface/u_matmul/bitcast_ln71_14_reg_2008_reg[6]
  -------------------------------------------------------------------
                         required time                         -2.220    <hidden>
                         arrival time                           2.243    <hidden>
  -------------------------------------------------------------------
                         slack                                  0.023    <hidden>

Slack (MET) :             0.025ns  (arrival time - required time)
  Source:                 arg0_flat_reg[1]/C
                            (rising edge-triggered cell FDRE clocked by clk_out20_unbuf  {rise@0.000ns fall@25.000ns period=50.000ns})
  Destination:            u_iface/u_matmul/bitcast_ln64_reg_1858_reg[1]/D
                            (rising edge-triggered cell FDRE clocked by clk_out20_unbuf  {rise@0.000ns fall@25.000ns period=50.000ns})
  Path Group:             clk_out20_unbuf
  Path Type:              Hold (Min at Fast Process Corner)
  Requirement:            0.000ns  (clk_out20_unbuf rise@0.000ns - clk_out20_unbuf rise@0.000ns)
  Data Path Delay:        0.353ns  (logic 0.141ns (39.955%)  route 0.212ns (60.045%))
  Logic Levels:           0  
  Clock Path Skew:        0.265ns (DCD - SCD - CPR)
    Destination Clock Delay (DCD):    2.449ns
    Source Clock Delay      (SCD):    1.898ns
    Clock Pessimism Removal (CPR):    0.287ns

    Location             Delay type                Incr(ns)  Path(ns)    Netlist Resource(s)
  -------------------------------------------------------------------    -------------------
                         (clock clk_out20_unbuf rise edge)
                                                      0.000     0.000 r  <hidden>
    E3                                                0.000     0.000 r  clk_pin100
                         net (fo=0)                   0.000     0.000    clk_pin100
    E3                   IBUF (Prop_ibuf_I_O)         0.257     0.257 r  clk_pin100_IBUF_inst/O
                         net (fo=1, routed)           0.440     0.697    u_clk_gen/clk_in100
    MMCME2_ADV_X1Y1      MMCME2_ADV (Prop_mmcme2_adv_CLKIN1_CLKOUT0)
                                                      0.050     0.747 r  u_clk_gen/u_mmcm/CLKOUT0
                         net (fo=1, routed)           0.486     1.233    u_clk_gen/clk_out20_unbuf
    BUFGCTRL_X0Y16       BUFG (Prop_bufg_I_O)         0.026     1.259 r  u_clk_gen/u_bufg/O
                         net (fo=7758, routed)        0.639     1.898    clk
    SLICE_X36Y142        FDRE                                         r  arg0_flat_reg[1]/C
  -------------------------------------------------------------------    -------------------
    SLICE_X36Y142        FDRE (Prop_fdre_C_Q)         0.141     2.039 r  arg0_flat_reg[1]/Q
                         net (fo=1, routed)           0.212     2.251    u_iface/u_matmul/A_0_0[1]
    SLICE_X34Y142        FDRE                                         r  u_iface/u_matmul/bitcast_ln64_reg_1858_reg[1]/D
  -------------------------------------------------------------------    -------------------

                         (clock clk_out20_unbuf rise edge)
                                                      0.000     0.000 r  <hidden>
    E3                                                0.000     0.000 r  clk_pin100
                         net (fo=0)                   0.000     0.000    clk_pin100
    E3                   IBUF (Prop_ibuf_I_O)         0.445     0.445 r  clk_pin100_IBUF_inst/O
                         net (fo=1, routed)           0.480     0.925    u_clk_gen/clk_in100
    MMCME2_ADV_X1Y1      MMCME2_ADV (Prop_mmcme2_adv_CLKIN1_CLKOUT0)
                                                      0.053     0.978 r  u_clk_gen/u_mmcm/CLKOUT0
                         net (fo=1, routed)           0.530     1.507    u_clk_gen/clk_out20_unbuf
    BUFGCTRL_X0Y16       BUFG (Prop_bufg_I_O)         0.029     1.536 r  u_clk_gen/u_bufg/O
                         net (fo=7758, routed)        0.913     2.449    u_iface/u_matmul/clk_out20
    SLICE_X34Y142        FDRE                                         r  u_iface/u_matmul/bitcast_ln64_reg_1858_reg[1]/C
                         clock pessimism             -0.287     2.163    <hidden>
    SLICE_X34Y142        FDRE (Hold_fdre_C_D)         0.063     2.226    u_iface/u_matmul/bitcast_ln64_reg_1858_reg[1]
  -------------------------------------------------------------------
                         required time                         -2.226    <hidden>
                         arrival time                           2.251    <hidden>
  -------------------------------------------------------------------
                         slack                                  0.025    <hidden>

Slack (MET) :             0.025ns  (arrival time - required time)
  Source:                 arg0_flat_reg[481]/C
                            (rising edge-triggered cell FDRE clocked by clk_out20_unbuf  {rise@0.000ns fall@25.000ns period=50.000ns})
  Destination:            u_iface/u_matmul/bitcast_ln64_15_reg_1933_reg[1]/D
                            (rising edge-triggered cell FDRE clocked by clk_out20_unbuf  {rise@0.000ns fall@25.000ns period=50.000ns})
  Path Group:             clk_out20_unbuf
  Path Type:              Hold (Min at Fast Process Corner)
  Requirement:            0.000ns  (clk_out20_unbuf rise@0.000ns - clk_out20_unbuf rise@0.000ns)
  Data Path Delay:        0.353ns  (logic 0.141ns (39.955%)  route 0.212ns (60.045%))
  Logic Levels:           0  
  Clock Path Skew:        0.265ns (DCD - SCD - CPR)
    Destination Clock Delay (DCD):    2.450ns
    Source Clock Delay      (SCD):    1.899ns
    Clock Pessimism Removal (CPR):    0.287ns

    Location             Delay type                Incr(ns)  Path(ns)    Netlist Resource(s)
  -------------------------------------------------------------------    -------------------
                         (clock clk_out20_unbuf rise edge)
                                                      0.000     0.000 r  <hidden>
    E3                                                0.000     0.000 r  clk_pin100
                         net (fo=0)                   0.000     0.000    clk_pin100
    E3                   IBUF (Prop_ibuf_I_O)         0.257     0.257 r  clk_pin100_IBUF_inst/O
                         net (fo=1, routed)           0.440     0.697    u_clk_gen/clk_in100
    MMCME2_ADV_X1Y1      MMCME2_ADV (Prop_mmcme2_adv_CLKIN1_CLKOUT0)
                                                      0.050     0.747 r  u_clk_gen/u_mmcm/CLKOUT0
                         net (fo=1, routed)           0.486     1.233    u_clk_gen/clk_out20_unbuf
    BUFGCTRL_X0Y16       BUFG (Prop_bufg_I_O)         0.026     1.259 r  u_clk_gen/u_bufg/O
                         net (fo=7758, routed)        0.640     1.899    clk
    SLICE_X36Y144        FDRE                                         r  arg0_flat_reg[481]/C
  -------------------------------------------------------------------    -------------------
    SLICE_X36Y144        FDRE (Prop_fdre_C_Q)         0.141     2.040 r  arg0_flat_reg[481]/Q
                         net (fo=1, routed)           0.212     2.252    u_iface/u_matmul/A_3_3[1]
    SLICE_X34Y144        FDRE                                         r  u_iface/u_matmul/bitcast_ln64_15_reg_1933_reg[1]/D
  -------------------------------------------------------------------    -------------------

                         (clock clk_out20_unbuf rise edge)
                                                      0.000     0.000 r  <hidden>
    E3                                                0.000     0.000 r  clk_pin100
                         net (fo=0)                   0.000     0.000    clk_pin100
    E3                   IBUF (Prop_ibuf_I_O)         0.445     0.445 r  clk_pin100_IBUF_inst/O
                         net (fo=1, routed)           0.480     0.925    u_clk_gen/clk_in100
    MMCME2_ADV_X1Y1      MMCME2_ADV (Prop_mmcme2_adv_CLKIN1_CLKOUT0)
                                                      0.053     0.978 r  u_clk_gen/u_mmcm/CLKOUT0
                         net (fo=1, routed)           0.530     1.507    u_clk_gen/clk_out20_unbuf
    BUFGCTRL_X0Y16       BUFG (Prop_bufg_I_O)         0.029     1.536 r  u_clk_gen/u_bufg/O
                         net (fo=7758, routed)        0.914     2.450    u_iface/u_matmul/clk_out20
    SLICE_X34Y144        FDRE                                         r  u_iface/u_matmul/bitcast_ln64_15_reg_1933_reg[1]/C
                         clock pessimism             -0.287     2.164    <hidden>
    SLICE_X34Y144        FDRE (Hold_fdre_C_D)         0.063     2.227    u_iface/u_matmul/bitcast_ln64_15_reg_1933_reg[1]
  -------------------------------------------------------------------
                         required time                         -2.227    <hidden>
                         arrival time                           2.252    <hidden>
  -------------------------------------------------------------------
                         slack                                  0.025    <hidden>

Slack (MET) :             0.027ns  (arrival time - required time)
  Source:                 arg0_flat_reg[225]/C
                            (rising edge-triggered cell FDRE clocked by clk_out20_unbuf  {rise@0.000ns fall@25.000ns period=50.000ns})
  Destination:            u_iface/u_matmul/bitcast_ln64_7_reg_1893_reg[1]/D
                            (rising edge-triggered cell FDRE clocked by clk_out20_unbuf  {rise@0.000ns fall@25.000ns period=50.000ns})
  Path Group:             clk_out20_unbuf
  Path Type:              Hold (Min at Fast Process Corner)
  Requirement:            0.000ns  (clk_out20_unbuf rise@0.000ns - clk_out20_unbuf rise@0.000ns)
  Data Path Delay:        0.355ns  (logic 0.141ns (39.730%)  route 0.214ns (60.270%))
  Logic Levels:           0  
  Clock Path Skew:        0.265ns (DCD - SCD - CPR)
    Destination Clock Delay (DCD):    2.450ns
    Source Clock Delay      (SCD):    1.899ns
    Clock Pessimism Removal (CPR):    0.287ns

    Location             Delay type                Incr(ns)  Path(ns)    Netlist Resource(s)
  -------------------------------------------------------------------    -------------------
                         (clock clk_out20_unbuf rise edge)
                                                      0.000     0.000 r  <hidden>
    E3                                                0.000     0.000 r  clk_pin100
                         net (fo=0)                   0.000     0.000    clk_pin100
    E3                   IBUF (Prop_ibuf_I_O)         0.257     0.257 r  clk_pin100_IBUF_inst/O
                         net (fo=1, routed)           0.440     0.697    u_clk_gen/clk_in100
    MMCME2_ADV_X1Y1      MMCME2_ADV (Prop_mmcme2_adv_CLKIN1_CLKOUT0)
                                                      0.050     0.747 r  u_clk_gen/u_mmcm/CLKOUT0
                         net (fo=1, routed)           0.486     1.233    u_clk_gen/clk_out20_unbuf
    BUFGCTRL_X0Y16       BUFG (Prop_bufg_I_O)         0.026     1.259 r  u_clk_gen/u_bufg/O
                         net (fo=7758, routed)        0.640     1.899    clk
    SLICE_X36Y145        FDRE                                         r  arg0_flat_reg[225]/C
  -------------------------------------------------------------------    -------------------
    SLICE_X36Y145        FDRE (Prop_fdre_C_Q)         0.141     2.040 r  arg0_flat_reg[225]/Q
                         net (fo=1, routed)           0.214     2.254    u_iface/u_matmul/A_1_3[1]
    SLICE_X34Y145        FDRE                                         r  u_iface/u_matmul/bitcast_ln64_7_reg_1893_reg[1]/D
  -------------------------------------------------------------------    -------------------

                         (clock clk_out20_unbuf rise edge)
                                                      0.000     0.000 r  <hidden>
    E3                                                0.000     0.000 r  clk_pin100
                         net (fo=0)                   0.000     0.000    clk_pin100
    E3                   IBUF (Prop_ibuf_I_O)         0.445     0.445 r  clk_pin100_IBUF_inst/O
                         net (fo=1, routed)           0.480     0.925    u_clk_gen/clk_in100
    MMCME2_ADV_X1Y1      MMCME2_ADV (Prop_mmcme2_adv_CLKIN1_CLKOUT0)
                                                      0.053     0.978 r  u_clk_gen/u_mmcm/CLKOUT0
                         net (fo=1, routed)           0.530     1.507    u_clk_gen/clk_out20_unbuf
    BUFGCTRL_X0Y16       BUFG (Prop_bufg_I_O)         0.029     1.536 r  u_clk_gen/u_bufg/O
                         net (fo=7758, routed)        0.914     2.450    u_iface/u_matmul/clk_out20
    SLICE_X34Y145        FDRE                                         r  u_iface/u_matmul/bitcast_ln64_7_reg_1893_reg[1]/C
                         clock pessimism             -0.287     2.164    <hidden>
    SLICE_X34Y145        FDRE (Hold_fdre_C_D)         0.063     2.227    u_iface/u_matmul/bitcast_ln64_7_reg_1893_reg[1]
  -------------------------------------------------------------------
                         required time                         -2.227    <hidden>
                         arrival time                           2.254    <hidden>
  -------------------------------------------------------------------
                         slack                                  0.027    <hidden>

Slack (MET) :             0.028ns  (arrival time - required time)
  Source:                 u_iface/u_matmul/grp_matmul_4x4x4_Pipeline_init_conv_b_k_init_conv_b_j_fu_742/ap_enable_reg_pp0_iter1_reg/C
                            (rising edge-triggered cell FDRE clocked by clk_out20_unbuf  {rise@0.000ns fall@25.000ns period=50.000ns})
  Destination:            u_iface/u_matmul/grp_matmul_4x4x4_Pipeline_init_conv_b_k_init_conv_b_j_fu_742/ap_enable_reg_pp0_iter2_reg/D
                            (rising edge-triggered cell FDRE clocked by clk_out20_unbuf  {rise@0.000ns fall@25.000ns period=50.000ns})
  Path Group:             clk_out20_unbuf
  Path Type:              Hold (Min at Fast Process Corner)
  Requirement:            0.000ns  (clk_out20_unbuf rise@0.000ns - clk_out20_unbuf rise@0.000ns)
  Data Path Delay:        0.363ns  (logic 0.141ns (38.849%)  route 0.222ns (61.151%))
  Logic Levels:           0  
  Clock Path Skew:        0.265ns (DCD - SCD - CPR)
    Destination Clock Delay (DCD):    2.449ns
    Source Clock Delay      (SCD):    1.898ns
    Clock Pessimism Removal (CPR):    0.287ns

    Location             Delay type                Incr(ns)  Path(ns)    Netlist Resource(s)
  -------------------------------------------------------------------    -------------------
                         (clock clk_out20_unbuf rise edge)
                                                      0.000     0.000 r  <hidden>
    E3                                                0.000     0.000 r  clk_pin100
                         net (fo=0)                   0.000     0.000    clk_pin100
    E3                   IBUF (Prop_ibuf_I_O)         0.257     0.257 r  clk_pin100_IBUF_inst/O
                         net (fo=1, routed)           0.440     0.697    u_clk_gen/clk_in100
    MMCME2_ADV_X1Y1      MMCME2_ADV (Prop_mmcme2_adv_CLKIN1_CLKOUT0)
                                                      0.050     0.747 r  u_clk_gen/u_mmcm/CLKOUT0
                         net (fo=1, routed)           0.486     1.233    u_clk_gen/clk_out20_unbuf
    BUFGCTRL_X0Y16       BUFG (Prop_bufg_I_O)         0.026     1.259 r  u_clk_gen/u_bufg/O
                         net (fo=7758, routed)        0.639     1.898    u_iface/u_matmul/grp_matmul_4x4x4_Pipeline_init_conv_b_k_init_conv_b_j_fu_742/clk_out20
    SLICE_X33Y111        FDRE                                         r  u_iface/u_matmul/grp_matmul_4x4x4_Pipeline_init_conv_b_k_init_conv_b_j_fu_742/ap_enable_reg_pp0_iter1_reg/C
  -------------------------------------------------------------------    -------------------
    SLICE_X33Y111        FDRE (Prop_fdre_C_Q)         0.141     2.039 r  u_iface/u_matmul/grp_matmul_4x4x4_Pipeline_init_conv_b_k_init_conv_b_j_fu_742/ap_enable_reg_pp0_iter1_reg/Q
                         net (fo=1, routed)           0.222     2.261    u_iface/u_matmul/grp_matmul_4x4x4_Pipeline_init_conv_b_k_init_conv_b_j_fu_742/ap_enable_reg_pp0_iter1
    SLICE_X37Y109        FDRE                                         r  u_iface/u_matmul/grp_matmul_4x4x4_Pipeline_init_conv_b_k_init_conv_b_j_fu_742/ap_enable_reg_pp0_iter2_reg/D
  -------------------------------------------------------------------    -------------------

                         (clock clk_out20_unbuf rise edge)
                                                      0.000     0.000 r  <hidden>
    E3                                                0.000     0.000 r  clk_pin100
                         net (fo=0)                   0.000     0.000    clk_pin100
    E3                   IBUF (Prop_ibuf_I_O)         0.445     0.445 r  clk_pin100_IBUF_inst/O
                         net (fo=1, routed)           0.480     0.925    u_clk_gen/clk_in100
    MMCME2_ADV_X1Y1      MMCME2_ADV (Prop_mmcme2_adv_CLKIN1_CLKOUT0)
                                                      0.053     0.978 r  u_clk_gen/u_mmcm/CLKOUT0
                         net (fo=1, routed)           0.530     1.507    u_clk_gen/clk_out20_unbuf
    BUFGCTRL_X0Y16       BUFG (Prop_bufg_I_O)         0.029     1.536 r  u_clk_gen/u_bufg/O
                         net (fo=7758, routed)        0.913     2.449    u_iface/u_matmul/grp_matmul_4x4x4_Pipeline_init_conv_b_k_init_conv_b_j_fu_742/clk_out20
    SLICE_X37Y109        FDRE                                         r  u_iface/u_matmul/grp_matmul_4x4x4_Pipeline_init_conv_b_k_init_conv_b_j_fu_742/ap_enable_reg_pp0_iter2_reg/C
                         clock pessimism             -0.287     2.163    <hidden>
    SLICE_X37Y109        FDRE (Hold_fdre_C_D)         0.070     2.233    u_iface/u_matmul/grp_matmul_4x4x4_Pipeline_init_conv_b_k_init_conv_b_j_fu_742/ap_enable_reg_pp0_iter2_reg
  -------------------------------------------------------------------
                         required time                         -2.233    <hidden>
                         arrival time                           2.261    <hidden>
  -------------------------------------------------------------------
                         slack                                  0.028    <hidden>

Slack (MET) :             0.035ns  (arrival time - required time)
  Source:                 arg1_flat_reg[99]/C
                            (rising edge-triggered cell FDRE clocked by clk_out20_unbuf  {rise@0.000ns fall@25.000ns period=50.000ns})
  Destination:            u_iface/u_matmul/bitcast_ln71_3_reg_1953_reg[3]/D
                            (rising edge-triggered cell FDRE clocked by clk_out20_unbuf  {rise@0.000ns fall@25.000ns period=50.000ns})
  Path Group:             clk_out20_unbuf
  Path Type:              Hold (Min at Fast Process Corner)
  Requirement:            0.000ns  (clk_out20_unbuf rise@0.000ns - clk_out20_unbuf rise@0.000ns)
  Data Path Delay:        0.360ns  (logic 0.141ns (39.147%)  route 0.219ns (60.853%))
  Logic Levels:           0  
  Clock Path Skew:        0.262ns (DCD - SCD - CPR)
    Destination Clock Delay (DCD):    2.444ns
    Source Clock Delay      (SCD):    1.896ns
    Clock Pessimism Removal (CPR):    0.287ns

    Location             Delay type                Incr(ns)  Path(ns)    Netlist Resource(s)
  -------------------------------------------------------------------    -------------------
                         (clock clk_out20_unbuf rise edge)
                                                      0.000     0.000 r  <hidden>
    E3                                                0.000     0.000 r  clk_pin100
                         net (fo=0)                   0.000     0.000    clk_pin100
    E3                   IBUF (Prop_ibuf_I_O)         0.257     0.257 r  clk_pin100_IBUF_inst/O
                         net (fo=1, routed)           0.440     0.697    u_clk_gen/clk_in100
    MMCME2_ADV_X1Y1      MMCME2_ADV (Prop_mmcme2_adv_CLKIN1_CLKOUT0)
                                                      0.050     0.747 r  u_clk_gen/u_mmcm/CLKOUT0
                         net (fo=1, routed)           0.486     1.233    u_clk_gen/clk_out20_unbuf
    BUFGCTRL_X0Y16       BUFG (Prop_bufg_I_O)         0.026     1.259 r  u_clk_gen/u_bufg/O
                         net (fo=7758, routed)        0.637     1.896    clk
    SLICE_X33Y115        FDRE                                         r  arg1_flat_reg[99]/C
  -------------------------------------------------------------------    -------------------
    SLICE_X33Y115        FDRE (Prop_fdre_C_Q)         0.141     2.037 r  arg1_flat_reg[99]/Q
                         net (fo=1, routed)           0.219     2.256    u_iface/u_matmul/B_0_3[3]
    SLICE_X38Y115        FDRE                                         r  u_iface/u_matmul/bitcast_ln71_3_reg_1953_reg[3]/D
  -------------------------------------------------------------------    -------------------

                         (clock clk_out20_unbuf rise edge)
                                                      0.000     0.000 r  <hidden>
    E3                                                0.000     0.000 r  clk_pin100
                         net (fo=0)                   0.000     0.000    clk_pin100
    E3                   IBUF (Prop_ibuf_I_O)         0.445     0.445 r  clk_pin100_IBUF_inst/O
                         net (fo=1, routed)           0.480     0.925    u_clk_gen/clk_in100
    MMCME2_ADV_X1Y1      MMCME2_ADV (Prop_mmcme2_adv_CLKIN1_CLKOUT0)
                                                      0.053     0.978 r  u_clk_gen/u_mmcm/CLKOUT0
                         net (fo=1, routed)           0.530     1.507    u_clk_gen/clk_out20_unbuf
    BUFGCTRL_X0Y16       BUFG (Prop_bufg_I_O)         0.029     1.536 r  u_clk_gen/u_bufg/O
                         net (fo=7758, routed)        0.908     2.444    u_iface/u_matmul/clk_out20
    SLICE_X38Y115        FDRE                                         r  u_iface/u_matmul/bitcast_ln71_3_reg_1953_reg[3]/C
                         clock pessimism             -0.287     2.158    <hidden>
    SLICE_X38Y115        FDRE (Hold_fdre_C_D)         0.063     2.221    u_iface/u_matmul/bitcast_ln71_3_reg_1953_reg[3]
  -------------------------------------------------------------------
                         required time                         -2.221    <hidden>
                         arrival time                           2.256    <hidden>
  -------------------------------------------------------------------
                         slack                                  0.035    <hidden>

Slack (MET) :             0.036ns  (arrival time - required time)
  Source:                 arg2_in_flat_reg[213]/C
                            (rising edge-triggered cell FDRE clocked by clk_out20_unbuf  {rise@0.000ns fall@25.000ns period=50.000ns})
  Destination:            u_iface/u_matmul/bitcast_ln54_6_reg_1808_reg[21]/D
                            (rising edge-triggered cell FDRE clocked by clk_out20_unbuf  {rise@0.000ns fall@25.000ns period=50.000ns})
  Path Group:             clk_out20_unbuf
  Path Type:              Hold (Min at Fast Process Corner)
  Requirement:            0.000ns  (clk_out20_unbuf rise@0.000ns - clk_out20_unbuf rise@0.000ns)
  Data Path Delay:        0.317ns  (logic 0.148ns (46.712%)  route 0.169ns (53.288%))
  Logic Levels:           0  
  Clock Path Skew:        0.264ns (DCD - SCD - CPR)
    Destination Clock Delay (DCD):    2.441ns
    Source Clock Delay      (SCD):    1.891ns
    Clock Pessimism Removal (CPR):    0.287ns

    Location             Delay type                Incr(ns)  Path(ns)    Netlist Resource(s)
  -------------------------------------------------------------------    -------------------
                         (clock clk_out20_unbuf rise edge)
                                                      0.000     0.000 r  <hidden>
    E3                                                0.000     0.000 r  clk_pin100
                         net (fo=0)                   0.000     0.000    clk_pin100
    E3                   IBUF (Prop_ibuf_I_O)         0.257     0.257 r  clk_pin100_IBUF_inst/O
                         net (fo=1, routed)           0.440     0.697    u_clk_gen/clk_in100
    MMCME2_ADV_X1Y1      MMCME2_ADV (Prop_mmcme2_adv_CLKIN1_CLKOUT0)
                                                      0.050     0.747 r  u_clk_gen/u_mmcm/CLKOUT0
                         net (fo=1, routed)           0.486     1.233    u_clk_gen/clk_out20_unbuf
    BUFGCTRL_X0Y16       BUFG (Prop_bufg_I_O)         0.026     1.259 r  u_clk_gen/u_bufg/O
                         net (fo=7758, routed)        0.632     1.891    clk
    SLICE_X38Y130        FDRE                                         r  arg2_in_flat_reg[213]/C
  -------------------------------------------------------------------    -------------------
    SLICE_X38Y130        FDRE (Prop_fdre_C_Q)         0.148     2.039 r  arg2_in_flat_reg[213]/Q
                         net (fo=1, routed)           0.169     2.208    u_iface/u_matmul/Cinout_1_2_i[21]
    SLICE_X35Y131        FDRE                                         r  u_iface/u_matmul/bitcast_ln54_6_reg_1808_reg[21]/D
  -------------------------------------------------------------------    -------------------

                         (clock clk_out20_unbuf rise edge)
                                                      0.000     0.000 r  <hidden>
    E3                                                0.000     0.000 r  clk_pin100
                         net (fo=0)                   0.000     0.000    clk_pin100
    E3                   IBUF (Prop_ibuf_I_O)         0.445     0.445 r  clk_pin100_IBUF_inst/O
                         net (fo=1, routed)           0.480     0.925    u_clk_gen/clk_in100
    MMCME2_ADV_X1Y1      MMCME2_ADV (Prop_mmcme2_adv_CLKIN1_CLKOUT0)
                                                      0.053     0.978 r  u_clk_gen/u_mmcm/CLKOUT0
                         net (fo=1, routed)           0.530     1.507    u_clk_gen/clk_out20_unbuf
    BUFGCTRL_X0Y16       BUFG (Prop_bufg_I_O)         0.029     1.536 r  u_clk_gen/u_bufg/O
                         net (fo=7758, routed)        0.905     2.441    u_iface/u_matmul/clk_out20
    SLICE_X35Y131        FDRE                                         r  u_iface/u_matmul/bitcast_ln54_6_reg_1808_reg[21]/C
                         clock pessimism             -0.287     2.155    <hidden>
    SLICE_X35Y131        FDRE (Hold_fdre_C_D)         0.017     2.172    u_iface/u_matmul/bitcast_ln54_6_reg_1808_reg[21]
  -------------------------------------------------------------------
                         required time                         -2.172    <hidden>
                         arrival time                           2.208    <hidden>
  -------------------------------------------------------------------
                         slack                                  0.036    <hidden>

Slack (MET) :             0.041ns  (arrival time - required time)
  Source:                 u_iface/u_matmul/grp_matmul_4x4x4_Pipeline_init_conv_b_k_init_conv_b_j_fu_742/tmp_14_reg_1641_reg[13]/C
                            (rising edge-triggered cell FDRE clocked by clk_out20_unbuf  {rise@0.000ns fall@25.000ns period=50.000ns})
  Destination:            u_iface/u_matmul/grp_matmul_4x4x4_Pipeline_init_conv_b_k_init_conv_b_j_fu_742/fpext_32ns_64_2_no_dsp_1_U84/din0_buf1_reg[13]/D
                            (rising edge-triggered cell FDRE clocked by clk_out20_unbuf  {rise@0.000ns fall@25.000ns period=50.000ns})
  Path Group:             clk_out20_unbuf
  Path Type:              Hold (Min at Fast Process Corner)
  Requirement:            0.000ns  (clk_out20_unbuf rise@0.000ns - clk_out20_unbuf rise@0.000ns)
  Data Path Delay:        0.372ns  (logic 0.164ns (44.066%)  route 0.208ns (55.934%))
  Logic Levels:           0  
  Clock Path Skew:        0.265ns (DCD - SCD - CPR)
    Destination Clock Delay (DCD):    2.444ns
    Source Clock Delay      (SCD):    1.893ns
    Clock Pessimism Removal (CPR):    0.287ns

    Location             Delay type                Incr(ns)  Path(ns)    Netlist Resource(s)
  -------------------------------------------------------------------    -------------------
                         (clock clk_out20_unbuf rise edge)
                                                      0.000     0.000 r  <hidden>
    E3                                                0.000     0.000 r  clk_pin100
                         net (fo=0)                   0.000     0.000    clk_pin100
    E3                   IBUF (Prop_ibuf_I_O)         0.257     0.257 r  clk_pin100_IBUF_inst/O
                         net (fo=1, routed)           0.440     0.697    u_clk_gen/clk_in100
    MMCME2_ADV_X1Y1      MMCME2_ADV (Prop_mmcme2_adv_CLKIN1_CLKOUT0)
                                                      0.050     0.747 r  u_clk_gen/u_mmcm/CLKOUT0
                         net (fo=1, routed)           0.486     1.233    u_clk_gen/clk_out20_unbuf
    BUFGCTRL_X0Y16       BUFG (Prop_bufg_I_O)         0.026     1.259 r  u_clk_gen/u_bufg/O
                         net (fo=7758, routed)        0.634     1.893    u_iface/u_matmul/grp_matmul_4x4x4_Pipeline_init_conv_b_k_init_conv_b_j_fu_742/clk_out20
    SLICE_X34Y117        FDRE                                         r  u_iface/u_matmul/grp_matmul_4x4x4_Pipeline_init_conv_b_k_init_conv_b_j_fu_742/tmp_14_reg_1641_reg[13]/C
  -------------------------------------------------------------------    -------------------
    SLICE_X34Y117        FDRE (Prop_fdre_C_Q)         0.164     2.057 r  u_iface/u_matmul/grp_matmul_4x4x4_Pipeline_init_conv_b_k_init_conv_b_j_fu_742/tmp_14_reg_1641_reg[13]/Q
                         net (fo=1, routed)           0.208     2.265    u_iface/u_matmul/grp_matmul_4x4x4_Pipeline_init_conv_b_k_init_conv_b_j_fu_742/fpext_32ns_64_2_no_dsp_1_U84/tmp_14_reg_1641[13]
    SLICE_X36Y115        FDRE                                         r  u_iface/u_matmul/grp_matmul_4x4x4_Pipeline_init_conv_b_k_init_conv_b_j_fu_742/fpext_32ns_64_2_no_dsp_1_U84/din0_buf1_reg[13]/D
  -------------------------------------------------------------------    -------------------

                         (clock clk_out20_unbuf rise edge)
                                                      0.000     0.000 r  <hidden>
    E3                                                0.000     0.000 r  clk_pin100
                         net (fo=0)                   0.000     0.000    clk_pin100
    E3                   IBUF (Prop_ibuf_I_O)         0.445     0.445 r  clk_pin100_IBUF_inst/O
                         net (fo=1, routed)           0.480     0.925    u_clk_gen/clk_in100
    MMCME2_ADV_X1Y1      MMCME2_ADV (Prop_mmcme2_adv_CLKIN1_CLKOUT0)
                                                      0.053     0.978 r  u_clk_gen/u_mmcm/CLKOUT0
                         net (fo=1, routed)           0.530     1.507    u_clk_gen/clk_out20_unbuf
    BUFGCTRL_X0Y16       BUFG (Prop_bufg_I_O)         0.029     1.536 r  u_clk_gen/u_bufg/O
                         net (fo=7758, routed)        0.908     2.444    u_iface/u_matmul/grp_matmul_4x4x4_Pipeline_init_conv_b_k_init_conv_b_j_fu_742/fpext_32ns_64_2_no_dsp_1_U84/clk_out20
    SLICE_X36Y115        FDRE                                         r  u_iface/u_matmul/grp_matmul_4x4x4_Pipeline_init_conv_b_k_init_conv_b_j_fu_742/fpext_32ns_64_2_no_dsp_1_U84/din0_buf1_reg[13]/C
                         clock pessimism             -0.287     2.158    <hidden>
    SLICE_X36Y115        FDRE (Hold_fdre_C_D)         0.066     2.224    u_iface/u_matmul/grp_matmul_4x4x4_Pipeline_init_conv_b_k_init_conv_b_j_fu_742/fpext_32ns_64_2_no_dsp_1_U84/din0_buf1_reg[13]
  -------------------------------------------------------------------
                         required time                         -2.224    <hidden>
                         arrival time                           2.265    <hidden>
  -------------------------------------------------------------------
                         slack                                  0.041    <hidden>

Slack (MET) :             0.048ns  (arrival time - required time)
  Source:                 u_iface/u_matmul/grp_matmul_4x4x4_Pipeline_time_loop_fu_778/conv_i_i26_1_2495_fu_328_reg[1]/C
                            (rising edge-triggered cell FDRE clocked by clk_out20_unbuf  {rise@0.000ns fall@25.000ns period=50.000ns})
  Destination:            u_iface/u_matmul/grp_matmul_4x4x4_Pipeline_time_loop_fu_778/phi_ln105_12_fu_228_reg[2]/D
                            (rising edge-triggered cell FDRE clocked by clk_out20_unbuf  {rise@0.000ns fall@25.000ns period=50.000ns})
  Path Group:             clk_out20_unbuf
  Path Type:              Hold (Min at Fast Process Corner)
  Requirement:            0.000ns  (clk_out20_unbuf rise@0.000ns - clk_out20_unbuf rise@0.000ns)
  Data Path Delay:        0.439ns  (logic 0.270ns (61.551%)  route 0.169ns (38.449%))
  Logic Levels:           1  (CARRY4=1)
  Clock Path Skew:        0.261ns (DCD - SCD - CPR)
    Destination Clock Delay (DCD):    2.351ns
    Source Clock Delay      (SCD):    1.807ns
    Clock Pessimism Removal (CPR):    0.283ns

    Location             Delay type                Incr(ns)  Path(ns)    Netlist Resource(s)
  -------------------------------------------------------------------    -------------------
                         (clock clk_out20_unbuf rise edge)
                                                      0.000     0.000 r  <hidden>
    E3                                                0.000     0.000 r  clk_pin100
                         net (fo=0)                   0.000     0.000    clk_pin100
    E3                   IBUF (Prop_ibuf_I_O)         0.257     0.257 r  clk_pin100_IBUF_inst/O
                         net (fo=1, routed)           0.440     0.697    u_clk_gen/clk_in100
    MMCME2_ADV_X1Y1      MMCME2_ADV (Prop_mmcme2_adv_CLKIN1_CLKOUT0)
                                                      0.050     0.747 r  u_clk_gen/u_mmcm/CLKOUT0
                         net (fo=1, routed)           0.486     1.233    u_clk_gen/clk_out20_unbuf
    BUFGCTRL_X0Y16       BUFG (Prop_bufg_I_O)         0.026     1.259 r  u_clk_gen/u_bufg/O
                         net (fo=7758, routed)        0.549     1.807    u_iface/u_matmul/grp_matmul_4x4x4_Pipeline_time_loop_fu_778/clk_out20
    SLICE_X36Y71         FDRE                                         r  u_iface/u_matmul/grp_matmul_4x4x4_Pipeline_time_loop_fu_778/conv_i_i26_1_2495_fu_328_reg[1]/C
  -------------------------------------------------------------------    -------------------
    SLICE_X36Y71         FDRE (Prop_fdre_C_Q)         0.141     1.948 r  u_iface/u_matmul/grp_matmul_4x4x4_Pipeline_time_loop_fu_778/conv_i_i26_1_2495_fu_328_reg[1]/Q
                         net (fo=2, routed)           0.169     2.117    u_iface/u_matmul/grp_matmul_4x4x4_Pipeline_time_loop_fu_778/shl_ln105_6_fu_1952_p3[17]
    SLICE_X34Y71         CARRY4 (Prop_carry4_DI[2]_O[3])
                                                      0.129     2.246 r  u_iface/u_matmul/grp_matmul_4x4x4_Pipeline_time_loop_fu_778/phi_ln105_12_fu_228_reg[2]_i_1/O[3]
                         net (fo=2, routed)           0.000     2.246    u_iface/u_matmul/grp_matmul_4x4x4_Pipeline_time_loop_fu_778/add_ln105_6_fu_1960_p2[18]
    SLICE_X34Y71         FDRE                                         r  u_iface/u_matmul/grp_matmul_4x4x4_Pipeline_time_loop_fu_778/phi_ln105_12_fu_228_reg[2]/D
  -------------------------------------------------------------------    -------------------

                         (clock clk_out20_unbuf rise edge)
                                                      0.000     0.000 r  <hidden>
    E3                                                0.000     0.000 r  clk_pin100
                         net (fo=0)                   0.000     0.000    clk_pin100
    E3                   IBUF (Prop_ibuf_I_O)         0.445     0.445 r  clk_pin100_IBUF_inst/O
                         net (fo=1, routed)           0.480     0.925    u_clk_gen/clk_in100
    MMCME2_ADV_X1Y1      MMCME2_ADV (Prop_mmcme2_adv_CLKIN1_CLKOUT0)
                                                      0.053     0.978 r  u_clk_gen/u_mmcm/CLKOUT0
                         net (fo=1, routed)           0.530     1.507    u_clk_gen/clk_out20_unbuf
    BUFGCTRL_X0Y16       BUFG (Prop_bufg_I_O)         0.029     1.536 r  u_clk_gen/u_bufg/O
                         net (fo=7758, routed)        0.815     2.351    u_iface/u_matmul/grp_matmul_4x4x4_Pipeline_time_loop_fu_778/clk_out20
    SLICE_X34Y71         FDRE                                         r  u_iface/u_matmul/grp_matmul_4x4x4_Pipeline_time_loop_fu_778/phi_ln105_12_fu_228_reg[2]/C
                         clock pessimism             -0.283     2.068    <hidden>
    SLICE_X34Y71         FDRE (Hold_fdre_C_D)         0.130     2.198    u_iface/u_matmul/grp_matmul_4x4x4_Pipeline_time_loop_fu_778/phi_ln105_12_fu_228_reg[2]
  -------------------------------------------------------------------
                         required time                         -2.198    <hidden>
                         arrival time                           2.246    <hidden>
  -------------------------------------------------------------------
                         slack                                  0.048    <hidden>

Slack (MET) :             0.052ns  (arrival time - required time)
  Source:                 arg2_in_flat_reg[250]/C
                            (rising edge-triggered cell FDRE clocked by clk_out20_unbuf  {rise@0.000ns fall@25.000ns period=50.000ns})
  Destination:            u_iface/u_matmul/bitcast_ln54_7_reg_1813_reg[26]/D
                            (rising edge-triggered cell FDRE clocked by clk_out20_unbuf  {rise@0.000ns fall@25.000ns period=50.000ns})
  Path Group:             clk_out20_unbuf
  Path Type:              Hold (Min at Fast Process Corner)
  Requirement:            0.000ns  (clk_out20_unbuf rise@0.000ns - clk_out20_unbuf rise@0.000ns)
  Data Path Delay:        0.378ns  (logic 0.141ns (37.289%)  route 0.237ns (62.711%))
  Logic Levels:           0  
  Clock Path Skew:        0.266ns (DCD - SCD - CPR)
    Destination Clock Delay (DCD):    2.441ns
    Source Clock Delay      (SCD):    1.889ns
    Clock Pessimism Removal (CPR):    0.287ns

    Location             Delay type                Incr(ns)  Path(ns)    Netlist Resource(s)
  -------------------------------------------------------------------    -------------------
                         (clock clk_out20_unbuf rise edge)
                                                      0.000     0.000 r  <hidden>
    E3                                                0.000     0.000 r  clk_pin100
                         net (fo=0)                   0.000     0.000    clk_pin100
    E3                   IBUF (Prop_ibuf_I_O)         0.257     0.257 r  clk_pin100_IBUF_inst/O
                         net (fo=1, routed)           0.440     0.697    u_clk_gen/clk_in100
    MMCME2_ADV_X1Y1      MMCME2_ADV (Prop_mmcme2_adv_CLKIN1_CLKOUT0)
                                                      0.050     0.747 r  u_clk_gen/u_mmcm/CLKOUT0
                         net (fo=1, routed)           0.486     1.233    u_clk_gen/clk_out20_unbuf
    BUFGCTRL_X0Y16       BUFG (Prop_bufg_I_O)         0.026     1.259 r  u_clk_gen/u_bufg/O
                         net (fo=7758, routed)        0.630     1.889    clk
    SLICE_X36Y128        FDRE                                         r  arg2_in_flat_reg[250]/C
  -------------------------------------------------------------------    -------------------
    SLICE_X36Y128        FDRE (Prop_fdre_C_Q)         0.141     2.030 r  arg2_in_flat_reg[250]/Q
                         net (fo=1, routed)           0.237     2.267    u_iface/u_matmul/Cinout_1_3_i[26]
    SLICE_X34Y131        FDRE                                         r  u_iface/u_matmul/bitcast_ln54_7_reg_1813_reg[26]/D
  -------------------------------------------------------------------    -------------------

                         (clock clk_out20_unbuf rise edge)
                                                      0.000     0.000 r  <hidden>
    E3                                                0.000     0.000 r  clk_pin100
                         net (fo=0)                   0.000     0.000    clk_pin100
    E3                   IBUF (Prop_ibuf_I_O)         0.445     0.445 r  clk_pin100_IBUF_inst/O
                         net (fo=1, routed)           0.480     0.925    u_clk_gen/clk_in100
    MMCME2_ADV_X1Y1      MMCME2_ADV (Prop_mmcme2_adv_CLKIN1_CLKOUT0)
                                                      0.053     0.978 r  u_clk_gen/u_mmcm/CLKOUT0
                         net (fo=1, routed)           0.530     1.507    u_clk_gen/clk_out20_unbuf
    BUFGCTRL_X0Y16       BUFG (Prop_bufg_I_O)         0.029     1.536 r  u_clk_gen/u_bufg/O
                         net (fo=7758, routed)        0.905     2.441    u_iface/u_matmul/clk_out20
    SLICE_X34Y131        FDRE                                         r  u_iface/u_matmul/bitcast_ln54_7_reg_1813_reg[26]/C
                         clock pessimism             -0.287     2.155    <hidden>
    SLICE_X34Y131        FDRE (Hold_fdre_C_D)         0.060     2.215    u_iface/u_matmul/bitcast_ln54_7_reg_1813_reg[26]
  -------------------------------------------------------------------
                         required time                         -2.215    <hidden>
                         arrival time                           2.267    <hidden>
  -------------------------------------------------------------------
                         slack                                  0.052    <hidden>





Pulse Width Checks
--------------------------------------------------------------------------------------
Clock Name:         clk_out20_unbuf
Waveform(ns):       { 0.000 25.000 }
Period(ns):         50.000
Sources:            { u_clk_gen/u_mmcm/CLKOUT0 }

Check Type        Corner  Lib Pin             Reference Pin  Required(ns)  Actual(ns)  Slack(ns)  Location         Pin
Min Period        n/a     BUFG/I              n/a            2.155         50.000      47.845     BUFGCTRL_X0Y16   u_clk_gen/u_bufg/I
Min Period        n/a     DSP48E1/CLK         n/a            2.154         50.000      47.846     DSP48_X0Y26      u_iface/u_matmul/grp_matmul_4x4x4_Pipeline_time_loop_fu_778/mul_21s_21s_42_1_1_U124/tmp_product/CLK
Min Period        n/a     DSP48E1/CLK         n/a            2.154         50.000      47.846     DSP48_X0Y27      u_iface/u_matmul/grp_matmul_4x4x4_Pipeline_time_loop_fu_778/mul_21s_21s_42_1_1_U125/tmp_product/CLK
Min Period        n/a     DSP48E1/CLK         n/a            2.154         50.000      47.846     DSP48_X0Y28      u_iface/u_matmul/grp_matmul_4x4x4_Pipeline_time_loop_fu_778/mul_21s_21s_42_1_1_U126/tmp_product/CLK
Min Period        n/a     DSP48E1/CLK         n/a            2.154         50.000      47.846     DSP48_X1Y25      u_iface/u_matmul/grp_matmul_4x4x4_Pipeline_time_loop_fu_778/mul_21s_21s_42_1_1_U127/tmp_product/CLK
Min Period        n/a     DSP48E1/CLK         n/a            2.154         50.000      47.846     DSP48_X1Y27      u_iface/u_matmul/grp_matmul_4x4x4_Pipeline_time_loop_fu_778/mul_21s_21s_42_1_1_U128/tmp_product/CLK
Min Period        n/a     DSP48E1/CLK         n/a            2.154         50.000      47.846     DSP48_X1Y29      u_iface/u_matmul/grp_matmul_4x4x4_Pipeline_time_loop_fu_778/mul_21s_21s_42_1_1_U129/tmp_product/CLK
Min Period        n/a     DSP48E1/CLK         n/a            2.154         50.000      47.846     DSP48_X1Y24      u_iface/u_matmul/grp_matmul_4x4x4_Pipeline_time_loop_fu_778/mul_21s_21s_42_1_1_U130/tmp_product/CLK
Min Period        n/a     DSP48E1/CLK         n/a            2.154         50.000      47.846     DSP48_X1Y26      u_iface/u_matmul/grp_matmul_4x4x4_Pipeline_time_loop_fu_778/mul_21s_21s_42_1_1_U131/tmp_product/CLK
Min Period        n/a     DSP48E1/CLK         n/a            2.154         50.000      47.846     DSP48_X0Y32      u_iface/u_matmul/grp_matmul_4x4x4_Pipeline_time_loop_fu_778/mul_21s_21s_42_1_1_U133/tmp_product/CLK
Max Period        n/a     MMCME2_ADV/CLKOUT0  n/a            213.360       50.000      163.360    MMCME2_ADV_X1Y1  u_clk_gen/u_mmcm/CLKOUT0
Low Pulse Width   Slow    SRL16E/CLK          n/a            0.980         25.000      24.020     SLICE_X56Y76     u_iface/u_matmul/grp_matmul_4x4x4_Pipeline_drain_i_drain_j_fu_846/trunc_ln114_reg_932_pp0_iter1_reg_reg[0]_srl2/CLK
Low Pulse Width   Fast    SRL16E/CLK          n/a            0.980         25.000      24.020     SLICE_X56Y76     u_iface/u_matmul/grp_matmul_4x4x4_Pipeline_drain_i_drain_j_fu_846/trunc_ln114_reg_932_pp0_iter1_reg_reg[0]_srl2/CLK
Low Pulse Width   Slow    SRL16E/CLK          n/a            0.980         25.000      24.020     SLICE_X56Y76     u_iface/u_matmul/grp_matmul_4x4x4_Pipeline_drain_i_drain_j_fu_846/trunc_ln114_reg_932_pp0_iter1_reg_reg[1]_srl2/CLK
Low Pulse Width   Fast    SRL16E/CLK          n/a            0.980         25.000      24.020     SLICE_X56Y76     u_iface/u_matmul/grp_matmul_4x4x4_Pipeline_drain_i_drain_j_fu_846/trunc_ln114_reg_932_pp0_iter1_reg_reg[1]_srl2/CLK
Low Pulse Width   Slow    SRL16E/CLK          n/a            0.980         25.000      24.020     SLICE_X56Y76     u_iface/u_matmul/grp_matmul_4x4x4_Pipeline_drain_i_drain_j_fu_846/trunc_ln116_reg_936_pp0_iter1_reg_reg[0]_srl2/CLK
Low Pulse Width   Fast    SRL16E/CLK          n/a            0.980         25.000      24.020     SLICE_X56Y76     u_iface/u_matmul/grp_matmul_4x4x4_Pipeline_drain_i_drain_j_fu_846/trunc_ln116_reg_936_pp0_iter1_reg_reg[0]_srl2/CLK
Low Pulse Width   Slow    SRL16E/CLK          n/a            0.980         25.000      24.020     SLICE_X56Y76     u_iface/u_matmul/grp_matmul_4x4x4_Pipeline_drain_i_drain_j_fu_846/trunc_ln116_reg_936_pp0_iter1_reg_reg[1]_srl2/CLK
Low Pulse Width   Fast    SRL16E/CLK          n/a            0.980         25.000      24.020     SLICE_X56Y76     u_iface/u_matmul/grp_matmul_4x4x4_Pipeline_drain_i_drain_j_fu_846/trunc_ln116_reg_936_pp0_iter1_reg_reg[1]_srl2/CLK
Low Pulse Width   Slow    SRL16E/CLK          n/a            0.980         25.000      24.020     SLICE_X14Y108    u_iface/u_matmul/grp_matmul_4x4x4_Pipeline_init_conv_a_i_init_conv_a_k_fu_706/ap_loop_exit_ready_pp0_iter3_reg_reg_srl3/CLK
Low Pulse Width   Fast    SRL16E/CLK          n/a            0.980         25.000      24.020     SLICE_X14Y108    u_iface/u_matmul/grp_matmul_4x4x4_Pipeline_init_conv_a_i_init_conv_a_k_fu_706/ap_loop_exit_ready_pp0_iter3_reg_reg_srl3/CLK
High Pulse Width  Slow    SRL16E/CLK          n/a            0.980         25.000      24.020     SLICE_X56Y76     u_iface/u_matmul/grp_matmul_4x4x4_Pipeline_drain_i_drain_j_fu_846/trunc_ln114_reg_932_pp0_iter1_reg_reg[0]_srl2/CLK
High Pulse Width  Fast    SRL16E/CLK          n/a            0.980         25.000      24.020     SLICE_X56Y76     u_iface/u_matmul/grp_matmul_4x4x4_Pipeline_drain_i_drain_j_fu_846/trunc_ln114_reg_932_pp0_iter1_reg_reg[0]_srl2/CLK
High Pulse Width  Slow    SRL16E/CLK          n/a            0.980         25.000      24.020     SLICE_X56Y76     u_iface/u_matmul/grp_matmul_4x4x4_Pipeline_drain_i_drain_j_fu_846/trunc_ln114_reg_932_pp0_iter1_reg_reg[1]_srl2/CLK
High Pulse Width  Fast    SRL16E/CLK          n/a            0.980         25.000      24.020     SLICE_X56Y76     u_iface/u_matmul/grp_matmul_4x4x4_Pipeline_drain_i_drain_j_fu_846/trunc_ln114_reg_932_pp0_iter1_reg_reg[1]_srl2/CLK
High Pulse Width  Slow    SRL16E/CLK          n/a            0.980         25.000      24.020     SLICE_X56Y76     u_iface/u_matmul/grp_matmul_4x4x4_Pipeline_drain_i_drain_j_fu_846/trunc_ln116_reg_936_pp0_iter1_reg_reg[0]_srl2/CLK
High Pulse Width  Fast    SRL16E/CLK          n/a            0.980         25.000      24.020     SLICE_X56Y76     u_iface/u_matmul/grp_matmul_4x4x4_Pipeline_drain_i_drain_j_fu_846/trunc_ln116_reg_936_pp0_iter1_reg_reg[0]_srl2/CLK
High Pulse Width  Slow    SRL16E/CLK          n/a            0.980         25.000      24.020     SLICE_X56Y76     u_iface/u_matmul/grp_matmul_4x4x4_Pipeline_drain_i_drain_j_fu_846/trunc_ln116_reg_936_pp0_iter1_reg_reg[1]_srl2/CLK
High Pulse Width  Fast    SRL16E/CLK          n/a            0.980         25.000      24.020     SLICE_X56Y76     u_iface/u_matmul/grp_matmul_4x4x4_Pipeline_drain_i_drain_j_fu_846/trunc_ln116_reg_936_pp0_iter1_reg_reg[1]_srl2/CLK
High Pulse Width  Slow    SRL16E/CLK          n/a            0.980         25.000      24.020     SLICE_X14Y108    u_iface/u_matmul/grp_matmul_4x4x4_Pipeline_init_conv_a_i_init_conv_a_k_fu_706/ap_loop_exit_ready_pp0_iter3_reg_reg_srl3/CLK
High Pulse Width  Fast    SRL16E/CLK          n/a            0.980         25.000      24.020     SLICE_X14Y108    u_iface/u_matmul/grp_matmul_4x4x4_Pipeline_init_conv_a_i_init_conv_a_k_fu_706/ap_loop_exit_ready_pp0_iter3_reg_reg_srl3/CLK



---------------------------------------------------------------------------------------------------
From Clock:  clkfb
  To Clock:  clkfb

Setup :           NA  Failing Endpoints,  Worst Slack           NA  ,  Total Violation           NA
Hold  :           NA  Failing Endpoints,  Worst Slack           NA  ,  Total Violation           NA
PW    :            0  Failing Endpoints,  Worst Slack        8.751ns,  Total Violation        0.000ns
---------------------------------------------------------------------------------------------------


Pulse Width Checks
--------------------------------------------------------------------------------------
Clock Name:         clkfb
Waveform(ns):       { 0.000 5.000 }
Period(ns):         10.000
Sources:            { u_clk_gen/u_mmcm/CLKFBOUT }

Check Type  Corner  Lib Pin              Reference Pin  Required(ns)  Actual(ns)  Slack(ns)  Location         Pin
Min Period  n/a     MMCME2_ADV/CLKFBOUT  n/a            1.249         10.000      8.751      MMCME2_ADV_X1Y1  u_clk_gen/u_mmcm/CLKFBOUT
Min Period  n/a     MMCME2_ADV/CLKFBIN   n/a            1.249         10.000      8.751      MMCME2_ADV_X1Y1  u_clk_gen/u_mmcm/CLKFBIN
Max Period  n/a     MMCME2_ADV/CLKFBIN   n/a            100.000       10.000      90.000     MMCME2_ADV_X1Y1  u_clk_gen/u_mmcm/CLKFBIN
Max Period  n/a     MMCME2_ADV/CLKFBOUT  n/a            213.360       10.000      203.360    MMCME2_ADV_X1Y1  u_clk_gen/u_mmcm/CLKFBOUT



--------------------------------------------------------------------------------------
Path Group:  (none)
From Clock:  clk_out20_unbuf
  To Clock:  

Max Delay             2 Endpoints
Min Delay             2 Endpoints
--------------------------------------------------------------------------------------


Max Delay Paths
--------------------------------------------------------------------------------------
Slack:                    inf
  Source:                 done_led_reg/C
                            (rising edge-triggered cell FDRE clocked by clk_out20_unbuf  {rise@0.000ns fall@25.000ns period=50.000ns})
  Destination:            led_done
                            (output port)
  Path Group:             (none)
  Path Type:              Max at Slow Process Corner
  Data Path Delay:        9.025ns  (logic 3.981ns (44.116%)  route 5.043ns (55.884%))
  Logic Levels:           1  (OBUF=1)
  Clock Uncertainty:      0.190ns  ((TSJ^2 + DJ^2)^1/2) / 2 + PE
    Total System Jitter     (TSJ):    0.050ns
    Discrete Jitter          (DJ):    0.175ns
    Phase Error              (PE):    0.099ns

    Location             Delay type                Incr(ns)  Path(ns)    Netlist Resource(s)
  -------------------------------------------------------------------    -------------------
                         (clock clk_out20_unbuf rise edge)
                                                      0.000     0.000 r  <hidden>
    E3                                                0.000     0.000 r  clk_pin100
                         net (fo=0)                   0.000     0.000    clk_pin100
    E3                   IBUF (Prop_ibuf_I_O)         1.489     1.489 r  clk_pin100_IBUF_inst/O
                         net (fo=1, routed)           1.233     2.722    u_clk_gen/clk_in100
    MMCME2_ADV_X1Y1      MMCME2_ADV (Prop_mmcme2_adv_CLKIN1_CLKOUT0)
                                                      0.088     2.810 r  u_clk_gen/u_mmcm/CLKOUT0
                         net (fo=1, routed)           1.661     4.471    u_clk_gen/clk_out20_unbuf
    BUFGCTRL_X0Y16       BUFG (Prop_bufg_I_O)         0.096     4.567 r  u_clk_gen/u_bufg/O
                         net (fo=7758, routed)        1.714     6.282    clk
    SLICE_X33Y124        FDRE                                         r  done_led_reg/C
  -------------------------------------------------------------------    -------------------
    SLICE_X33Y124        FDRE (Prop_fdre_C_Q)         0.456     6.738 r  done_led_reg/Q
                         net (fo=1, routed)           5.043    11.781    led_done_OBUF
    H5                   OBUF (Prop_obuf_I_O)         3.525    15.307 r  led_done_OBUF_inst/O
                         net (fo=0)                   0.000    15.307    led_done
    H5                                                                r  led_done
  -------------------------------------------------------------------    -------------------

Slack:                    inf
  Source:                 u_tx/tx_reg/C
                            (rising edge-triggered cell FDSE clocked by clk_out20_unbuf  {rise@0.000ns fall@25.000ns period=50.000ns})
  Destination:            uart_tx_pin
                            (output port)
  Path Group:             (none)
  Path Type:              Max at Slow Process Corner
  Data Path Delay:        8.405ns  (logic 3.977ns (47.323%)  route 4.427ns (52.677%))
  Logic Levels:           1  (OBUF=1)
  Clock Uncertainty:      0.190ns  ((TSJ^2 + DJ^2)^1/2) / 2 + PE
    Total System Jitter     (TSJ):    0.050ns
    Discrete Jitter          (DJ):    0.175ns
    Phase Error              (PE):    0.099ns

    Location             Delay type                Incr(ns)  Path(ns)    Netlist Resource(s)
  -------------------------------------------------------------------    -------------------
                         (clock clk_out20_unbuf rise edge)
                                                      0.000     0.000 r  <hidden>
    E3                                                0.000     0.000 r  clk_pin100
                         net (fo=0)                   0.000     0.000    clk_pin100
    E3                   IBUF (Prop_ibuf_I_O)         1.489     1.489 r  clk_pin100_IBUF_inst/O
                         net (fo=1, routed)           1.233     2.722    u_clk_gen/clk_in100
    MMCME2_ADV_X1Y1      MMCME2_ADV (Prop_mmcme2_adv_CLKIN1_CLKOUT0)
                                                      0.088     2.810 r  u_clk_gen/u_mmcm/CLKOUT0
                         net (fo=1, routed)           1.661     4.471    u_clk_gen/clk_out20_unbuf
    BUFGCTRL_X0Y16       BUFG (Prop_bufg_I_O)         0.096     4.567 r  u_clk_gen/u_bufg/O
                         net (fo=7758, routed)        1.611     6.178    u_tx/clk_out20
    SLICE_X62Y79         FDSE                                         r  u_tx/tx_reg/C
  -------------------------------------------------------------------    -------------------
    SLICE_X62Y79         FDSE (Prop_fdse_C_Q)         0.456     6.634 r  u_tx/tx_reg/Q
                         net (fo=1, routed)           4.427    11.062    uart_tx_pin_OBUF
    D10                  OBUF (Prop_obuf_I_O)         3.521    14.583 r  uart_tx_pin_OBUF_inst/O
                         net (fo=0)                   0.000    14.583    uart_tx_pin
    D10                                                               r  uart_tx_pin
  -------------------------------------------------------------------    -------------------





Min Delay Paths
--------------------------------------------------------------------------------------
Slack:                    inf
  Source:                 u_tx/tx_reg/C
                            (rising edge-triggered cell FDSE clocked by clk_out20_unbuf  {rise@0.000ns fall@25.000ns period=50.000ns})
  Destination:            uart_tx_pin
                            (output port)
  Path Group:             (none)
  Path Type:              Min at Fast Process Corner
  Data Path Delay:        2.988ns  (logic 1.363ns (45.631%)  route 1.624ns (54.369%))
  Logic Levels:           1  (OBUF=1)
  Clock Uncertainty:      0.190ns  ((TSJ^2 + DJ^2)^1/2) / 2 + PE
    Total System Jitter     (TSJ):    0.050ns
    Discrete Jitter          (DJ):    0.175ns
    Phase Error              (PE):    0.099ns

    Location             Delay type                Incr(ns)  Path(ns)    Netlist Resource(s)
  -------------------------------------------------------------------    -------------------
                         (clock clk_out20_unbuf rise edge)
                                                      0.000     0.000 r  <hidden>
    E3                                                0.000     0.000 r  clk_pin100
                         net (fo=0)                   0.000     0.000    clk_pin100
    E3                   IBUF (Prop_ibuf_I_O)         0.257     0.257 r  clk_pin100_IBUF_inst/O
                         net (fo=1, routed)           0.440     0.697    u_clk_gen/clk_in100
    MMCME2_ADV_X1Y1      MMCME2_ADV (Prop_mmcme2_adv_CLKIN1_CLKOUT0)
                                                      0.050     0.747 r  u_clk_gen/u_mmcm/CLKOUT0
                         net (fo=1, routed)           0.486     1.233    u_clk_gen/clk_out20_unbuf
    BUFGCTRL_X0Y16       BUFG (Prop_bufg_I_O)         0.026     1.259 r  u_clk_gen/u_bufg/O
                         net (fo=7758, routed)        0.582     1.840    u_tx/clk_out20
    SLICE_X62Y79         FDSE                                         r  u_tx/tx_reg/C
  -------------------------------------------------------------------    -------------------
    SLICE_X62Y79         FDSE (Prop_fdse_C_Q)         0.141     1.981 r  u_tx/tx_reg/Q
                         net (fo=1, routed)           1.624     3.606    uart_tx_pin_OBUF
    D10                  OBUF (Prop_obuf_I_O)         1.222     4.828 r  uart_tx_pin_OBUF_inst/O
                         net (fo=0)                   0.000     4.828    uart_tx_pin
    D10                                                               r  uart_tx_pin
  -------------------------------------------------------------------    -------------------

Slack:                    inf
  Source:                 done_led_reg/C
                            (rising edge-triggered cell FDRE clocked by clk_out20_unbuf  {rise@0.000ns fall@25.000ns period=50.000ns})
  Destination:            led_done
                            (output port)
  Path Group:             (none)
  Path Type:              Min at Fast Process Corner
  Data Path Delay:        3.251ns  (logic 1.367ns (42.062%)  route 1.883ns (57.938%))
  Logic Levels:           1  (OBUF=1)
  Clock Uncertainty:      0.190ns  ((TSJ^2 + DJ^2)^1/2) / 2 + PE
    Total System Jitter     (TSJ):    0.050ns
    Discrete Jitter          (DJ):    0.175ns
    Phase Error              (PE):    0.099ns

    Location             Delay type                Incr(ns)  Path(ns)    Netlist Resource(s)
  -------------------------------------------------------------------    -------------------
                         (clock clk_out20_unbuf rise edge)
                                                      0.000     0.000 r  <hidden>
    E3                                                0.000     0.000 r  clk_pin100
                         net (fo=0)                   0.000     0.000    clk_pin100
    E3                   IBUF (Prop_ibuf_I_O)         0.257     0.257 r  clk_pin100_IBUF_inst/O
                         net (fo=1, routed)           0.440     0.697    u_clk_gen/clk_in100
    MMCME2_ADV_X1Y1      MMCME2_ADV (Prop_mmcme2_adv_CLKIN1_CLKOUT0)
                                                      0.050     0.747 r  u_clk_gen/u_mmcm/CLKOUT0
                         net (fo=1, routed)           0.486     1.233    u_clk_gen/clk_out20_unbuf
    BUFGCTRL_X0Y16       BUFG (Prop_bufg_I_O)         0.026     1.259 r  u_clk_gen/u_bufg/O
                         net (fo=7758, routed)        0.628     1.887    clk
    SLICE_X33Y124        FDRE                                         r  done_led_reg/C
  -------------------------------------------------------------------    -------------------
    SLICE_X33Y124        FDRE (Prop_fdre_C_Q)         0.141     2.028 r  done_led_reg/Q
                         net (fo=1, routed)           1.883     3.911    led_done_OBUF
    H5                   OBUF (Prop_obuf_I_O)         1.226     5.138 r  led_done_OBUF_inst/O
                         net (fo=0)                   0.000     5.138    led_done
    H5                                                                r  led_done
  -------------------------------------------------------------------    -------------------





--------------------------------------------------------------------------------------
Path Group:  (none)
From Clock:  
  To Clock:  clk_out20_unbuf

Max Delay          3274 Endpoints
Min Delay          3274 Endpoints
--------------------------------------------------------------------------------------


Max Delay Paths
--------------------------------------------------------------------------------------
Slack:                    inf
  Source:                 btn_rst
                            (input port)
  Destination:            u_tx/clk_cnt_reg[14]/R
                            (rising edge-triggered cell FDRE clocked by clk_out20_unbuf  {rise@0.000ns fall@25.000ns period=50.000ns})
  Path Group:             (none)
  Path Type:              Setup (Max at Slow Process Corner)
  Data Path Delay:        10.513ns  (logic 1.945ns (18.499%)  route 8.569ns (81.501%))
  Logic Levels:           3  (IBUF=1 LUT2=1 LUT5=1)
  Clock Path Skew:        5.835ns (DCD - SCD + CPR)
    Destination Clock Delay (DCD):    5.835ns
    Source Clock Delay      (SCD):    0.000ns
    Clock Pessimism Removal (CPR):    0.000ns
  Clock Uncertainty:      0.190ns  ((TSJ^2 + DJ^2)^1/2) / 2 + PE
    Total System Jitter     (TSJ):    0.050ns
    Discrete Jitter          (DJ):    0.175ns
    Phase Error              (PE):    0.099ns

    Location             Delay type                Incr(ns)  Path(ns)    Netlist Resource(s)
  -------------------------------------------------------------------    -------------------
    D9                                                0.000     0.000 f  btn_rst
                         net (fo=0)                   0.000     0.000    btn_rst
    D9                   IBUF (Prop_ibuf_I_O)         1.467     1.467 f  btn_rst_IBUF_inst/O
                         net (fo=25, routed)          2.811     4.278    u_clk_gen/btn_rst_IBUF
    SLICE_X32Y127        LUT2 (Prop_lut2_I0_O)        0.152     4.430 f  u_clk_gen/ap_enable_reg_pp0_iter2_i_1/O
                         net (fo=130, routed)         4.632     9.062    u_tx/rst
    SLICE_X63Y81         LUT5 (Prop_lut5_I3_O)        0.326     9.388 r  u_tx/clk_cnt[15]_i_1__0/O
                         net (fo=16, routed)          1.125    10.513    u_tx/clk_cnt[15]_i_1__0_n_0
    SLICE_X64Y84         FDRE                                         r  u_tx/clk_cnt_reg[14]/R
  -------------------------------------------------------------------    -------------------

                         (clock clk_out20_unbuf rise edge)
                                                      0.000     0.000 r  <hidden>
    E3                                                0.000     0.000 r  clk_pin100
                         net (fo=0)                   0.000     0.000    clk_pin100
    E3                   IBUF (Prop_ibuf_I_O)         1.418     1.418 r  clk_pin100_IBUF_inst/O
                         net (fo=1, routed)           1.162     2.580    u_clk_gen/clk_in100
    MMCME2_ADV_X1Y1      MMCME2_ADV (Prop_mmcme2_adv_CLKIN1_CLKOUT0)
                                                      0.083     2.663 r  u_clk_gen/u_mmcm/CLKOUT0
                         net (fo=1, routed)           1.581     4.244    u_clk_gen/clk_out20_unbuf
    BUFGCTRL_X0Y16       BUFG (Prop_bufg_I_O)         0.091     4.335 r  u_clk_gen/u_bufg/O
                         net (fo=7758, routed)        1.500     5.835    u_tx/clk_out20
    SLICE_X64Y84         FDRE                                         r  u_tx/clk_cnt_reg[14]/C

Slack:                    inf
  Source:                 btn_rst
                            (input port)
  Destination:            u_tx/clk_cnt_reg[15]/R
                            (rising edge-triggered cell FDRE clocked by clk_out20_unbuf  {rise@0.000ns fall@25.000ns period=50.000ns})
  Path Group:             (none)
  Path Type:              Setup (Max at Slow Process Corner)
  Data Path Delay:        10.513ns  (logic 1.945ns (18.499%)  route 8.569ns (81.501%))
  Logic Levels:           3  (IBUF=1 LUT2=1 LUT5=1)
  Clock Path Skew:        5.835ns (DCD - SCD + CPR)
    Destination Clock Delay (DCD):    5.835ns
    Source Clock Delay      (SCD):    0.000ns
    Clock Pessimism Removal (CPR):    0.000ns
  Clock Uncertainty:      0.190ns  ((TSJ^2 + DJ^2)^1/2) / 2 + PE
    Total System Jitter     (TSJ):    0.050ns
    Discrete Jitter          (DJ):    0.175ns
    Phase Error              (PE):    0.099ns

    Location             Delay type                Incr(ns)  Path(ns)    Netlist Resource(s)
  -------------------------------------------------------------------    -------------------
    D9                                                0.000     0.000 f  btn_rst
                         net (fo=0)                   0.000     0.000    btn_rst
    D9                   IBUF (Prop_ibuf_I_O)         1.467     1.467 f  btn_rst_IBUF_inst/O
                         net (fo=25, routed)          2.811     4.278    u_clk_gen/btn_rst_IBUF
    SLICE_X32Y127        LUT2 (Prop_lut2_I0_O)        0.152     4.430 f  u_clk_gen/ap_enable_reg_pp0_iter2_i_1/O
                         net (fo=130, routed)         4.632     9.062    u_tx/rst
    SLICE_X63Y81         LUT5 (Prop_lut5_I3_O)        0.326     9.388 r  u_tx/clk_cnt[15]_i_1__0/O
                         net (fo=16, routed)          1.125    10.513    u_tx/clk_cnt[15]_i_1__0_n_0
    SLICE_X64Y84         FDRE                                         r  u_tx/clk_cnt_reg[15]/R
  -------------------------------------------------------------------    -------------------

                         (clock clk_out20_unbuf rise edge)
                                                      0.000     0.000 r  <hidden>
    E3                                                0.000     0.000 r  clk_pin100
                         net (fo=0)                   0.000     0.000    clk_pin100
    E3                   IBUF (Prop_ibuf_I_O)         1.418     1.418 r  clk_pin100_IBUF_inst/O
                         net (fo=1, routed)           1.162     2.580    u_clk_gen/clk_in100
    MMCME2_ADV_X1Y1      MMCME2_ADV (Prop_mmcme2_adv_CLKIN1_CLKOUT0)
                                                      0.083     2.663 r  u_clk_gen/u_mmcm/CLKOUT0
                         net (fo=1, routed)           1.581     4.244    u_clk_gen/clk_out20_unbuf
    BUFGCTRL_X0Y16       BUFG (Prop_bufg_I_O)         0.091     4.335 r  u_clk_gen/u_bufg/O
                         net (fo=7758, routed)        1.500     5.835    u_tx/clk_out20
    SLICE_X64Y84         FDRE                                         r  u_tx/clk_cnt_reg[15]/C

Slack:                    inf
  Source:                 btn_rst
                            (input port)
  Destination:            u_tx/shift_reg_reg[0]/CE
                            (rising edge-triggered cell FDRE clocked by clk_out20_unbuf  {rise@0.000ns fall@25.000ns period=50.000ns})
  Path Group:             (none)
  Path Type:              Setup (Max at Slow Process Corner)
  Data Path Delay:        10.288ns  (logic 1.945ns (18.903%)  route 8.343ns (81.097%))
  Logic Levels:           3  (IBUF=1 LUT2=1 LUT4=1)
  Clock Path Skew:        5.829ns (DCD - SCD + CPR)
    Destination Clock Delay (DCD):    5.829ns
    Source Clock Delay      (SCD):    0.000ns
    Clock Pessimism Removal (CPR):    0.000ns
  Clock Uncertainty:      0.190ns  ((TSJ^2 + DJ^2)^1/2) / 2 + PE
    Total System Jitter     (TSJ):    0.050ns
    Discrete Jitter          (DJ):    0.175ns
    Phase Error              (PE):    0.099ns

    Location             Delay type                Incr(ns)  Path(ns)    Netlist Resource(s)
  -------------------------------------------------------------------    -------------------
    D9                                                0.000     0.000 f  btn_rst
                         net (fo=0)                   0.000     0.000    btn_rst
    D9                   IBUF (Prop_ibuf_I_O)         1.467     1.467 f  btn_rst_IBUF_inst/O
                         net (fo=25, routed)          2.811     4.278    u_clk_gen/btn_rst_IBUF
    SLICE_X32Y127        LUT2 (Prop_lut2_I0_O)        0.152     4.430 f  u_clk_gen/ap_enable_reg_pp0_iter2_i_1/O
                         net (fo=130, routed)         4.652     9.082    u_tx/rst
    SLICE_X62Y79         LUT4 (Prop_lut4_I3_O)        0.326     9.408 r  u_tx/shift_reg[7]_i_1__0/O
                         net (fo=8, routed)           0.880    10.288    u_tx/shift_reg[7]_i_1__0_n_0
    SLICE_X61Y69         FDRE                                         r  u_tx/shift_reg_reg[0]/CE
  -------------------------------------------------------------------    -------------------

                         (clock clk_out20_unbuf rise edge)
                                                      0.000     0.000 r  <hidden>
    E3                                                0.000     0.000 r  clk_pin100
                         net (fo=0)                   0.000     0.000    clk_pin100
    E3                   IBUF (Prop_ibuf_I_O)         1.418     1.418 r  clk_pin100_IBUF_inst/O
                         net (fo=1, routed)           1.162     2.580    u_clk_gen/clk_in100
    MMCME2_ADV_X1Y1      MMCME2_ADV (Prop_mmcme2_adv_CLKIN1_CLKOUT0)
                                                      0.083     2.663 r  u_clk_gen/u_mmcm/CLKOUT0
                         net (fo=1, routed)           1.581     4.244    u_clk_gen/clk_out20_unbuf
    BUFGCTRL_X0Y16       BUFG (Prop_bufg_I_O)         0.091     4.335 r  u_clk_gen/u_bufg/O
                         net (fo=7758, routed)        1.494     5.829    u_tx/clk_out20
    SLICE_X61Y69         FDRE                                         r  u_tx/shift_reg_reg[0]/C

Slack:                    inf
  Source:                 btn_rst
                            (input port)
  Destination:            u_tx/shift_reg_reg[1]/CE
                            (rising edge-triggered cell FDRE clocked by clk_out20_unbuf  {rise@0.000ns fall@25.000ns period=50.000ns})
  Path Group:             (none)
  Path Type:              Setup (Max at Slow Process Corner)
  Data Path Delay:        10.288ns  (logic 1.945ns (18.903%)  route 8.343ns (81.097%))
  Logic Levels:           3  (IBUF=1 LUT2=1 LUT4=1)
  Clock Path Skew:        5.829ns (DCD - SCD + CPR)
    Destination Clock Delay (DCD):    5.829ns
    Source Clock Delay      (SCD):    0.000ns
    Clock Pessimism Removal (CPR):    0.000ns
  Clock Uncertainty:      0.190ns  ((TSJ^2 + DJ^2)^1/2) / 2 + PE
    Total System Jitter     (TSJ):    0.050ns
    Discrete Jitter          (DJ):    0.175ns
    Phase Error              (PE):    0.099ns

    Location             Delay type                Incr(ns)  Path(ns)    Netlist Resource(s)
  -------------------------------------------------------------------    -------------------
    D9                                                0.000     0.000 f  btn_rst
                         net (fo=0)                   0.000     0.000    btn_rst
    D9                   IBUF (Prop_ibuf_I_O)         1.467     1.467 f  btn_rst_IBUF_inst/O
                         net (fo=25, routed)          2.811     4.278    u_clk_gen/btn_rst_IBUF
    SLICE_X32Y127        LUT2 (Prop_lut2_I0_O)        0.152     4.430 f  u_clk_gen/ap_enable_reg_pp0_iter2_i_1/O
                         net (fo=130, routed)         4.652     9.082    u_tx/rst
    SLICE_X62Y79         LUT4 (Prop_lut4_I3_O)        0.326     9.408 r  u_tx/shift_reg[7]_i_1__0/O
                         net (fo=8, routed)           0.880    10.288    u_tx/shift_reg[7]_i_1__0_n_0
    SLICE_X61Y69         FDRE                                         r  u_tx/shift_reg_reg[1]/CE
  -------------------------------------------------------------------    -------------------

                         (clock clk_out20_unbuf rise edge)
                                                      0.000     0.000 r  <hidden>
    E3                                                0.000     0.000 r  clk_pin100
                         net (fo=0)                   0.000     0.000    clk_pin100
    E3                   IBUF (Prop_ibuf_I_O)         1.418     1.418 r  clk_pin100_IBUF_inst/O
                         net (fo=1, routed)           1.162     2.580    u_clk_gen/clk_in100
    MMCME2_ADV_X1Y1      MMCME2_ADV (Prop_mmcme2_adv_CLKIN1_CLKOUT0)
                                                      0.083     2.663 r  u_clk_gen/u_mmcm/CLKOUT0
                         net (fo=1, routed)           1.581     4.244    u_clk_gen/clk_out20_unbuf
    BUFGCTRL_X0Y16       BUFG (Prop_bufg_I_O)         0.091     4.335 r  u_clk_gen/u_bufg/O
                         net (fo=7758, routed)        1.494     5.829    u_tx/clk_out20
    SLICE_X61Y69         FDRE                                         r  u_tx/shift_reg_reg[1]/C

Slack:                    inf
  Source:                 btn_rst
                            (input port)
  Destination:            u_tx/shift_reg_reg[2]/CE
                            (rising edge-triggered cell FDRE clocked by clk_out20_unbuf  {rise@0.000ns fall@25.000ns period=50.000ns})
  Path Group:             (none)
  Path Type:              Setup (Max at Slow Process Corner)
  Data Path Delay:        10.288ns  (logic 1.945ns (18.903%)  route 8.343ns (81.097%))
  Logic Levels:           3  (IBUF=1 LUT2=1 LUT4=1)
  Clock Path Skew:        5.829ns (DCD - SCD + CPR)
    Destination Clock Delay (DCD):    5.829ns
    Source Clock Delay      (SCD):    0.000ns
    Clock Pessimism Removal (CPR):    0.000ns
  Clock Uncertainty:      0.190ns  ((TSJ^2 + DJ^2)^1/2) / 2 + PE
    Total System Jitter     (TSJ):    0.050ns
    Discrete Jitter          (DJ):    0.175ns
    Phase Error              (PE):    0.099ns

    Location             Delay type                Incr(ns)  Path(ns)    Netlist Resource(s)
  -------------------------------------------------------------------    -------------------
    D9                                                0.000     0.000 f  btn_rst
                         net (fo=0)                   0.000     0.000    btn_rst
    D9                   IBUF (Prop_ibuf_I_O)         1.467     1.467 f  btn_rst_IBUF_inst/O
                         net (fo=25, routed)          2.811     4.278    u_clk_gen/btn_rst_IBUF
    SLICE_X32Y127        LUT2 (Prop_lut2_I0_O)        0.152     4.430 f  u_clk_gen/ap_enable_reg_pp0_iter2_i_1/O
                         net (fo=130, routed)         4.652     9.082    u_tx/rst
    SLICE_X62Y79         LUT4 (Prop_lut4_I3_O)        0.326     9.408 r  u_tx/shift_reg[7]_i_1__0/O
                         net (fo=8, routed)           0.880    10.288    u_tx/shift_reg[7]_i_1__0_n_0
    SLICE_X61Y69         FDRE                                         r  u_tx/shift_reg_reg[2]/CE
  -------------------------------------------------------------------    -------------------

                         (clock clk_out20_unbuf rise edge)
                                                      0.000     0.000 r  <hidden>
    E3                                                0.000     0.000 r  clk_pin100
                         net (fo=0)                   0.000     0.000    clk_pin100
    E3                   IBUF (Prop_ibuf_I_O)         1.418     1.418 r  clk_pin100_IBUF_inst/O
                         net (fo=1, routed)           1.162     2.580    u_clk_gen/clk_in100
    MMCME2_ADV_X1Y1      MMCME2_ADV (Prop_mmcme2_adv_CLKIN1_CLKOUT0)
                                                      0.083     2.663 r  u_clk_gen/u_mmcm/CLKOUT0
                         net (fo=1, routed)           1.581     4.244    u_clk_gen/clk_out20_unbuf
    BUFGCTRL_X0Y16       BUFG (Prop_bufg_I_O)         0.091     4.335 r  u_clk_gen/u_bufg/O
                         net (fo=7758, routed)        1.494     5.829    u_tx/clk_out20
    SLICE_X61Y69         FDRE                                         r  u_tx/shift_reg_reg[2]/C

Slack:                    inf
  Source:                 btn_rst
                            (input port)
  Destination:            u_tx/shift_reg_reg[3]/CE
                            (rising edge-triggered cell FDRE clocked by clk_out20_unbuf  {rise@0.000ns fall@25.000ns period=50.000ns})
  Path Group:             (none)
  Path Type:              Setup (Max at Slow Process Corner)
  Data Path Delay:        10.288ns  (logic 1.945ns (18.903%)  route 8.343ns (81.097%))
  Logic Levels:           3  (IBUF=1 LUT2=1 LUT4=1)
  Clock Path Skew:        5.829ns (DCD - SCD + CPR)
    Destination Clock Delay (DCD):    5.829ns
    Source Clock Delay      (SCD):    0.000ns
    Clock Pessimism Removal (CPR):    0.000ns
  Clock Uncertainty:      0.190ns  ((TSJ^2 + DJ^2)^1/2) / 2 + PE
    Total System Jitter     (TSJ):    0.050ns
    Discrete Jitter          (DJ):    0.175ns
    Phase Error              (PE):    0.099ns

    Location             Delay type                Incr(ns)  Path(ns)    Netlist Resource(s)
  -------------------------------------------------------------------    -------------------
    D9                                                0.000     0.000 f  btn_rst
                         net (fo=0)                   0.000     0.000    btn_rst
    D9                   IBUF (Prop_ibuf_I_O)         1.467     1.467 f  btn_rst_IBUF_inst/O
                         net (fo=25, routed)          2.811     4.278    u_clk_gen/btn_rst_IBUF
    SLICE_X32Y127        LUT2 (Prop_lut2_I0_O)        0.152     4.430 f  u_clk_gen/ap_enable_reg_pp0_iter2_i_1/O
                         net (fo=130, routed)         4.652     9.082    u_tx/rst
    SLICE_X62Y79         LUT4 (Prop_lut4_I3_O)        0.326     9.408 r  u_tx/shift_reg[7]_i_1__0/O
                         net (fo=8, routed)           0.880    10.288    u_tx/shift_reg[7]_i_1__0_n_0
    SLICE_X61Y69         FDRE                                         r  u_tx/shift_reg_reg[3]/CE
  -------------------------------------------------------------------    -------------------

                         (clock clk_out20_unbuf rise edge)
                                                      0.000     0.000 r  <hidden>
    E3                                                0.000     0.000 r  clk_pin100
                         net (fo=0)                   0.000     0.000    clk_pin100
    E3                   IBUF (Prop_ibuf_I_O)         1.418     1.418 r  clk_pin100_IBUF_inst/O
                         net (fo=1, routed)           1.162     2.580    u_clk_gen/clk_in100
    MMCME2_ADV_X1Y1      MMCME2_ADV (Prop_mmcme2_adv_CLKIN1_CLKOUT0)
                                                      0.083     2.663 r  u_clk_gen/u_mmcm/CLKOUT0
                         net (fo=1, routed)           1.581     4.244    u_clk_gen/clk_out20_unbuf
    BUFGCTRL_X0Y16       BUFG (Prop_bufg_I_O)         0.091     4.335 r  u_clk_gen/u_bufg/O
                         net (fo=7758, routed)        1.494     5.829    u_tx/clk_out20
    SLICE_X61Y69         FDRE                                         r  u_tx/shift_reg_reg[3]/C

Slack:                    inf
  Source:                 btn_rst
                            (input port)
  Destination:            u_tx/shift_reg_reg[4]/CE
                            (rising edge-triggered cell FDRE clocked by clk_out20_unbuf  {rise@0.000ns fall@25.000ns period=50.000ns})
  Path Group:             (none)
  Path Type:              Setup (Max at Slow Process Corner)
  Data Path Delay:        10.275ns  (logic 1.945ns (18.927%)  route 8.331ns (81.073%))
  Logic Levels:           3  (IBUF=1 LUT2=1 LUT4=1)
  Clock Path Skew:        5.830ns (DCD - SCD + CPR)
    Destination Clock Delay (DCD):    5.830ns
    Source Clock Delay      (SCD):    0.000ns
    Clock Pessimism Removal (CPR):    0.000ns
  Clock Uncertainty:      0.190ns  ((TSJ^2 + DJ^2)^1/2) / 2 + PE
    Total System Jitter     (TSJ):    0.050ns
    Discrete Jitter          (DJ):    0.175ns
    Phase Error              (PE):    0.099ns

    Location             Delay type                Incr(ns)  Path(ns)    Netlist Resource(s)
  -------------------------------------------------------------------    -------------------
    D9                                                0.000     0.000 f  btn_rst
                         net (fo=0)                   0.000     0.000    btn_rst
    D9                   IBUF (Prop_ibuf_I_O)         1.467     1.467 f  btn_rst_IBUF_inst/O
                         net (fo=25, routed)          2.811     4.278    u_clk_gen/btn_rst_IBUF
    SLICE_X32Y127        LUT2 (Prop_lut2_I0_O)        0.152     4.430 f  u_clk_gen/ap_enable_reg_pp0_iter2_i_1/O
                         net (fo=130, routed)         4.652     9.082    u_tx/rst
    SLICE_X62Y79         LUT4 (Prop_lut4_I3_O)        0.326     9.408 r  u_tx/shift_reg[7]_i_1__0/O
                         net (fo=8, routed)           0.867    10.275    u_tx/shift_reg[7]_i_1__0_n_0
    SLICE_X63Y70         FDRE                                         r  u_tx/shift_reg_reg[4]/CE
  -------------------------------------------------------------------    -------------------

                         (clock clk_out20_unbuf rise edge)
                                                      0.000     0.000 r  <hidden>
    E3                                                0.000     0.000 r  clk_pin100
                         net (fo=0)                   0.000     0.000    clk_pin100
    E3                   IBUF (Prop_ibuf_I_O)         1.418     1.418 r  clk_pin100_IBUF_inst/O
                         net (fo=1, routed)           1.162     2.580    u_clk_gen/clk_in100
    MMCME2_ADV_X1Y1      MMCME2_ADV (Prop_mmcme2_adv_CLKIN1_CLKOUT0)
                                                      0.083     2.663 r  u_clk_gen/u_mmcm/CLKOUT0
                         net (fo=1, routed)           1.581     4.244    u_clk_gen/clk_out20_unbuf
    BUFGCTRL_X0Y16       BUFG (Prop_bufg_I_O)         0.091     4.335 r  u_clk_gen/u_bufg/O
                         net (fo=7758, routed)        1.495     5.830    u_tx/clk_out20
    SLICE_X63Y70         FDRE                                         r  u_tx/shift_reg_reg[4]/C

Slack:                    inf
  Source:                 btn_rst
                            (input port)
  Destination:            u_tx/shift_reg_reg[5]/CE
                            (rising edge-triggered cell FDRE clocked by clk_out20_unbuf  {rise@0.000ns fall@25.000ns period=50.000ns})
  Path Group:             (none)
  Path Type:              Setup (Max at Slow Process Corner)
  Data Path Delay:        10.275ns  (logic 1.945ns (18.927%)  route 8.331ns (81.073%))
  Logic Levels:           3  (IBUF=1 LUT2=1 LUT4=1)
  Clock Path Skew:        5.830ns (DCD - SCD + CPR)
    Destination Clock Delay (DCD):    5.830ns
    Source Clock Delay      (SCD):    0.000ns
    Clock Pessimism Removal (CPR):    0.000ns
  Clock Uncertainty:      0.190ns  ((TSJ^2 + DJ^2)^1/2) / 2 + PE
    Total System Jitter     (TSJ):    0.050ns
    Discrete Jitter          (DJ):    0.175ns
    Phase Error              (PE):    0.099ns

    Location             Delay type                Incr(ns)  Path(ns)    Netlist Resource(s)
  -------------------------------------------------------------------    -------------------
    D9                                                0.000     0.000 f  btn_rst
                         net (fo=0)                   0.000     0.000    btn_rst
    D9                   IBUF (Prop_ibuf_I_O)         1.467     1.467 f  btn_rst_IBUF_inst/O
                         net (fo=25, routed)          2.811     4.278    u_clk_gen/btn_rst_IBUF
    SLICE_X32Y127        LUT2 (Prop_lut2_I0_O)        0.152     4.430 f  u_clk_gen/ap_enable_reg_pp0_iter2_i_1/O
                         net (fo=130, routed)         4.652     9.082    u_tx/rst
    SLICE_X62Y79         LUT4 (Prop_lut4_I3_O)        0.326     9.408 r  u_tx/shift_reg[7]_i_1__0/O
                         net (fo=8, routed)           0.867    10.275    u_tx/shift_reg[7]_i_1__0_n_0
    SLICE_X63Y70         FDRE                                         r  u_tx/shift_reg_reg[5]/CE
  -------------------------------------------------------------------    -------------------

                         (clock clk_out20_unbuf rise edge)
                                                      0.000     0.000 r  <hidden>
    E3                                                0.000     0.000 r  clk_pin100
                         net (fo=0)                   0.000     0.000    clk_pin100
    E3                   IBUF (Prop_ibuf_I_O)         1.418     1.418 r  clk_pin100_IBUF_inst/O
                         net (fo=1, routed)           1.162     2.580    u_clk_gen/clk_in100
    MMCME2_ADV_X1Y1      MMCME2_ADV (Prop_mmcme2_adv_CLKIN1_CLKOUT0)
                                                      0.083     2.663 r  u_clk_gen/u_mmcm/CLKOUT0
                         net (fo=1, routed)           1.581     4.244    u_clk_gen/clk_out20_unbuf
    BUFGCTRL_X0Y16       BUFG (Prop_bufg_I_O)         0.091     4.335 r  u_clk_gen/u_bufg/O
                         net (fo=7758, routed)        1.495     5.830    u_tx/clk_out20
    SLICE_X63Y70         FDRE                                         r  u_tx/shift_reg_reg[5]/C

Slack:                    inf
  Source:                 btn_rst
                            (input port)
  Destination:            u_tx/shift_reg_reg[6]/CE
                            (rising edge-triggered cell FDRE clocked by clk_out20_unbuf  {rise@0.000ns fall@25.000ns period=50.000ns})
  Path Group:             (none)
  Path Type:              Setup (Max at Slow Process Corner)
  Data Path Delay:        10.275ns  (logic 1.945ns (18.927%)  route 8.331ns (81.073%))
  Logic Levels:           3  (IBUF=1 LUT2=1 LUT4=1)
  Clock Path Skew:        5.830ns (DCD - SCD + CPR)
    Destination Clock Delay (DCD):    5.830ns
    Source Clock Delay      (SCD):    0.000ns
    Clock Pessimism Removal (CPR):    0.000ns
  Clock Uncertainty:      0.190ns  ((TSJ^2 + DJ^2)^1/2) / 2 + PE
    Total System Jitter     (TSJ):    0.050ns
    Discrete Jitter          (DJ):    0.175ns
    Phase Error              (PE):    0.099ns

    Location             Delay type                Incr(ns)  Path(ns)    Netlist Resource(s)
  -------------------------------------------------------------------    -------------------
    D9                                                0.000     0.000 f  btn_rst
                         net (fo=0)                   0.000     0.000    btn_rst
    D9                   IBUF (Prop_ibuf_I_O)         1.467     1.467 f  btn_rst_IBUF_inst/O
                         net (fo=25, routed)          2.811     4.278    u_clk_gen/btn_rst_IBUF
    SLICE_X32Y127        LUT2 (Prop_lut2_I0_O)        0.152     4.430 f  u_clk_gen/ap_enable_reg_pp0_iter2_i_1/O
                         net (fo=130, routed)         4.652     9.082    u_tx/rst
    SLICE_X62Y79         LUT4 (Prop_lut4_I3_O)        0.326     9.408 r  u_tx/shift_reg[7]_i_1__0/O
                         net (fo=8, routed)           0.867    10.275    u_tx/shift_reg[7]_i_1__0_n_0
    SLICE_X63Y70         FDRE                                         r  u_tx/shift_reg_reg[6]/CE
  -------------------------------------------------------------------    -------------------

                         (clock clk_out20_unbuf rise edge)
                                                      0.000     0.000 r  <hidden>
    E3                                                0.000     0.000 r  clk_pin100
                         net (fo=0)                   0.000     0.000    clk_pin100
    E3                   IBUF (Prop_ibuf_I_O)         1.418     1.418 r  clk_pin100_IBUF_inst/O
                         net (fo=1, routed)           1.162     2.580    u_clk_gen/clk_in100
    MMCME2_ADV_X1Y1      MMCME2_ADV (Prop_mmcme2_adv_CLKIN1_CLKOUT0)
                                                      0.083     2.663 r  u_clk_gen/u_mmcm/CLKOUT0
                         net (fo=1, routed)           1.581     4.244    u_clk_gen/clk_out20_unbuf
    BUFGCTRL_X0Y16       BUFG (Prop_bufg_I_O)         0.091     4.335 r  u_clk_gen/u_bufg/O
                         net (fo=7758, routed)        1.495     5.830    u_tx/clk_out20
    SLICE_X63Y70         FDRE                                         r  u_tx/shift_reg_reg[6]/C

Slack:                    inf
  Source:                 btn_rst
                            (input port)
  Destination:            u_tx/shift_reg_reg[7]/CE
                            (rising edge-triggered cell FDRE clocked by clk_out20_unbuf  {rise@0.000ns fall@25.000ns period=50.000ns})
  Path Group:             (none)
  Path Type:              Setup (Max at Slow Process Corner)
  Data Path Delay:        10.275ns  (logic 1.945ns (18.927%)  route 8.331ns (81.073%))
  Logic Levels:           3  (IBUF=1 LUT2=1 LUT4=1)
  Clock Path Skew:        5.830ns (DCD - SCD + CPR)
    Destination Clock Delay (DCD):    5.830ns
    Source Clock Delay      (SCD):    0.000ns
    Clock Pessimism Removal (CPR):    0.000ns
  Clock Uncertainty:      0.190ns  ((TSJ^2 + DJ^2)^1/2) / 2 + PE
    Total System Jitter     (TSJ):    0.050ns
    Discrete Jitter          (DJ):    0.175ns
    Phase Error              (PE):    0.099ns

    Location             Delay type                Incr(ns)  Path(ns)    Netlist Resource(s)
  -------------------------------------------------------------------    -------------------
    D9                                                0.000     0.000 f  btn_rst
                         net (fo=0)                   0.000     0.000    btn_rst
    D9                   IBUF (Prop_ibuf_I_O)         1.467     1.467 f  btn_rst_IBUF_inst/O
                         net (fo=25, routed)          2.811     4.278    u_clk_gen/btn_rst_IBUF
    SLICE_X32Y127        LUT2 (Prop_lut2_I0_O)        0.152     4.430 f  u_clk_gen/ap_enable_reg_pp0_iter2_i_1/O
                         net (fo=130, routed)         4.652     9.082    u_tx/rst
    SLICE_X62Y79         LUT4 (Prop_lut4_I3_O)        0.326     9.408 r  u_tx/shift_reg[7]_i_1__0/O
                         net (fo=8, routed)           0.867    10.275    u_tx/shift_reg[7]_i_1__0_n_0
    SLICE_X63Y70         FDRE                                         r  u_tx/shift_reg_reg[7]/CE
  -------------------------------------------------------------------    -------------------

                         (clock clk_out20_unbuf rise edge)
                                                      0.000     0.000 r  <hidden>
    E3                                                0.000     0.000 r  clk_pin100
                         net (fo=0)                   0.000     0.000    clk_pin100
    E3                   IBUF (Prop_ibuf_I_O)         1.418     1.418 r  clk_pin100_IBUF_inst/O
                         net (fo=1, routed)           1.162     2.580    u_clk_gen/clk_in100
    MMCME2_ADV_X1Y1      MMCME2_ADV (Prop_mmcme2_adv_CLKIN1_CLKOUT0)
                                                      0.083     2.663 r  u_clk_gen/u_mmcm/CLKOUT0
                         net (fo=1, routed)           1.581     4.244    u_clk_gen/clk_out20_unbuf
    BUFGCTRL_X0Y16       BUFG (Prop_bufg_I_O)         0.091     4.335 r  u_clk_gen/u_bufg/O
                         net (fo=7758, routed)        1.495     5.830    u_tx/clk_out20
    SLICE_X63Y70         FDRE                                         r  u_tx/shift_reg_reg[7]/C





Min Delay Paths
--------------------------------------------------------------------------------------
Slack:                    inf
  Source:                 btn_rst
                            (input port)
  Destination:            u_rx/valid_reg/D
                            (rising edge-triggered cell FDRE clocked by clk_out20_unbuf  {rise@0.000ns fall@25.000ns period=50.000ns})
  Path Group:             (none)
  Path Type:              Hold (Min at Fast Process Corner)
  Data Path Delay:        0.982ns  (logic 0.280ns (28.500%)  route 0.702ns (71.500%))
  Logic Levels:           2  (IBUF=1 LUT4=1)
  Clock Path Skew:        2.452ns (DCD - SCD - CPR)
    Destination Clock Delay (DCD):    2.452ns
    Source Clock Delay      (SCD):    0.000ns
    Clock Pessimism Removal (CPR):    -0.000ns

    Location             Delay type                Incr(ns)  Path(ns)    Netlist Resource(s)
  -------------------------------------------------------------------    -------------------
    D9                                                0.000     0.000 f  btn_rst
                         net (fo=0)                   0.000     0.000    btn_rst
    D9                   IBUF (Prop_ibuf_I_O)         0.235     0.235 f  btn_rst_IBUF_inst/O
                         net (fo=25, routed)          0.702     0.937    u_rx/btn_rst_IBUF
    SLICE_X14Y139        LUT4 (Prop_lut4_I3_O)        0.045     0.982 r  u_rx/valid_i_1/O
                         net (fo=1, routed)           0.000     0.982    u_rx/valid_i_1_n_0
    SLICE_X14Y139        FDRE                                         r  u_rx/valid_reg/D
  -------------------------------------------------------------------    -------------------

                         (clock clk_out20_unbuf rise edge)
                                                      0.000     0.000 r  <hidden>
    E3                                                0.000     0.000 r  clk_pin100
                         net (fo=0)                   0.000     0.000    clk_pin100
    E3                   IBUF (Prop_ibuf_I_O)         0.445     0.445 r  clk_pin100_IBUF_inst/O
                         net (fo=1, routed)           0.480     0.925    u_clk_gen/clk_in100
    MMCME2_ADV_X1Y1      MMCME2_ADV (Prop_mmcme2_adv_CLKIN1_CLKOUT0)
                                                      0.053     0.978 r  u_clk_gen/u_mmcm/CLKOUT0
                         net (fo=1, routed)           0.530     1.507    u_clk_gen/clk_out20_unbuf
    BUFGCTRL_X0Y16       BUFG (Prop_bufg_I_O)         0.029     1.536 r  u_clk_gen/u_bufg/O
                         net (fo=7758, routed)        0.916     2.452    u_rx/clk_out20
    SLICE_X14Y139        FDRE                                         r  u_rx/valid_reg/C

Slack:                    inf
  Source:                 uart_rx_pin
                            (input port)
  Destination:            u_rx/rx_ff1_reg/D
                            (rising edge-triggered cell FDRE clocked by clk_out20_unbuf  {rise@0.000ns fall@25.000ns period=50.000ns})
  Path Group:             (none)
  Path Type:              Hold (Min at Fast Process Corner)
  Data Path Delay:        1.055ns  (logic 0.306ns (29.008%)  route 0.749ns (70.992%))
  Logic Levels:           1  (IBUF=1)
  Clock Path Skew:        2.453ns (DCD - SCD - CPR)
    Destination Clock Delay (DCD):    2.453ns
    Source Clock Delay      (SCD):    0.000ns
    Clock Pessimism Removal (CPR):    -0.000ns

    Location             Delay type                Incr(ns)  Path(ns)    Netlist Resource(s)
  -------------------------------------------------------------------    -------------------
    A9                                                0.000     0.000 r  uart_rx_pin
                         net (fo=0)                   0.000     0.000    uart_rx_pin
    A9                   IBUF (Prop_ibuf_I_O)         0.306     0.306 r  uart_rx_pin_IBUF_inst/O
                         net (fo=1, routed)           0.749     1.055    u_rx/uart_rx_pin_IBUF
    SLICE_X10Y139        FDRE                                         r  u_rx/rx_ff1_reg/D
  -------------------------------------------------------------------    -------------------

                         (clock clk_out20_unbuf rise edge)
                                                      0.000     0.000 r  <hidden>
    E3                                                0.000     0.000 r  clk_pin100
                         net (fo=0)                   0.000     0.000    clk_pin100
    E3                   IBUF (Prop_ibuf_I_O)         0.445     0.445 r  clk_pin100_IBUF_inst/O
                         net (fo=1, routed)           0.480     0.925    u_clk_gen/clk_in100
    MMCME2_ADV_X1Y1      MMCME2_ADV (Prop_mmcme2_adv_CLKIN1_CLKOUT0)
                                                      0.053     0.978 r  u_clk_gen/u_mmcm/CLKOUT0
                         net (fo=1, routed)           0.530     1.507    u_clk_gen/clk_out20_unbuf
    BUFGCTRL_X0Y16       BUFG (Prop_bufg_I_O)         0.029     1.536 r  u_clk_gen/u_bufg/O
                         net (fo=7758, routed)        0.917     2.453    u_rx/clk_out20
    SLICE_X10Y139        FDRE                                         r  u_rx/rx_ff1_reg/C

Slack:                    inf
  Source:                 btn_rst
                            (input port)
  Destination:            u_rx/data_reg[1]/CE
                            (rising edge-triggered cell FDRE clocked by clk_out20_unbuf  {rise@0.000ns fall@25.000ns period=50.000ns})
  Path Group:             (none)
  Path Type:              Hold (Min at Fast Process Corner)
  Data Path Delay:        1.180ns  (logic 0.278ns (23.549%)  route 0.902ns (76.451%))
  Logic Levels:           2  (IBUF=1 LUT4=1)
  Clock Path Skew:        2.453ns (DCD - SCD - CPR)
    Destination Clock Delay (DCD):    2.453ns
    Source Clock Delay      (SCD):    0.000ns
    Clock Pessimism Removal (CPR):    -0.000ns

    Location             Delay type                Incr(ns)  Path(ns)    Netlist Resource(s)
  -------------------------------------------------------------------    -------------------
    D9                                                0.000     0.000 f  btn_rst
                         net (fo=0)                   0.000     0.000    btn_rst
    D9                   IBUF (Prop_ibuf_I_O)         0.235     0.235 f  btn_rst_IBUF_inst/O
                         net (fo=25, routed)          0.778     1.013    u_rx/btn_rst_IBUF
    SLICE_X14Y139        LUT4 (Prop_lut4_I0_O)        0.043     1.056 r  u_rx/data[7]_i_1/O
                         net (fo=8, routed)           0.124     1.180    u_rx/data[7]_i_1_n_0
    SLICE_X14Y140        FDRE                                         r  u_rx/data_reg[1]/CE
  -------------------------------------------------------------------    -------------------

                         (clock clk_out20_unbuf rise edge)
                                                      0.000     0.000 r  <hidden>
    E3                                                0.000     0.000 r  clk_pin100
                         net (fo=0)                   0.000     0.000    clk_pin100
    E3                   IBUF (Prop_ibuf_I_O)         0.445     0.445 r  clk_pin100_IBUF_inst/O
                         net (fo=1, routed)           0.480     0.925    u_clk_gen/clk_in100
    MMCME2_ADV_X1Y1      MMCME2_ADV (Prop_mmcme2_adv_CLKIN1_CLKOUT0)
                                                      0.053     0.978 r  u_clk_gen/u_mmcm/CLKOUT0
                         net (fo=1, routed)           0.530     1.507    u_clk_gen/clk_out20_unbuf
    BUFGCTRL_X0Y16       BUFG (Prop_bufg_I_O)         0.029     1.536 r  u_clk_gen/u_bufg/O
                         net (fo=7758, routed)        0.917     2.453    u_rx/clk_out20
    SLICE_X14Y140        FDRE                                         r  u_rx/data_reg[1]/C

Slack:                    inf
  Source:                 btn_rst
                            (input port)
  Destination:            u_rx/data_reg[3]/CE
                            (rising edge-triggered cell FDRE clocked by clk_out20_unbuf  {rise@0.000ns fall@25.000ns period=50.000ns})
  Path Group:             (none)
  Path Type:              Hold (Min at Fast Process Corner)
  Data Path Delay:        1.180ns  (logic 0.278ns (23.549%)  route 0.902ns (76.451%))
  Logic Levels:           2  (IBUF=1 LUT4=1)
  Clock Path Skew:        2.453ns (DCD - SCD - CPR)
    Destination Clock Delay (DCD):    2.453ns
    Source Clock Delay      (SCD):    0.000ns
    Clock Pessimism Removal (CPR):    -0.000ns

    Location             Delay type                Incr(ns)  Path(ns)    Netlist Resource(s)
  -------------------------------------------------------------------    -------------------
    D9                                                0.000     0.000 f  btn_rst
                         net (fo=0)                   0.000     0.000    btn_rst
    D9                   IBUF (Prop_ibuf_I_O)         0.235     0.235 f  btn_rst_IBUF_inst/O
                         net (fo=25, routed)          0.778     1.013    u_rx/btn_rst_IBUF
    SLICE_X14Y139        LUT4 (Prop_lut4_I0_O)        0.043     1.056 r  u_rx/data[7]_i_1/O
                         net (fo=8, routed)           0.124     1.180    u_rx/data[7]_i_1_n_0
    SLICE_X14Y140        FDRE                                         r  u_rx/data_reg[3]/CE
  -------------------------------------------------------------------    -------------------

                         (clock clk_out20_unbuf rise edge)
                                                      0.000     0.000 r  <hidden>
    E3                                                0.000     0.000 r  clk_pin100
                         net (fo=0)                   0.000     0.000    clk_pin100
    E3                   IBUF (Prop_ibuf_I_O)         0.445     0.445 r  clk_pin100_IBUF_inst/O
                         net (fo=1, routed)           0.480     0.925    u_clk_gen/clk_in100
    MMCME2_ADV_X1Y1      MMCME2_ADV (Prop_mmcme2_adv_CLKIN1_CLKOUT0)
                                                      0.053     0.978 r  u_clk_gen/u_mmcm/CLKOUT0
                         net (fo=1, routed)           0.530     1.507    u_clk_gen/clk_out20_unbuf
    BUFGCTRL_X0Y16       BUFG (Prop_bufg_I_O)         0.029     1.536 r  u_clk_gen/u_bufg/O
                         net (fo=7758, routed)        0.917     2.453    u_rx/clk_out20
    SLICE_X14Y140        FDRE                                         r  u_rx/data_reg[3]/C

Slack:                    inf
  Source:                 btn_rst
                            (input port)
  Destination:            u_rx/data_reg[5]/CE
                            (rising edge-triggered cell FDRE clocked by clk_out20_unbuf  {rise@0.000ns fall@25.000ns period=50.000ns})
  Path Group:             (none)
  Path Type:              Hold (Min at Fast Process Corner)
  Data Path Delay:        1.180ns  (logic 0.278ns (23.549%)  route 0.902ns (76.451%))
  Logic Levels:           2  (IBUF=1 LUT4=1)
  Clock Path Skew:        2.453ns (DCD - SCD - CPR)
    Destination Clock Delay (DCD):    2.453ns
    Source Clock Delay      (SCD):    0.000ns
    Clock Pessimism Removal (CPR):    -0.000ns

    Location             Delay type                Incr(ns)  Path(ns)    Netlist Resource(s)
  -------------------------------------------------------------------    -------------------
    D9                                                0.000     0.000 f  btn_rst
                         net (fo=0)                   0.000     0.000    btn_rst
    D9                   IBUF (Prop_ibuf_I_O)         0.235     0.235 f  btn_rst_IBUF_inst/O
                         net (fo=25, routed)          0.778     1.013    u_rx/btn_rst_IBUF
    SLICE_X14Y139        LUT4 (Prop_lut4_I0_O)        0.043     1.056 r  u_rx/data[7]_i_1/O
                         net (fo=8, routed)           0.124     1.180    u_rx/data[7]_i_1_n_0
    SLICE_X14Y140        FDRE                                         r  u_rx/data_reg[5]/CE
  -------------------------------------------------------------------    -------------------

                         (clock clk_out20_unbuf rise edge)
                                                      0.000     0.000 r  <hidden>
    E3                                                0.000     0.000 r  clk_pin100
                         net (fo=0)                   0.000     0.000    clk_pin100
    E3                   IBUF (Prop_ibuf_I_O)         0.445     0.445 r  clk_pin100_IBUF_inst/O
                         net (fo=1, routed)           0.480     0.925    u_clk_gen/clk_in100
    MMCME2_ADV_X1Y1      MMCME2_ADV (Prop_mmcme2_adv_CLKIN1_CLKOUT0)
                                                      0.053     0.978 r  u_clk_gen/u_mmcm/CLKOUT0
                         net (fo=1, routed)           0.530     1.507    u_clk_gen/clk_out20_unbuf
    BUFGCTRL_X0Y16       BUFG (Prop_bufg_I_O)         0.029     1.536 r  u_clk_gen/u_bufg/O
                         net (fo=7758, routed)        0.917     2.453    u_rx/clk_out20
    SLICE_X14Y140        FDRE                                         r  u_rx/data_reg[5]/C

Slack:                    inf
  Source:                 btn_rst
                            (input port)
  Destination:            u_rx/data_reg[7]/CE
                            (rising edge-triggered cell FDRE clocked by clk_out20_unbuf  {rise@0.000ns fall@25.000ns period=50.000ns})
  Path Group:             (none)
  Path Type:              Hold (Min at Fast Process Corner)
  Data Path Delay:        1.180ns  (logic 0.278ns (23.549%)  route 0.902ns (76.451%))
  Logic Levels:           2  (IBUF=1 LUT4=1)
  Clock Path Skew:        2.453ns (DCD - SCD - CPR)
    Destination Clock Delay (DCD):    2.453ns
    Source Clock Delay      (SCD):    0.000ns
    Clock Pessimism Removal (CPR):    -0.000ns

    Location             Delay type                Incr(ns)  Path(ns)    Netlist Resource(s)
  -------------------------------------------------------------------    -------------------
    D9                                                0.000     0.000 f  btn_rst
                         net (fo=0)                   0.000     0.000    btn_rst
    D9                   IBUF (Prop_ibuf_I_O)         0.235     0.235 f  btn_rst_IBUF_inst/O
                         net (fo=25, routed)          0.778     1.013    u_rx/btn_rst_IBUF
    SLICE_X14Y139        LUT4 (Prop_lut4_I0_O)        0.043     1.056 r  u_rx/data[7]_i_1/O
                         net (fo=8, routed)           0.124     1.180    u_rx/data[7]_i_1_n_0
    SLICE_X14Y140        FDRE                                         r  u_rx/data_reg[7]/CE
  -------------------------------------------------------------------    -------------------

                         (clock clk_out20_unbuf rise edge)
                                                      0.000     0.000 r  <hidden>
    E3                                                0.000     0.000 r  clk_pin100
                         net (fo=0)                   0.000     0.000    clk_pin100
    E3                   IBUF (Prop_ibuf_I_O)         0.445     0.445 r  clk_pin100_IBUF_inst/O
                         net (fo=1, routed)           0.480     0.925    u_clk_gen/clk_in100
    MMCME2_ADV_X1Y1      MMCME2_ADV (Prop_mmcme2_adv_CLKIN1_CLKOUT0)
                                                      0.053     0.978 r  u_clk_gen/u_mmcm/CLKOUT0
                         net (fo=1, routed)           0.530     1.507    u_clk_gen/clk_out20_unbuf
    BUFGCTRL_X0Y16       BUFG (Prop_bufg_I_O)         0.029     1.536 r  u_clk_gen/u_bufg/O
                         net (fo=7758, routed)        0.917     2.453    u_rx/clk_out20
    SLICE_X14Y140        FDRE                                         r  u_rx/data_reg[7]/C

Slack:                    inf
  Source:                 btn_rst
                            (input port)
  Destination:            arg0_flat_reg[455]/CE
                            (rising edge-triggered cell FDRE clocked by clk_out20_unbuf  {rise@0.000ns fall@25.000ns period=50.000ns})
  Path Group:             (none)
  Path Type:              Hold (Min at Fast Process Corner)
  Data Path Delay:        1.221ns  (logic 0.280ns (22.921%)  route 0.941ns (77.079%))
  Logic Levels:           2  (IBUF=1 LUT6=1)
  Clock Path Skew:        2.446ns (DCD - SCD - CPR)
    Destination Clock Delay (DCD):    2.446ns
    Source Clock Delay      (SCD):    0.000ns
    Clock Pessimism Removal (CPR):    -0.000ns

    Location             Delay type                Incr(ns)  Path(ns)    Netlist Resource(s)
  -------------------------------------------------------------------    -------------------
    D9                                                0.000     0.000 f  btn_rst
                         net (fo=0)                   0.000     0.000    btn_rst
    D9                   IBUF (Prop_ibuf_I_O)         0.235     0.235 f  btn_rst_IBUF_inst/O
                         net (fo=25, routed)          0.774     1.008    u_rx/btn_rst_IBUF
    SLICE_X31Y137        LUT6 (Prop_lut6_I3_O)        0.045     1.053 r  u_rx/arg0_flat[479]_i_2/O
                         net (fo=32, routed)          0.167     1.221    arg0_flat0_out[479]
    SLICE_X31Y137        FDRE                                         r  arg0_flat_reg[455]/CE
  -------------------------------------------------------------------    -------------------

                         (clock clk_out20_unbuf rise edge)
                                                      0.000     0.000 r  <hidden>
    E3                                                0.000     0.000 r  clk_pin100
                         net (fo=0)                   0.000     0.000    clk_pin100
    E3                   IBUF (Prop_ibuf_I_O)         0.445     0.445 r  clk_pin100_IBUF_inst/O
                         net (fo=1, routed)           0.480     0.925    u_clk_gen/clk_in100
    MMCME2_ADV_X1Y1      MMCME2_ADV (Prop_mmcme2_adv_CLKIN1_CLKOUT0)
                                                      0.053     0.978 r  u_clk_gen/u_mmcm/CLKOUT0
                         net (fo=1, routed)           0.530     1.507    u_clk_gen/clk_out20_unbuf
    BUFGCTRL_X0Y16       BUFG (Prop_bufg_I_O)         0.029     1.536 r  u_clk_gen/u_bufg/O
                         net (fo=7758, routed)        0.910     2.446    clk
    SLICE_X31Y137        FDRE                                         r  arg0_flat_reg[455]/C

Slack:                    inf
  Source:                 btn_rst
                            (input port)
  Destination:            arg0_flat_reg[468]/CE
                            (rising edge-triggered cell FDRE clocked by clk_out20_unbuf  {rise@0.000ns fall@25.000ns period=50.000ns})
  Path Group:             (none)
  Path Type:              Hold (Min at Fast Process Corner)
  Data Path Delay:        1.221ns  (logic 0.280ns (22.921%)  route 0.941ns (77.079%))
  Logic Levels:           2  (IBUF=1 LUT6=1)
  Clock Path Skew:        2.446ns (DCD - SCD - CPR)
    Destination Clock Delay (DCD):    2.446ns
    Source Clock Delay      (SCD):    0.000ns
    Clock Pessimism Removal (CPR):    -0.000ns

    Location             Delay type                Incr(ns)  Path(ns)    Netlist Resource(s)
  -------------------------------------------------------------------    -------------------
    D9                                                0.000     0.000 f  btn_rst
                         net (fo=0)                   0.000     0.000    btn_rst
    D9                   IBUF (Prop_ibuf_I_O)         0.235     0.235 f  btn_rst_IBUF_inst/O
                         net (fo=25, routed)          0.774     1.008    u_rx/btn_rst_IBUF
    SLICE_X31Y137        LUT6 (Prop_lut6_I3_O)        0.045     1.053 r  u_rx/arg0_flat[479]_i_2/O
                         net (fo=32, routed)          0.167     1.221    arg0_flat0_out[479]
    SLICE_X31Y137        FDRE                                         r  arg0_flat_reg[468]/CE
  -------------------------------------------------------------------    -------------------

                         (clock clk_out20_unbuf rise edge)
                                                      0.000     0.000 r  <hidden>
    E3                                                0.000     0.000 r  clk_pin100
                         net (fo=0)                   0.000     0.000    clk_pin100
    E3                   IBUF (Prop_ibuf_I_O)         0.445     0.445 r  clk_pin100_IBUF_inst/O
                         net (fo=1, routed)           0.480     0.925    u_clk_gen/clk_in100
    MMCME2_ADV_X1Y1      MMCME2_ADV (Prop_mmcme2_adv_CLKIN1_CLKOUT0)
                                                      0.053     0.978 r  u_clk_gen/u_mmcm/CLKOUT0
                         net (fo=1, routed)           0.530     1.507    u_clk_gen/clk_out20_unbuf
    BUFGCTRL_X0Y16       BUFG (Prop_bufg_I_O)         0.029     1.536 r  u_clk_gen/u_bufg/O
                         net (fo=7758, routed)        0.910     2.446    clk
    SLICE_X31Y137        FDRE                                         r  arg0_flat_reg[468]/C

Slack:                    inf
  Source:                 btn_rst
                            (input port)
  Destination:            u_rx/data_reg[0]/CE
                            (rising edge-triggered cell FDRE clocked by clk_out20_unbuf  {rise@0.000ns fall@25.000ns period=50.000ns})
  Path Group:             (none)
  Path Type:              Hold (Min at Fast Process Corner)
  Data Path Delay:        1.239ns  (logic 0.278ns (22.427%)  route 0.961ns (77.573%))
  Logic Levels:           2  (IBUF=1 LUT4=1)
  Clock Path Skew:        2.453ns (DCD - SCD - CPR)
    Destination Clock Delay (DCD):    2.453ns
    Source Clock Delay      (SCD):    0.000ns
    Clock Pessimism Removal (CPR):    -0.000ns

    Location             Delay type                Incr(ns)  Path(ns)    Netlist Resource(s)
  -------------------------------------------------------------------    -------------------
    D9                                                0.000     0.000 f  btn_rst
                         net (fo=0)                   0.000     0.000    btn_rst
    D9                   IBUF (Prop_ibuf_I_O)         0.235     0.235 f  btn_rst_IBUF_inst/O
                         net (fo=25, routed)          0.778     1.013    u_rx/btn_rst_IBUF
    SLICE_X14Y139        LUT4 (Prop_lut4_I0_O)        0.043     1.056 r  u_rx/data[7]_i_1/O
                         net (fo=8, routed)           0.183     1.239    u_rx/data[7]_i_1_n_0
    SLICE_X14Y142        FDRE                                         r  u_rx/data_reg[0]/CE
  -------------------------------------------------------------------    -------------------

                         (clock clk_out20_unbuf rise edge)
                                                      0.000     0.000 r  <hidden>
    E3                                                0.000     0.000 r  clk_pin100
                         net (fo=0)                   0.000     0.000    clk_pin100
    E3                   IBUF (Prop_ibuf_I_O)         0.445     0.445 r  clk_pin100_IBUF_inst/O
                         net (fo=1, routed)           0.480     0.925    u_clk_gen/clk_in100
    MMCME2_ADV_X1Y1      MMCME2_ADV (Prop_mmcme2_adv_CLKIN1_CLKOUT0)
                                                      0.053     0.978 r  u_clk_gen/u_mmcm/CLKOUT0
                         net (fo=1, routed)           0.530     1.507    u_clk_gen/clk_out20_unbuf
    BUFGCTRL_X0Y16       BUFG (Prop_bufg_I_O)         0.029     1.536 r  u_clk_gen/u_bufg/O
                         net (fo=7758, routed)        0.917     2.453    u_rx/clk_out20
    SLICE_X14Y142        FDRE                                         r  u_rx/data_reg[0]/C

Slack:                    inf
  Source:                 btn_rst
                            (input port)
  Destination:            u_rx/data_reg[2]/CE
                            (rising edge-triggered cell FDRE clocked by clk_out20_unbuf  {rise@0.000ns fall@25.000ns period=50.000ns})
  Path Group:             (none)
  Path Type:              Hold (Min at Fast Process Corner)
  Data Path Delay:        1.239ns  (logic 0.278ns (22.427%)  route 0.961ns (77.573%))
  Logic Levels:           2  (IBUF=1 LUT4=1)
  Clock Path Skew:        2.453ns (DCD - SCD - CPR)
    Destination Clock Delay (DCD):    2.453ns
    Source Clock Delay      (SCD):    0.000ns
    Clock Pessimism Removal (CPR):    -0.000ns

    Location             Delay type                Incr(ns)  Path(ns)    Netlist Resource(s)
  -------------------------------------------------------------------    -------------------
    D9                                                0.000     0.000 f  btn_rst
                         net (fo=0)                   0.000     0.000    btn_rst
    D9                   IBUF (Prop_ibuf_I_O)         0.235     0.235 f  btn_rst_IBUF_inst/O
                         net (fo=25, routed)          0.778     1.013    u_rx/btn_rst_IBUF
    SLICE_X14Y139        LUT4 (Prop_lut4_I0_O)        0.043     1.056 r  u_rx/data[7]_i_1/O
                         net (fo=8, routed)           0.183     1.239    u_rx/data[7]_i_1_n_0
    SLICE_X14Y142        FDRE                                         r  u_rx/data_reg[2]/CE
  -------------------------------------------------------------------    -------------------

                         (clock clk_out20_unbuf rise edge)
                                                      0.000     0.000 r  <hidden>
    E3                                                0.000     0.000 r  clk_pin100
                         net (fo=0)                   0.000     0.000    clk_pin100
    E3                   IBUF (Prop_ibuf_I_O)         0.445     0.445 r  clk_pin100_IBUF_inst/O
                         net (fo=1, routed)           0.480     0.925    u_clk_gen/clk_in100
    MMCME2_ADV_X1Y1      MMCME2_ADV (Prop_mmcme2_adv_CLKIN1_CLKOUT0)
                                                      0.053     0.978 r  u_clk_gen/u_mmcm/CLKOUT0
                         net (fo=1, routed)           0.530     1.507    u_clk_gen/clk_out20_unbuf
    BUFGCTRL_X0Y16       BUFG (Prop_bufg_I_O)         0.029     1.536 r  u_clk_gen/u_bufg/O
                         net (fo=7758, routed)        0.917     2.453    u_rx/clk_out20
    SLICE_X14Y142        FDRE                                         r  u_rx/data_reg[2]/C





